:ohayougozaimasu@.:,17496
ğŸ‘,13178
:igyo@.:,11945
:ablobcatfloofpat@.:,9567
:ablobgoodnightreverse@.:,4168
:ohayou@.:,4087
:wakaru@.:,3828
ğŸ‰,3508
â¤,2950
:tiken@.:,2669
:otukaresama@.:,2609
:erait@.:,2596
:watakushidattesoudesuwa@.:,2509
:wakarimi@.:,2502
:supertada@.:,2173
:blobcatdroolreach@.:,2086
:blobhai@.:,2080
:blobcozynap@.:,2046
â­•,2019
:kawaiii@.:,1978
:nekochan@.:,1954
:yattare@.:,1915
:iizo@.:,1865
:sore@.:,1864
:is_all_scam@.:,1799
:kowaihanashi@.:,1591
:kamo@.:,1558
ğŸ˜®,1415
:sugoi@.:,1294
:resonyance@.:,1294
:iihanashi@.:,1284
:youkoso@.:,1280
:ablobcatreachflip@.:,1279
ğŸ˜‡,1232
:bed_oide@.:,1129
:kusa@.:,1084
:paimon_nomming@.:,1079
:tashikani@.:,1039
:aruaru@.:,1005
:ablobcatblinkhyper@.:,969
:naruhodo@.:,951
:ai_yay@.:,923
:jisseki_kaijyo@.:,894
:ganbare@.:,894
:hai@.:,887
:sorehasou@.:,852
:soudasouda@.:,842
ğŸ¤”,838
ğŸ˜†,827
:t_oishii@.:,788
:soukamo@.:,780
:sonokanouseiwaaru@.:,769
:inochinokiken@.:,768
:thinking_omurice@.:,763
:meowblue@.:,761
:ameownod@.:,731
:ablobhungry@.:,719
ğŸ¤¯,712
:blobcatcomfy@.:,687
:reaction_shooting@.:,687
:ablobcatnodmeltcry@.:,680
:ablobcathyper@.:,658
:blobcataww@.:,594
:ablobcatcryingcute@.:,590
:blobcatsweatflips@.:,581
:neyoune@.:,569
:ablobcatheadbangfastultra@.:,569
:eeyan@.:,566
:yattane@.:,556
ğŸ¥´,555
:miyano_yay@.:,548
:meowmeltcry@.:,526
:blob_hyper_nod@.:,526
:kawaiine@.:,519
:ablobcatsnowjoy@.:,516
:emergency@.:,515
:odaijini@.:,510
ğŸ®,509
:ablobcatcoffee@.:,505
:okaeri@.:,503
:souiutokimoaru@.:,503
:souiuhimoaru@.:,500
ğŸ˜¥,496
:tsuyoi@.:,494
:send_money@.:,484
:hou@.:,469
:meowcry@.:,445
:ii@.:,443
:oltu@.:,417
:ai_panic_misskeyio@.:,401
:maanantekoto@.:,396
:blob_bongo_cat_keyboard@.:,395
:ablobcall@.:,393
â­,391
:blobcatrainbow@.:,378
:mog@.:,377
:attaka_i@.:,367
:erojan@.:,367
:kanneiyahataseitetsusyo@.:,367
:desuyone@.:,366
:utsukushii@.:,362
:blobhyperbounce@.:,353
:blaze@.:,352
:daijyoubuda_mondainai@.:,351
:parrot_sorena@.:,351
:iihanashi_move@.:,351
:blob_super_nod@.:,347
:ifilter_misetehoshii@.:,346
:blob_hello@.:,343
:eeyan_2@.:,337
ğŸ‘€,335
:sugoihanashi@.:,335
:eyes_fidgeting@.:,335
:yoito_omoimasu@.:,334
:wakarimiga_fukasugiru@.:,326
:eyes_blink@.:,323
:blobcatmeltlove@.:,320
ğŸ˜­,315
:otoku@.:,311
ğŸ¥°,311
:notlikemiya@.:,306
:murishinaide@.:,306
:blobcatheartbongo@.:,305
:sonnakotonai@.:,304
:yasai_seikatsu@.:,288
:comfyyes@.:,279
:anataima_chinkotte_iimashitane@.:,278
:ablobaww@.:,275
:saikou@.:,272
:kakkoii@.:,272
â‰,270
:souomou@.:,268
:thinkhappy@.:,268
:blobcat_frustration@.:,263
:ablobblewobble@.:,262
:gomamayo@.:,262
:anataima_unkotte_iimashitane@.:,257
:today_break@.:,255
:blobfoxsignyes@.:,254
:ainers_misskeyio@.:,254
:daizyoubu_kakujikkennsuru@.:,254
:hoshii@.:,249
ğŸª,247
:koresuki@.:,244
â˜•,242
:honmaka@.:,239
:misskey@.:,238
:ai_embarrassed_misskeyio@.:,237
:hidoihanashi@.:,233
:yasashii_sekai@.:,233
:majisuka@.:,232
:abunhdhappyhop@.:,232
:naruhodofes@.:,232
:iie@.:,231
:kinisunna@.:,230
:bap@.:,229
:ohayougozaimasen@.:,228
:hayasugite_mienai@.:,223
:tensai@.:,220
:oh@.:,212
ğŸš,212
:sleeping_ai@.:,211
:bedroom_gyudon@.:,207
:okaerinasaimase@.:,207
:desyo@.:,207
:ablobwobroll@.:,203
:kaisen@.:,202
:sadblob@.:,202
:ultrafastparrot@.:,200
:blobcatcofesip@.:,196
:genbaneko_yoshi@.:,196
:static_polarbear@.:,195
ğŸ’¢,194
:nachoneko_hyper@.:,193
ğŸ£,192
:blobthumbsup@.:,192
:ore@.:,190
:okometabenasai@.:,189
:aliexpress_mistranslation@.:,188
:meowSleeping@.:,188
ğŸ™Œ,183
:konni_tiha@.:,181
:arigunyatogonyainyasu@.:,181
:muzukashiihanashi@.:,181
:isshoni_kakujikken_shiyo@.:,181
:arigatofes@.:,180
:5000chouen_hoshii@.:,180
:eltu@.:,179
:explosion@.:,177
:blobcat_woozy@.:,175
:petthex_nullcat@.:,173
:nazo@.:,173
:blobcatawwpat@.:,173
:kakujikkensuruzo@.:,171
:blobtoofast@.:,169
:polarbear_hayasugi@.:,168
:a@.:,168
:wakaranai@.:,166
:tapioca_natadecoco_ramen@.:,165
:nekobounce@.:,165
:aru@.:,162
:tasukarufes@.:,159
:arama@.:,157
:kakujikkenn_shippaishita@.:,156
:_ne@.:,155
ğŸœ,154
:ittare@.:,154
:power_txt@.:,154
:yabaiwayo@.:,151
:kawaii@.:,151
:henpin@.:,150
:galtu@.:,150
:nanka_sugosou@.:,147
:test@.:,140
:ohayo@misskey.life:,139
:yabaidesuwa@.:,139
:sounanda@.:,139
:miyano_trippin@.:,138
:ohayougozaimasu@fedibird.com:,138
:arigatougozaimasu@.:,138
:ablobdj@.:,137
:eti@.:,136
:daijoubu_ask@.:,133
:334@.:,132
:makotoniossharutooridesuwa@.:,132
:missririca@.:,131
:doltu@.:,131
:yametare@.:,130
:chasmo@.:,129
:genbaneko@.:,129
:nekojan@.:,128
:suki@.:,128
:dare@.:,126
:woozytoocold@.:,125
ğŸ•,124
:misskey2022@.:,123
:souiukoto@.:,122
:ameowbongo@.:,118
:konbanha@.:,117
:chinchin@.:,117
:petthex_syuilo@.:,117
:sonnakotoarunda@.:,116
:twinsparrot@.:,116
ğŸ¥,115
:blobkotatsu@.:,113
:t_wakarimitaro@.:,112
:polarbear_fire@.:,111
ğŸµ,111
:woozy_sob@.:,111
:static_polarbear@msky.crawling-with-love.com:,110
:ablobhype@.:,110
â,110
:meowhuggies@.:,110
:kowai@.:,109
:onikutabenasai@.:,109
:oyurushikudasai@.:,108
ğŸ¥•,107
ğŸ€,107
:soumitai@.:,107
:5000t_death@.:,107
:ota@.:,106
:desuwayo@.:,106
:poop_vomiting_saurus_animation@.:,106
:hanshin@.:,106
ğŸ’š,105
:angry_shibe@.:,105
:omedetou@.:,105
:ablobsmilehappy@.:,104
:ai_9597@.:,104
ğŸ’¯,103
:blobcatphoto@.:,102
:tokuni_omae@.:,101
:ablobcatfloofpat@msky.crawling-with-love.com:,99
:ablob_spinfast@.:,97
:docchimo@.:,97
:mochimochi@.:,97
:gomenne@.:,96
:nero@.:,96
:ablobcatfloofpat@honi.club:,95
:static_polarbear_inverted@.:,94
:imasugu@.:,94
:unchi_gebo_saurus@.:,94
:kuttare@.:,93
:twitter@.:,92
:mirei_9597@.:,91
:blobcatstretchbottom@.:,91
:soreijouwa_ikenai@.:,91
:gomamayo@honi.club:,90
:meowflower@.:,89
ğŸ¥¶,89
:akugyo@.:,89
:io@.:,89
ğŸ˜‹,88
:ai_bonk@.:,88
:custom_emoji@.:,88
:smiling_ai@.:,88
:blobeating_ehoumaki@.:,87
:meowgreen@.:,87
:ggrks_search@.:,87
:static_polarbear@honi.club:,87
:oshii@.:,87
:icon_syuilo@.:,86
ğŸµ,86
â™¨,86
:senko_stop@.:,86
:ojiichan@.:,86
:gyoi@.:,85
:nanmowakaran@.:,85
:shikei@.:,84
:iikotoiu@.:,84
:cool_doggo@.:,84
:oherb_haemasuwa@.:,83
:petthex_murakamisan@.:,83
:kami@.:,83
:nemudaru_tofu@.:,83
:blobcattea@.:,83
:chigau_soujanai@.:,82
:mama@.:,82
:negi@.:,81
:hyper_vibecat@.:,81
:icon_goma@.:,81
ğŸ»,80
:chanto_tabero@.:,80
ğŸ†—,79
:thinking_rotate@.:,79
:gattsurishioramen@.:,78
ğŸ« ,78
:honmaya@.:,78
:jyoukyusya_muke@.:,78
:majikayo@.:,78
ğŸ¥©,77
:watashi@.:,77
:naruhodo_wakaran@.:,76
:curry_pudding@.:,75
:sonohassouha_nakatta@.:,75
:hayai@.:,75
:dog_smile@.:,75
:akko_lewd@.:,75
:static_polarbear@beta.romneko.net:,74
:blobcat_MUDAMUDAMUDA@.:,74
ğŸ›,74
:blobcatconfounded@.:,74
:sokoni_nakereba_naidesune@.:,74
ğŸ¶,74
ğŸ‘,72
:mcdonalds@.:,72
ğŸ‘,72
:ee@.:,72
:chika_bonk@.:,71
:wakarikake@.:,71
:nandato@.:,71
:mayonnaisekaketeagemashoune@.:,71
:petthex_c30@.:,70
ğŸ,69
:thinknyan@.:,69
:blobooohai@.:,69
:zenbu@.:,69
:fakenews@.:,68
:meowAwauu@.:,67
âœ‚,67
:nombread@.:,67
ğŸ¥º,67
:emergency@msky.crawling-with-love.com:,66
:chottonaniitterukawanannai@.:,66
:wakaru@misskey.m544.net:,66
ğŸ¤,66
:biglove_nullcatchan@.:,65
:hamburger_petthex@.:,65
:bunhdlurkaww@.:,65
:yorosiku_onegai@.:,65
:nai@.:,65
:polarbearwarping@.:,64
:jigatiisasugitemienai@.:,64
:jinsei@.:,63
:blebcat@.:,63
:t_ofuton@.:,63
:wakaru@fedibird.com:,62
:blobopenmouth@msk.ilnk.info:,62
:ai_acid_misskeyio@.:,62
:tanoshisou@.:,62
â“,62
:sonnamonoarunda@.:,62
:tetsugaku@.:,62
:dokozumi_tekamisskey_yatteru@.:,61
ğŸ,61
:ablobcatphotobomb@.:,61
:waruihanasi@.:,60
ğŸ’¸,60
:ramen_pudding@.:,60
:polarbear@.:,59
:dame@.:,59
:blobcatreachmelt@.:,59
:ssr_faildtoloadimage@.:,58
:petthex_mattyatea@.:,58
:ai_smile_misskeyio@.:,58
ğŸ’ª,57
:tanoshii@.:,57
ğŸ°,56
:t_tsuratan@.:,56
:blobbroken@.:,55
:deltu@.:,55
:chikara_power@.:,55
ğŸˆ,55
:575@.:,55
:half_closed_eyes_woozy@.:,55
:erajan@.:,55
:pet_the_angel@.:,55
:ai_late_misskeyio@.:,54
:blobgamer@.:,54
:emoji_too_much@.:,54
:meowFingerGuns@.:,54
:senko_lewd@.:,54
:score_65535@.:,54
ğŸ’œ,53
:blobcatstretchmiddle@.:,53
:nigete@.:,53
ğŸ‰,53
:ablobcatsweatsip@.:,53
:igyo@fedibird.com:,53
ğŸ,53
:ehehe@.:,53
:ariyorinoari@.:,52
:hitori_bye_bye@.:,52
:ablobcatwhackyfast@.:,52
:unconstitutionality@.:,52
:agoogleoctopus@.:,51
:blobcatuwu@.:,51
:cyber_hacking@.:,51
:chicken_roll@.:,51
:paimon_surprised@.:,51
ğŸ…,51
:matareyo@.:,51
:shirete_erai@.:,51
:mikadoninjin@.:,51
:mou3jidashi_daisanjittekanji@.:,51
:ossan@.:,51
:shou@.:,51
:surprised_ai@.:,50
:give_money@.:,50
ğŸŒ†,49
:bunhd_sleep@.:,49
:loading@.:,49
:sodane@.:,49
:bunhdhyperbounce@.:,49
:nanu@.:,49
:odayakajya_naiwane@.:,49
:ablobdundundun@.:,49
:ablobcatfloofpat@mk.shrimpia.network:,48
:paimon_sleepy@.:,48
:nullpointerexception@.:,48
:meijitsutomonitaikin@.:,48
:menharayippie@.:,47
:burublobhyperthink@.:,47
:hentai_laminated@.:,47
:meowmelt@.:,47
:syuilo@.:,47
:seyana@.:,47
:bluebird_frozen@.:,47
:_a@.:,46
:sukebe@.:,46
:watakushiha_soudeha_arimasenwa@.:,46
:petthex_muyuhira@.:,46
:smiling_face_with_a_lot_of_hearts@.:,46
:pan_jan@.:,46
:senkolewd@.:,45
ğŸ¤,45
:souhanaranyaro@.:,45
:banyanya@.:,45
:ojousama@.:,45
ğŸ†,45
:arigato@.:,45
:kakujikken_shitayo@.:,45
:karakarauo@.:,45
ğŸ§Š,44
:foxjump@.:,44
:blob_goggling@.:,44
:kirbydancing@.:,44
:eroit@.:,44
:fact@.:,44
:soremiryoku@.:,44
:sekiro_death@.:,44
:kore@.:,44
:verifiedsabakan@.:,43
:blobcatdroolreach@misskey.m544.net:,43
:nyanners@.:,43
:kiaide_nantoka_shiro@.:,43
:java_dl@.:,43
:wakaiseyo@.:,43
:blank@.:,43
:supiritasu_irete_agemashoune@.:,43
:leechunhee@.:,42
â„,42
:blobsnowball2@.:,42
:char_nachoneko_baa@.:,42
:blobcatnomblobdoggo@.:,42
ğŸ¦€,42
:vs@.:,42
:omae@.:,42
:sinngikyohi@.:,42
â˜€,42
:kanneiyahataseitetsusyo@honi.club:,42
:nacho_colors@.:,42
:nyanners_hyper@.:,42
âœ¨,42
ğŸ˜‚,41
:nacho_cry@.:,41
:blobgo@.:,41
:pakupakudesuwa@.:,41
:fake@.:,41
:revbunhdsmug@.:,41
:kirasiteta@.:,41
ğŸŸ,41
ğŸ˜¢,41
:chikyuuheimensetsu@.:,41
:ayashii_nihongo@.:,41
:polarbear_fast@.:,40
:honi@.:,40
:meigen@.:,40
:paimon_surprised_quake@.:,40
ğŸ‘´,40
ğŸ¥›,39
:polarbear_crying@.:,39
:yabai@.:,39
âš™,39
:hokkaidou@.:,39
:ablobcatblink@.:,39
:nananana@.:,39
:paimon_peacefully@.:,38
:blobsleepless@.:,38
:souka@.:,38
:hitori_monster@.:,38
:rec@.:,38
:akan@.:,38
:milktea@.:,38
:anataima_unkotte_iimashitane@honi.club:,37
ğŸ™,37
ğŸ©,37
:long_pancakes_top@.:,37
:ablobcatfloofpat@fedibird.com:,37
:motto_yare@.:,37
:notlikenullcatchan@.:,37
:agooglehearts@.:,37
:blobgo@misskey.m544.net:,37
:emoit@.:,37
:trojan@.:,36
:ot_hyakusogan@.:,36
:love_nullcat@.:,36
:dekiru@.:,36
:ablobcatwave@.:,36
ğŸ”¥,36
:pizza@.:,36
:bunhd_happy@.:,36
:gurasleep@.:,36
:gachinko_battle@.:,36
:stat_sweets@.:,36
:wowowyeiyeiye@msk.ilnk.info:,35
ğŸ’©,35
:omoshiroi_hanashi@.:,35
:blobcatmeataww@.:,35
:5000en_hoshii@.:,35
:mastodon_oops@.:,35
:gyakudatta_kamo_shirenee@.:,35
ğŸ’Š,35
:blobcat_ok_sign@.:,35
â˜¢,34
:discord@.:,34
:blobcatphotobomb@.:,34
:do_it_yourself@.:,34
:bunhd_hop@.:,34
:kae@.:,34
:blobcatnoplease@.:,34
:kamo@misskey.omhnc.net:,33
:zutsuuga_itai@.:,33
ğŸ‘,33
:v_scode@.:,33
:nijisanji@.:,33
:konyanyachiwa@.:,33
:type_local@.:,33
ğŸ¥š,33
:golden_yagoo@.:,32
:erait@misskey.m544.net:,32
:ai_space_misskeyio@.:,32
:horoboshimashou@.:,32
:blobno@.:,32
:blobcat_mudamudamuda@.:,32
:petthex_syuilo_9597@.:,32
:gustafgaveyoumyheart@.:,32
:yabaidesukoto@.:,32
:akanyatsuya@.:,32
:senko_stop@honi.club:,31
:pat_n_y@yam.menac.at:,31
:blobcatartist@.:,31
:mikulove@.:,31
:o_wa@.:,31
:otsu@.:,31
:poop_vomiting_saurus_vomiting@.:,31
:polarbear_sdvx@.:,30
:ai_9597@shitpost.poridge.club:,30
:polarbear_tomarikake@.:,30
:tokipona@.:,30
ğŸ·,30
:son@.:,30
ğŸ˜¡,30
:meowPuffyHeadphones@.:,30
:omae_ga_tsukure@.:,30
:nanikore@.:,30
:yakinikunotare@.:,30
:marukame@.:,30
:poop_vomiting_saurus@.:,30
:blob_congaroll_bounce@.:,30
ğŸ¤£,30
ğŸ™,30
:win_computer@.:,30
:abunhdcry@.:,30
:mosa@.:,30
:blobyes@misskey.m544.net:,29
:realtek@.:,29
:kaikigenshou@.:,29
:ikasune@.:,29
:mou1ji_ichidaiji_ttekanji@.:,29
:warui_otona@.:,29
:chikaposinginhighspirits@.:,29
:ablobcatfloofpat@mk.f72u.net:,29
:kamo@honi.club:,29
:atsumori@.:,29
:t_piropiro@.:,29
:punch_left_fast@.:,29
:happymac@.:,29
:sasuga@.:,29
:bunhd_kagamimochi@.:,29
:dedeo@.:,28
:ifilter_misetehoshii@misskey.m544.net:,28
ğŸ˜”,28
:youtube@.:,28
:ablobmaracas@.:,28
:cloudflare@.:,28
:neovim@.:,28
:sasyuu@.:,28
:yareba_dekiru@.:,28
:issue@.:,28
:blobcatbigsob@.:,28
:altu@.:,28
:owo_hyper@.:,28
ğŸ†,27
:nattare@.:,27
ğŸ«,27
2âƒ£,27
ğŸ¥ª,27
:nnltu@.:,27
:nemuiwayo@.:,27
:neko_scp_040_jp_Ikr_4185_cc_by_sa_3_0@.:,27
:dosi_2@.:,27
:dosukebe@.:,27
:microsoft@.:,27
:polarbearbongocat@.:,27
:parrot_wave1@.:,27
:senko_stop@simkey.net:,27
:zako_heart@.:,27
ğŸŠ,27
ğŸ™„,26
:iihanashi_zh@.:,26
:polarbear@msky.crawling-with-love.com:,26
:aaaaaaaaaaaaaaaaaaaaaaaaa@.:,26
:taihen_imaokimashita@.:,26
ğŸŠ,26
:fruit_megamori_ynts@.:,26
:petthex_carotene@.:,26
:vivaldi@.:,26
:ultu@.:,26
:agooglehearts@misskey.omhnc.net:,26
:molcar@.:,26
:nervouscursor@.:,26
:nannmo_wakarannzu@.:,26
4âƒ£,26
:blobcatPhotobomb@.:,25
:surprised_ai@msk.ilnk.info:,25
:python@.:,25
:kawaiii@misskey.omhnc.net:,25
:otukaresama@fedibird.com:,25
:ablobgoodnightreverse@fedibird.com:,25
:ablobcatblinkhyper@misskey.sda1.net:,25
:wakuwaku@.:,25
:nainai@.:,25
:kawaii@submarin.online:,25
:senko_disgust@.:,25
:kiaide_nantoka_shita@.:,25
ğŸ†’,25
:harrypottertoniranomisoshiru@.:,25
:nantokanaru@.:,25
:blobcamera@.:,25
:kawaiii@fedibird.com:,25
:nyanchu@.:,25
:meijitsutomonityahan@.:,25
ğŸŒ,24
:static_polarbear@mk.shrimpia.network:,24
:kaltu@.:,24
:polarbear@honi.club:,24
:confidential_murakamisan@.:,24
:pudding_verified_misskey@.:,24
:syo_ga_nai@.:,24
:activitypub@.:,24
:bun@.:,24
:javascript_with_coffeecup@.:,24
:deno@.:,24
:tiltu@.:,24
:catblob_hug_blahaj@.:,24
:desho@.:,24
:blobhighfive@.:,24
:tehepero@.:,24
:kokokara_hagasu@.:,24
:daijoubu@.:,24
ğŸ“,24
:souiutoshigoro@.:,24
:sonnnano_iranai@.:,24
âš ,24
:vrchat@.:,24
:linux@.:,24
:tsumeta_i@.:,24
ğŸŒ‡,23
ğŸ’µ,23
:blobglassesdown@.:,23
:ai_sign_misskeyio@.:,23
:blobcatdroolreach@fedibird.com:,23
ğŸ’£,23
:iihanashi@fedibird.com:,23
:at_kobayashi@.:,23
:bochibochi_ikoune@.:,23
:steam@.:,23
:bitcoin@.:,23
:paimon_good@.:,23
ğŸ’¥,23
:arisou@.:,23
:duckdance@.:,23
:nyuuyoku_ha_igyou@.:,23
:radioactive@.:,22
ğŸ–•,22
ğŸ”ª,22
:monsterenergy@.:,22
:mofumofu@.:,22
:vim@.:,22
:igyo@nijimiss.moe:,22
:ososugite_mieppanashi@.:,22
ğŸ˜¨,22
:miyano_wild@.:,22
ğŸŒ ,22
:meowSurprised@.:,22
:shouganaihanashi@.:,22
:siropuyo_ohayou@mattyaski.co:,21
â›…,21
:guradance@.:,21
ğŸŸ¢,21
ğŸ¾,21
:tokushu@.:,21
:blobcmereyou@msky.crawling-with-love.com:,21
ğŸ—¼,21
:hololive@.:,21
â˜ ,21
:vrc@.:,21
:blobcatmeltnomblobcatmelt@.:,21
:blobcatthinking@.:,21
:blobcatpolicepeek@.:,21
:doya_ai@.:,21
:kuririn_sing@.:,21
:kannawhat@.:,21
:puddingified_verify@.:,21
:ablobcatfloofpat@mattyaski.co:,21
ğŸ˜„,21
:blobinlove@msk.ilnk.info:,21
:molcar_troubled@.:,21
ğŸ—»,21
:thinking_woozy@.:,21
:ai_blink@.:,21
:yoltu@.:,21
:zenbu_kae@.:,21
:misskey_pre_v0_0_5018@.:,20
:kimilsung@.:,20
âœ‹,20
ğŸš½,20
:yattare@fedibird.com:,20
:ablobcatfloofpat@kagamisskey.com:,20
:icon_long_mewlme_head@.:,20
:twitter_heart@.:,20
ğŸ£,20
ğŸ“º,20
:meowpats@.:,20
:kuririn_drive@.:,20
:doge@.:,20
â™¥,20
:kawaii@nijimiss.moe:,20
:blobcatstop@.:,20
:sad_nullcat@.:,20
:watashiga_tabeta@.:,20
ğŸ”,20
:ijo@.:,20
:duck_verified@.:,20
:kugyou@.:,20
:sonnakoto_itte_iinoka@.:,20
:sokoni_attemo_naidesune@.:,20
:ablobthinkingzerogravity@.:,20
ğŸ’¤,20
:ablobcatfloofpat@simkey.net:,20
:ippannno_gokatei@.:,20
:meowawauu@.:,20
:blobcataww@misskey.m544.net:,19
ğŸŸ©,19
:wowowyeiyeiye@sudo.mkdir.uk:,19
ğŸ˜,19
:cyberpunk2077@.:,19
:senko_stop@msky.crawling-with-love.com:,19
:ablobsmile@.:,19
:arigunyatogonyainyasu@honi.club:,19
:woozy_cute@.:,19
:icon_long_mewlme_chest@.:,19
:ai_tired_misskeyio@.:,19
:innocent_ai@.:,19
:kinsi_card@.:,19
ğŸ¦,19
:dosi_1@.:,19
:honi@honi.club:,19
:cri@.:,19
:04@.:,19
:shinanai_teidode@.:,19
:akaneshrug@.:,19
:petthex_blobcat_frustration@.:,19
:urayama@.:,19
:blobcat_huggies@mk.shrimpia.network:,18
:mazaidasa@.:,18
:t_oishiso@fedibird.com:,18
:hifumiblush@honi.club:,18
:windows_notepad@.:,18
âš¡,18
:kobayashiseiyaku_no_itoyouji@.:,18
:ameowblinkreverse@.:,18
:hitori_tsuchinoko@.:,18
ğŸˆâ€â¬›,18
ğŸ²,18
:petthex_mei23@.:,18
:pudding_verified_gold@.:,18
:bunhd_happyhop@.:,18
1âƒ£,18
:ai@.:,18
:netdeshinjitsu@.:,18
:sikyuu_kaihuu_c@.:,18
:hiltu@.:,18
:meowfacepalm@.:,17
:pizza_charged_with_electricity@.:,17
:zettaini_iru@.:,17
:sorehaomaegasukebedakarada@misskey.04.si:,17
:petthex_mattyatea@mattyaski.co:,17
:blobcatblinkrev@.:,17
:1_nisuru@.:,17
:erait@fedibird.com:,17
:tiken@fedibird.com:,17
:crying_ai@.:,17
:stamp_pie_bug@.:,17
:nemu@.:,17
:aruaru@fedibird.com:,17
:minecraft_tnt@.:,17
ğŸ§‚,17
:blob_disappointment@.:,17
â—,17
:paimon_surprised_zoom@.:,17
:chrome@.:,17
:dokidoki@.:,17
:poop_vomiting_saurus_eat@.:,17
:blobhai@fedibird.com:,17
5âƒ£,17
ğŸ¦†,17
:thinking_sunriseovermountains@.:,17
:pog@.:,17
ğŸŒŸ,16
:erait@misskey.omhnc.net:,16
:petthex_nullcat@mk.yopo.work:,16
:blob_nope@.:,16
:skype@.:,16
ğŸ„,16
ğŸ¤‘,16
:mada@.:,16
:blobtorch@msky.crawling-with-love.com:,16
:bap@beta.romneko.net:,16
:mondaihanashi@.:,16
:blobopenmouth@misskey.m544.net:,16
ğŸˆ,16
:illya_panic@.:,16
:kora@.:,16
:verified_blue@.:,16
:_o@.:,16
:ifilter_tsukaitai@.:,16
ğŸ‘“,16
:bloblargemouth@.:,16
:catblob_hug_udon@.:,16
ğŸ–,16
:ablobcatfloofpat@mi.harumakizaemon.net:,16
â¬›,16
:too_many_katakana@honi.club:,16
ğŸª«,16
ğŸ,16
:_ltsu@.:,16
:sonnakotodekirunda@.:,16
:ablobcatfloofpat@warpday.net:,16
:kusyami_deta@.:,16
ğŸº,16
:_ti@.:,16
:mastodon@.:,16
:blobsignya@.:,16
:yurushite_kamisama@.:,16
:firefox@.:,16
:darega_umaikotoieto@.:,16
3âƒ£,16
:stat_sake@.:,16
:kakujikken_shitazo@.:,16
:bunhd@.:,15
ğŸ¤,15
ğŸ§“,15
:resonyance@mk.shrimpia.network:,15
:petthex_slicedbread@sushi.ski:,15
:kawaiine@sushi.ski:,15
:kusa@sushi.ski:,15
:arienai@.:,15
â˜ƒ,15
:ifilter_misetehoshii@honi.club:,15
:gekijouban_misskey_mugenmenntehenn@.:,15
:blabcatpeek@.:,15
:petthex_nullcat@misskey.omhnc.net:,15
:blobamused@msk.ilnk.info:,15
:ai_pointing_misskeyio@.:,15
:thinking_ai@.:,15
:blobcatpensive@.:,15
:sugoi@fedibird.com:,15
:nijika_play@.:,15
âœ…,15
ğŸŒ¸,15
:github@.:,15
:akusaa@.:,15
ğŸ›€,15
:yumei@.:,15
:bibibi_nullcat@.:,15
:go_work@.:,15
:but_you_are@.:,15
ğŸ°,15
ğŸ¤ª,15
:ohayou@warpday.net:,15
:gege_ltu@honi.club:,15
:okaerikudasaimase@.:,15
ğŸ’›,15
:watakushidattesoudesuwa@fedibird.com:,15
:bababa@.:,15
:mukityoueki@.:,15
:nacho_sleepy@.:,15
:shintyoku_doudesuka@.:,15
:keltu@.:,14
:tako@mk2.toyoko.in:,14
:ablobcathyper@fedibird.com:,14
:siropuyo_suprise@mattyaski.co:,14
ğŸ½,14
ğŸ§€,14
:gura_dance2@.:,14
:tashikani@fedibird.com:,14
:aified@.:,14
:mog@fedibird.com:,14
:blobcatfloofpat@mi.syobon.net:,14
:vue@.:,14
:blobsignya@misskey.m544.net:,14
:blobaww@k.lapy.link:,14
:agooglehearts@uma.milkey.homes:,14
:goland@.:,14
:hanko_sumi@.:,14
:blobtorch@misskey.m544.net:,14
:thunderbird@.:,14
:android@.:,14
:nani@.:,14
:ablobaww@mk.yopo.work:,14
:utsukushii@fedibird.com:,14
ğŸ€„,14
ğŸ‡¨ğŸ‡³,14
:woozy_ai@.:,14
:blobcataco@.:,14
ğŸ¡,14
:icon_murakamisan@.:,14
:syuilo_nattoopen_failed@.:,14
âœˆ,14
ğŸ†•,14
:iltu@.:,14
:sonnakotodekinai@.:,14
:pleroma@.:,14
:genshin@.:,14
:acceleratedclock@.:,14
:attouteki_kansha@.:,14
:bunhdcouple@.:,14
:blobfoxcheck@.:,14
:blobcatmelt@msk.ilnk.info:,14
:rn@.:,14
:tere@.:,14
:kami_desukedo@.:,14
:zurui@.:,14
:motto@.:,14
ğŸ˜–,14
:meow0_0@.:,14
:sushi_pudding@.:,14
:polarbearsunglasses@.:,13
:sugoi@mattyaski.co:,13
:hinata_acid@simkey.net:,13
:koltu@.:,13
:woozytoocold@mk.shrimpia.network:,13
:nandato_sakananoonigiri@submarin.online:,13
:otinaide_io@.:,13
:henkin@.:,13
:blob_flushed@.:,13
:creeper@.:,13
âš”,13
ğŸ‹,13
:blobfoxoutage@.:,13
:oyasumi@warpday.net:,13
:miesugite_miushinaigachi@.:,13
ğŸ¤,13
:kita_play@.:,13
:kitanai@.:,13
:blobtoofast@nijimiss.moe:,13
ğŸš€,13
:gura_fingerguns@.:,13
:nachoneko_lewd@.:,13
ğŸ¦‘,13
ğŸ¥œ,13
ğŸˆ,13
ğŸŒ…,13
:heiomachi@.:,13
:what_is@.:,13
:flying_fried_straight_shrimp@mewl.me:,13
:static_polarbear@simkey.net:,13
:otonano_appletea@.:,13
:ohayou@fedibird.com:,13
:mewlme_woozy_head@.:,13
:kakin_sanzai@.:,13
:paimon_peek@.:,13
:blobsweats@.:,13
:otaku@.:,13
:daisuki@.:,13
âŒ,13
:java@.:,13
:petthex_japanesecake@.:,12
:vroidstudio@.:,12
:blobcatbox@mattyaski.co:,12
:blobsmirk@misskey.m544.net:,12
âœ,12
:yattare@misskey.04.si:,12
ğŸ,12
ğŸ§‰,12
:long_pancakes_middle@.:,12
â›„,12
:tohrusmug@.:,12
:ablobcatfloofpat@beta.romneko.net:,12
:iyan_h@mattyaski.co:,12
:ablobpeekjohnny@.:,12
:KannaWhat@.:,12
:rimuru_lewd_hearteyes@.:,12
:paimon_surprised_in_a_washmachine@.:,12
:polarbearpatpolarbear@.:,12
ğŸ§,12
:blob_yum@.:,12
:hisoka@.:,12
:wakaru@misskey.cf:,12
:gura_sing@.:,12
:wakaru@p1.a9z.dev:,12
:mouissyoniha_ikenai@.:,12
ğŸ¨,12
:ameowblink@.:,12
:ablobcatblinkhyper@fedibird.com:,12
:ablobnod@tanoshii.site:,12
:wakarimi@fedibird.com:,12
ğŸ‘‰,12
ğŸš—,12
:iovc_come@.:,12
ğŸ’•,12
:polarbear_superslow@.:,12
ğŸ‘®,12
ğŸ³,12
:blob_surprise_blush@.:,12
ğŸ‚,12
â˜,12
:siranke_do@.:,12
ğŸ›Œ,12
:ltuu@.:,12
:cat_on_laptop@.:,12
:t_heyakata@.:,12
ğŸ¤,12
:oltu@honi.club:,12
:minecraft_cake@.:,12
:blob_squish@.:,12
:bunhd_aww@.:,12
:nandesuno@.:,12
:neltu@.:,12
:fukai@.:,12
:blob_bongo_cat_keyboard@misskey.04.si:,12
:ochitsuke@.:,12
:murishite@.:,12
ğŸ™€,12
:mosa@nijimiss.moe:,12
:donmai@.:,12
:thinking_face_both@.:,12
:_lyo@.:,11
:ai_surprised@mk2.toyoko.in:,11
:gomamayo@misskey.m544.net:,11
:gentoo@.:,11
:apartyblob@mi.harumakizaemon.net:,11
:loading_spinner_google_broken@honi.club:,11
:okaeri@fedibird.com:,11
ğŸº,11
:sugoi@msk.ilnk.info:,11
ğŸ§º,11
:ohayougozaimasen@fedibird.com:,11
:unknown_emoji@.:,11
ğŸŒ¨,11
:sai@mk2.toyoko.in:,11
ğŸˆ,11
:bap@mk.f72u.net:,11
ãŠ™,11
:thonk@.:,11
ğŸ«£,11
:ablobcatfloofpat@misskey.na2na.dev:,11
ğŸ—¾,11
:darenimo_aisarenai@.:,11
:blobcatsweatflips@fedibird.com:,11
:blobnervous2@.:,11
â›©,11
ğŸ¥³,11
ğŸ—¿,11
ğŸ¯,11
âš°,11
:naruhodo@fedibird.com:,11
:starcatheart@.:,11
ğŸ‘Œ,11
:erupting_pudding@.:,11
ğŸ•¹,11
:ablobfox_loading@.:,11
:ubuntu@.:,11
ğŸ¤–,11
:rolled_sushi_pudding@.:,11
:erai@nijimiss.moe:,11
:sijimi@.:,11
ğŸ˜,11
:ningen_desukedo@.:,11
:harrypottertomutyanayoukyuu@.:,11
:kanneiyahataseitetsusyo@misskey.m544.net:,11
:verify@.:,11
ğŸ’€,11
:kimwipe@.:,11
:meoworange@.:,11
:kitai@.:,11
ğŸ’¡,11
â™¾,11
:taikin@.:,11
:wakarimi@nijimiss.moe:,11
:koreha_tukaesou@.:,11
:shintyoku_damedesu@.:,11
:kawaii@warpday.net:,10
:wakaru@nijimiss.moe:,10
:meowcry@misskey.zerozaski.tech:,10
:kiltu@.:,10
ğŸ ,10
:minahoshi_kawaii@yam.menac.at:,10
ğŸ¤Œ,10
:igyo@honi.club:,10
:arigatougozaimasu@mi-wo.site:,10
ğŸ‘ˆ,10
ğŸŒ„,10
:yattare@mi.harumakizaemon.net:,10
:thinking__ai@.:,10
:ios@.:,10
ğŸ°,10
:kusa@mattyaski.co:,10
:blobcatstretchtop@.:,10
:oozone@.:,10
:angry_thinking_sleeping_face_with_tongue_sticking_out@.:,10
:kusa@rafale.misskey.online:,10
ğŸ“,10
:o@msk.seppuku.club:,10
:icon_syuilo@misskey.04.si:,10
:desuyone@fedibird.com:,10
:woozy_angry@.:,10
ğŸ«¡,10
:monster_ultra@.:,10
ğŸŒˆ,10
ğŸ‘¼,10
:vnn@.:,10
:blob_think_smart@.:,10
âš½,10
:anataima_makkutte_iimashitane@.:,10
:too_many_kanji@.:,10
:ablobgoodnightreverse@msk.ilnk.info:,10
:ablobcatreachflip@fedibird.com:,10
:igyo@mi.harumakizaemon.net:,10
:kusa@fedibird.com:,10
:sore@fedibird.com:,10
:sonnakotodekitanda@.:,10
:tako@.:,10
ğŸ˜Š,10
:kaishaku_chigai@.:,10
:clipstudiopaint@.:,10
:hyperacceleratedclock_backwards@.:,10
:vun@.:,10
:calorie_zero@.:,10
ğŸ‹,10
:sou_omouyona@.:,10
ğŸ“š,10
:shark_syukka@.:,10
:green_poop@.:,10
:pika@.:,10
:verified_reject@.:,9
:mou3jidashi_daisanjittekanji@sushi.ski:,9
:blobcatblush@msk.ilnk.info:,9
:tube_wasabi@.:,9
:blobglassesdown@misskey.goochiegoo.net:,9
:minahoshi_kawaii@mk.yopo.work:,9
ğŸ‡ªğŸ‡¸,9
:blobcatnomwatermelon@.:,9
:resonyance@misskey.04.si:,9
ğŸŒµ,9
:aiscript@.:,9
ğŸŸ,9
:koukokunoshina@.:,9
:nikumanmodoki@nekonet.cyou:,9
:hinata_acid@.:,9
ğŸ¥§,9
ğŸ¥’,9
ğŸ“Œ,9
ğŸ,9
ğŸ¡,9
:erait@misskey.life:,9
:neyoune@fedibird.com:,9
:naruhodo@honi.club:,9
:majikayo@honi.club:,9
ğŸš¨,9
0âƒ£,9
:uni@.:,9
:meow_astonished@nekonet.cyou:,9
:hai@p1.a9z.dev:,9
:chika_shake@.:,9
:kaeritai@.:,9
:scp_foundation_cc_by_sa_3_0@.:,9
:KyoukoDance@.:,9
:blobyikes@msk.ilnk.info:,9
ğŸ˜,9
:naruhodo@misskey.04.si:,9
:kawaiii@misskey.zerozaski.tech:,9
:sodatiga_warui@.:,9
:ablobdjslow@.:,9
:gura_a@.:,9
:ore@misskey.04.si:,9
ğŸ¥²,9
:tameninattane@.:,9
:kaeroune@.:,9
:moresou@.:,9
:done_is_better_than_perfect@.:,9
:sensen@.:,9
:douita@.:,9
:maid_nod@.:,9
ğŸŒ,9
:ablobnodfast@misskey.neos.love:,9
:molcar_cry@.:,9
:blob_closed_book@.:,9
:tasukete@.:,9
:kyounosouzou@.:,9
ğŸ‘‘,9
:ie@.:,9
:5g@.:,9
:ukiashidattesoudesuwa@.:,9
:arigato_2@.:,9
:error@.:,9
:astolfocry@.:,9
:blobcheerful2@msk.ilnk.info:,9
:bikkuribikkuri_@simkey.net:,9
:blobnotlike@msk.ilnk.info:,9
:ohayougozaimasu@misskey.04.si:,9
:pudding_sushi@.:,9
ğŸ,9
ğŸ˜±,9
:amd@.:,9
:yaltu@.:,9
:igyo@sudo.mkdir.uk:,9
:110@.:,9
:waai@nijimiss.moe:,9
ğŸŒ,9
ğŸ…°,9
ğŸ‘»,9
:koke@.:,9
:arch@.:,9
:thinking_panic@.:,9
:onaka_pekosugi_no_kei@.:,9
:mazide@.:,9
:kotoyoro@.:,9
:seria@.:,9
ğŸ—œ,8
:watashi@mattyaski.co:,8
:taninnokotobaja_dame@.:,8
ğŸ•“,8
:blobidea@misskey.goochiegoo.net:,8
ğŸš´,8
:otsukare@misskey.life:,8
:blobangel@msky.crawling-with-love.com:,8
:redhat@.:,8
:bunhdrainbow@.:,8
:blobooohai@mi.harumakizaemon.net:,8
:aqua_crying@.:,8
ğŸŸ¥,8
:_mo@.:,8
:ablobcatheadbang@misskey.04.si:,8
:tennosuke_surprised@.:,8
ğŸ¦µ,8
:metoo@mattyaski.co:,8
:iihanashi_move@sushi.ski:,8
:iessa@.:,8
:blobcatsadpats@msky.crawling-with-love.com:,8
:hibiki_flex@.:,8
:ablobhungry@warpday.net:,8
:nadenade_neko@simkey.net:,8
:bap@sushi.ski:,8
:gomamayo@fedibird.com:,8
:blobcatfluffpout@.:,8
:naniwoitteru_nokawakarimase_n@.:,8
:dart@.:,8
ğŸ‘ƒ,8
:kamo@mi.sunset0916.net:,8
:neko_xd@mewl.me:,8
ğŸš«,8
:terapad@.:,8
:blobcozynap@fedibird.com:,8
:ii@nijimiss.moe:,8
:sodatiga_warui@mk.f72u.net:,8
:redbull@.:,8
:inochinokiken@fedibird.com:,8
:polarbear_fire@honi.club:,8
:gyate_mokou_fire@.:,8
:haltu@.:,8
ğŸ˜˜,8
:animuthinku@.:,8
:smile_woozy@.:,8
ğŸ›,8
:ablobcatcryingcute@mattyaski.co:,8
ğŸ§,8
ğŸ›«,8
:pui@.:,8
ğŸ§ ,8
:nacho_love@.:,8
:jouhoukansya@warpday.net:,8
:be036@misskey.m544.net:,8
:patreon@.:,8
:hutomomo@.:,8
ğŸ˜Ÿ,8
:hangaku@.:,8
:thinking_shamiko@.:,8
:iizo@misskey.04.si:,8
:daikansya@.:,8
:resonyance@fedibird.com:,8
:yamada_play@.:,8
:exploding_woozy@.:,8
:desuwa@nijimiss.moe:,8
:senkonom@.:,8
:nenaito_shinu@.:,8
ğŸ”,8
:eti_suri@.:,8
:hsp@.:,8
:ablobkeyboard@.:,8
:docker@.:,8
:gamamayo_sarada@.:,8
:clock@.:,8
:colaup@.:,8
ğŸ¥·,8
:bun_back@.:,8
ğŸ‡¬ğŸ‡§,8
:bishoujodesukedo@.:,8
ğŸš¬,8
:intel@.:,8
:matane@.:,8
:Shiropuyo_ohayou@misskey.04.si:,8
7âƒ£,8
:000@.:,8
:blob_bongo_cat_keyboard@fedibird.com:,8
:sounanda@msk.ilnk.info:,8
:chick_wink_heart@.:,8
:agoogletada@misskey.04.si:,8
:erait@mi.harumakizaemon.net:,8
:douzo_douzo@.:,8
:mikuxd@.:,8
:nekochan@fedibird.com:,8
:hub_porn@.:,8
:kultu@.:,8
:vscode@.:,8
:aquawut@.:,8
:waltu@.:,8
ğŸŒ,8
:siltu@.:,8
:kusa@nijimiss.moe:,8
:yokatta@.:,8
:anataima_unkotte_iimashitane@misskey.zerozaski.tech:,7
:sukebe@tyazzkey.work:,7
:kanneiyahataseitetsusyo@mk.shrimpia.network:,7
:yak_1000@fedibird.com:,7
:souomou@msky.crawling-with-love.com:,7
:blobcat3c@misskey.m544.net:,7
:seyana@misskey.goochiegoo.net:,7
:eltu@sushi.ski:,7
:desuyone@misskey.zerozaski.tech:,7
:miyano_yay@fedibird.com:,7
:ablobcatwhackyfast@sushi.ski:,7
:misskey_pre_v12@.:,7
:naruhodo_wakaran@fedibird.com:,7
:ablobnod@onsen-musume.fun:,7
:resonyance@mi.harumakizaemon.net:,7
:blobsignya@beta.romneko.net:,7
:notlike_mattyatea@mattyaski.co:,7
:ablobcatfloofpat@mk.yopo.work:,7
:kokutai_goji@tanoshii.site:,7
:syuusen@.:,7
:meowSleeping@fedibird.com:,7
:honmaya@misskey.life:,7
ğŸ¥,7
:ablobdundundun@misskey.m544.net:,7
:petthex_nullcat@yam.menac.at:,7
ğŸ¥„,7
ğŸ¹,7
ğŸ˜,7
:shiimo@.:,7
:shirokuma_thinking@tyazzkey.work:,7
:resonyance@honi.club:,7
:woozy_cute@sudo.mkdir.uk:,7
â†”,7
:archlinux@mi.syobon.net:,7
:polarbear@beta.romneko.net:,7
:static_polarbear@misskey.na2na.dev:,7
ğŸ¥¢,7
:neko_xd@.:,7
:sonnamonohanai@fedibird.com:,7
:pepehands@.:,7
ğŸ¥¬,7
:arigatofes@misskey.pantasystem.com:,7
:_na@.:,7
:kowaihanashi@rafale.misskey.online:,7
:you_are_winner@.:,7
:daijoubu_ask@mattyaski.co:,7
:ohayougozaimasu@mi.harumakizaemon.net:,7
:pacochi_wakaru_cat@warpday.net:,7
:sonnakotonai@mk.f72u.net:,7
:supertada@fedibird.com:,7
:ablobaww@kagamisskey.com:,7
ğŸ¥‰,7
:erojan@honi.club:,7
:_u@.:,7
:macos@.:,7
:biglove_nullcatchan_v2@misskey.omhnc.net:,7
ğŸŒ€,7
:sukebe_2@.:,7
:ameowcoffeespit@msk.ilnk.info:,7
:arigatougozaimasu@kagamisskey.com:,7
:hon_wasabi@.:,7
:ittan_shinkokyu@.:,7
:kamo@fedibird.com:,7
:blobthumbsup@honi.club:,7
ğŸ±,7
:t_sorena@fedibird.com:,7
:blob_hug_blahaj@.:,7
:cirno_saddest@.:,7
:pepesad@.:,7
:_ha@.:,7
ğŸ¦Š,7
:ifilter_misetehoshii@misskey.04.si:,7
ğŸ§,7
:nachoneko_mesmerized@.:,7
:pudding_cat@.:,7
:senko_scream@.:,7
ğŸ”,7
:neko_sad@.:,7
:ai_serious_misskeyio@.:,7
:iizo@fedibird.com:,7
:internetkemutukasisaconcours@.:,7
ğŸ¥,7
ğŸ‡,7
ğŸ¥”,7
:neko_cats_eye@.:,7
:_i@.:,7
:blob_super_nod@misskey.sda1.net:,7
:sintou_mekkyaku@.:,7
:adobe@.:,7
:multu@.:,7
ğŸ”°,7
ğŸŸ«,7
:spinthink@misskey.cf:,7
ğŸ—,7
ğŸ¥—,7
:blobcatgooglytrash@.:,7
:t_tashikani@mi.harumakizaemon.net:,7
:hifumiblush@.:,7
:sadmac@.:,7
:anataima_makudotte_iimashitane@.:,7
ğŸ¶,7
:Shiropuyo_thinking@misskey.04.si:,7
ğŸ’™,7
ğŸŒ,7
:petthex_kro@.:,7
:senko_wubbel@.:,7
ğŸ™ƒ,7
:sultu@.:,7
:fuuka_pat@.:,7
â”,6
:misskey@mi.tkw.fm:,6
:fediverse@mi.tkw.fm:,6
:t_odaiji@fedibird.com:,6
:minnaminna_soudesuwa@fedibird.com:,6
:gomamayo@msk.ilnk.info:,6
:crabrave@misskey.cf:,6
:static_polarbear_inverted@beta.romneko.net:,6
:taltu@.:,6
:ablobcatfloofpat@mof.rorea.moe:,6
ğŸ˜·,6
:ablobcatblinkhyper@onsen-musume.fun:,6
ğŸ‘,6
:oyurushikudasai@beta.romneko.net:,6
:blaze@honi.club:,6
:blkzor_stuck_out_tongue_winking_eye@kawane.misskey.online:,6
:tokuni_omae@beta.romneko.net:,6
:blabcatverified@.:,6
:buncowboycry@.:,6
:kokodakeno_hanashi@.:,6
:ifilter_misetehoshii@mattyaski.co:,6
:resonyance@misskey.life:,6
:gomennasai@misskey.cf:,6
ğŸ¦,6
:polarbear_mambo_no5@.:,6
:exceptionallyfastparrot@msk.ilnk.info:,6
ğŸ,6
:resonyance@kagamisskey.com:,6
:ablobcatfloofpat@msk.ilnk.info:,6
:mondaihanashi@misskey.04.si:,6
:blobcatblinkhyper@hina.house:,6
:ablobcatfloofpat@hina.house:,6
ğŸ´,6
:blobcatlobster_MUDAMUDAMUDA@fedibird.com:,6
:meowhuggies@misskey.m544.net:,6
:iihanashi@kagamisskey.com:,6
:blobmindblown@misskey.m544.net:,6
:otoku@mk2.toyoko.in:,6
:iihanashi@uma.milkey.homes:,6
:ablobaww@msky.crawling-with-love.com:,6
:wasabi@.:,6
:o_hiragana@mattyaski.co:,6
ğŸ–,6
:_zi@.:,6
:Shiropuyo_wakaru@nekomiya.net:,6
:ablobcatgoogly@sudo.mkdir.uk:,6
:vim@honi.club:,6
ğŸ”¢,6
ğŸ‘…,6
:watakushidattesoudesuwa@beta.romneko.net:,6
:ablobcatcoffee@misskey.m544.net:,6
ğŸ§‹,6
:wakaru@mi.harumakizaemon.net:,6
:ablobcatheadbangfastultra@fedibird.com:,6
:ablobcatfloofpat@misskey.04.si:,6
:innocent_ai@misskey.dev:,6
:nacho_suki@.:,6
:helix_editor@.:,6
:blob_rolling_bound@.:,6
:ablobcatblinkhyper@sushi.ski:,6
ğŸ¤“,6
ğŸ«˜,6
:bunhd_happyhop@misskey.04.si:,6
:shizuku_questioning@.:,6
:mikuDab@.:,6
:blobcat_banban2@misskey.m544.net:,6
:gege_ltu@misskey.nokotaro.com:,6
ğŸ’‹,6
ğŸ‘¹,6
ğŸ‘­,6
:dekai@.:,6
:otoku@honi.club:,6
:oniichan@.:,6
:sonnakotoarunda@honi.club:,6
:bap@honi.club:,6
:sou@mk.shrimpia.network:,6
:eeyan_2@fedibird.com:,6
:nouhin_shippai_misskeyio@.:,6
ğŸ„,6
:ota@fedibird.com:,6
:ablobcatblinkhyper@msky.crawling-with-love.com:,6
ğŸ‘¾,6
:genbaneko@fedibird.com:,6
:ablobcatblinkhyper@beta.romneko.net:,6
:kawaii@fedibird.com:,6
:reino_are@.:,6
:ablobcatnod@misskey.life:,6
:igyou@submarin.online:,6
:hempin@mk2.toyoko.in:,6
ğŸ¦,6
:paimon_surprised@fedibird.com:,6
:watakushidattesoudesuwa@mk2.toyoko.in:,6
:polarbear_crying@yam.menac.at:,6
ğŸ˜ˆ,6
:senko_dance@.:,6
6âƒ£,6
:_re@.:,6
:ai_petrified_misskeyio@.:,6
:souiutokoyazo@.:,6
:senko_wow2@.:,6
:otoku@msk.ilnk.info:,6
:yareyare@.:,6
:ablobnodfast@mi.harumakizaemon.net:,6
:ablobhaifast@msk.ilnk.info:,6
:posikayo@.:,6
â˜º,6
ğŸ‘‚,6
:gege_ltu@.:,6
:hinata_hyper@.:,6
:blobcry@msk.ilnk.info:,6
:debobigego@.:,6
:senko5@.:,6
:chottodannshii@.:,6
:goodtale@.:,6
:kawaiine@fedibird.com:,6
:blobcatblush@misskey.m544.net:,6
:str_hametsu@.:,6
:benkyou_shiro@.:,6
:bunsleep@.:,6
ğŸ’´,6
ğŸ”,6
ğŸ©,6
:is_all_scam@misskey.04.si:,6
:sitenai@.:,6
ğŸ²,6
:kusa@beta.romneko.net:,6
:blobhug2@misskey.m544.net:,6
:sorehasou@fedibird.com:,6
:blebcat@mi-wo.site:,6
ğŸ§»,6
:pudding_puddingified_verified@.:,6
:wakaru@rafale.misskey.online:,6
ğŸ…±,6
:sumimasendeshita@.:,6
:flowey@.:,6
:erait@msky.crawling-with-love.com:,6
:bunhdcry@.:,6
:koke_burger@.:,6
:setafunyo@.:,6
ğŸ‘¶,6
:holtu@.:,6
:shirokuma_surprised@tyazzkey.work:,6
:yodobashi@.:,6
:_pe@.:,6
:tvchan@.:,6
ğŸ¥‚,6
:long_pancakes_bottom@.:,6
:blender@.:,6
:genkai_toppa@.:,6
:kininaru@.:,6
:spam@.:,6
:blob_hyper_nod@onsen-musume.fun:,5
:siagenicola@misskey.life:,5
:icon_thinaticsystem@beta.romneko.net:,5
:woozy_angry@msky.crawling-with-love.com:,5
:blobcatdrool@fedibird.com:,5
:pan_jan@sushi.ski:,5
:panta@misskey.zerozaski.tech:,5
:iie@mattyaski.co:,5
:thinking_sunriseovermountains@sushi.ski:,5
ğŸ‘,5
:bunhdverifiredmisskey@.:,5
:misskey@msky.crawling-with-love.com:,5
:iihanashi@misskey.nokotaro.com:,5
:ablobcatheadbangfast@misskey.nokotaro.com:,5
:sugoi@misskey.04.si:,5
ğŸªµ,5
:ketsufire@warpday.net:,5
:amiya_crazy@sushi.ski:,5
:blobcatflushed@mi.harumakizaemon.net:,5
:meowScream@.:,5
:angry_ai@.:,5
:bunhd_googly@.:,5
:bunblanketkawaii@.:,5
:darkrai@.:,5
ğŸ™ˆ,5
ğŸ”±,5
:win3_msdos2@misskey.m544.net:,5
:sonnakotonai@beta.romneko.net:,5
:wakaru@misskey.omhnc.net:,5
:wakarikake@honi.club:,5
:blobcatdrool@msk.ilnk.info:,5
:ablobcatangel@fedibird.com:,5
:blobcatalt@fedibird.com:,5
:9ahqtq28zj@misskey.accordi.online:,5
:kusaneko_pc@misskey.life:,5
:misskey@sudo.mkdir.uk:,5
:koresuki@kagamisskey.com:,5
:oyurushikudasai@msky.crawling-with-love.com:,5
ğŸŒ¶,5
:hai@mk.shrimpia.network:,5
:iihanashi@honi.stesan.dev:,5
:gidong@nekonet.cyou:,5
:woozy_cute@honi.club:,5
:blobcat@fedibird.com:,5
ğŸ†š,5
:ablobcatbongopat@misskey.na2na.dev:,5
:ainohonkimeiro@.:,5
:naruhodo@mk.shrimpia.network:,5
:souiuhimoaru@misskey.sda1.net:,5
:kusaneko_zzz@misskey.life:,5
:senko_stop@mk.yopo.work:,5
:tensai@msk.ilnk.info:,5
:souiutokimoaru@fedibird.com:,5
ğŸ’,5
:ultrafastparrot@fedibird.com:,5
:ablobdancer@msk.ilnk.info:,5
:sonnakotonai@misskey.usbharu.dev:,5
:parrotpoop@mi.tkw.fm:,5
:wakarikake@beta.romneko.net:,5
:yametare@honi.club:,5
:meowpraise@mk.shrimpia.network:,5
:stat_sing@.:,5
:blob_innocent@mewl.me:,5
:ii@misskey.04.si:,5
:sonohassouhanakatta@msk.ilnk.info:,5
9âƒ£,5
:dare@mattyaski.co:,5
:fortran@.:,5
:lisp@.:,5
:hidoihanashi@fedibird.com:,5
:blobhai@msky.crawling-with-love.com:,5
:monster_pipeline_punch@.:,5
:miltu@.:,5
:blobcatyes@misskey.m544.net:,5
:fire2@fedibird.com:,5
:shizuku_questioning@tanoshii.site:,5
:otsukaresama@warpday.net:,5
:meowcry@fedibird.com:,5
ğŸ˜¿,5
:bunhd_kadomatsu@.:,5
:buncry@.:,5
ğŸ‡¸ğŸ‡±,5
:mikuXD@.:,5
:kannablob@.:,5
ğŸ…¿,5
:nultu@.:,5
:fastparrot@.:,5
:syu@.:,5
ğŸ‡©ğŸ‡ª,5
:stamp_pie@.:,5
:ablobhungry@mi.harumakizaemon.net:,5
:ablobcall@fedibird.com:,5
:blob_laughing@msk.ilnk.info:,5
:icon_syuilo@honi.club:,5
ğŸ¯,5
:qc_rejected@.:,5
:ablobcatblinkhyper@misskey.na2na.dev:,5
:eeyan@fedibird.com:,5
:ablobcatcoffee@fedibird.com:,5
:igyo@misskey.04.si:,5
:bunhd_sadpat@.:,5
:meowpraise@misskey.nokotaro.com:,5
:334@submarin.online:,5
:otsukaresama@misskey.life:,5
:exploding_woozy@msky.crawling-with-love.com:,5
:sonokanouseiwaaru@fedibird.com:,5
:oh@fedibird.com:,5
:sakura_editor@.:,5
:blobcatpop@nekonet.cyou:,5
:hot_sauce@.:,5
:ozone@.:,5
ğŸ”,5
:maanantekoto@honi.club:,5
:nacho_hi@.:,5
:t_ohayo@fedibird.com:,5
:static_polarbear@mk.f72u.net:,5
:nnawake_needaro@.:,5
:cymbal@misskey.m544.net:,5
:resonyance@misskey.sda1.net:,5
:smugai@.:,5
:_po@.:,5
:t_oishii@fedibird.com:,5
:neru@.:,5
:thinking_clap@.:,5
:blobshh@.:,5
:minahoshi_nadeko@msk.ilnk.info:,5
:musume@.:,5
:agoogletada@msk.ilnk.info:,5
:mushiru@.:,5
:sorena@misskey.04.si:,5
:hai@fedibird.com:,5
ğŸ¥µ,5
:lewd@.:,5
:share@.:,5
:honshitsu_jouhou@.:,5
ğŸ˜,5
ğŸ†“,5
:otonagai@.:,5
ğŸ§¹,5
:nurashitemo_nakanaide@.:,5
:petthex_yanchon@.:,5
:gakuseikibunga_nukesugi@.:,5
ğŸ¥,5
:bibibi_nullcatchan@sudo.mkdir.uk:,5
:harrypottertojunntakunasekiyushigenn@.:,5
ğŸ­,5
:syoshinsya_muke@.:,5
ğŸŒ²,5
ğŸ¤š,5
:stamp_nemui@.:,5
:iihanashi@mk.shrimpia.network:,5
:kiaida@submarin.online:,5
:icon_thinaticsystem@.:,5
:iihanashi@misskey.zerozaski.tech:,5
:stat_tea@.:,5
:ablobaww@fedibird.com:,5
:emacs@.:,5
:blobcataww@fedibird.com:,5
:100minuspts@.:,5
:bread_from_hell@.:,5
:t_iroiroyabai@.:,5
:souiutokimoaru@misskey.life:,5
:spi@misskey.dev:,5
:_mi@.:,5
:harrypotterto@.:,5
:honwaka@.:,5
:ap_amzn@.:,5
:shitenainoha_omaedake@.:,5
:blob_sleepy@.:,5
:relaxed_baby@.:,5
:blobcatboopblush@.:,5
:polarbear_pensive@.:,5
:blobcatmlem@.:,5
ğŸš‘,5
:tariki_hongan@.:,5
:parrot@.:,5
:amongus_distracted@mk.shrimpia.network:,4
:polarbear_tomarikake@mof.rorea.moe:,4
:confidential_murakamisan@honi.club:,4
:yattare@mi.syobon.net:,4
:blobpleading@misskey.m544.net:,4
:blaze@tyazzkey.work:,4
:chinchin@sushi.ski:,4
:senko_stop@mi.cbrx.io:,4
:sou@fle.studio:,4
:hasubetesagidesu@mi.tkw.fm:,4
:office_dolphin@warpday.net:,4
:blobowosquint@warpday.net:,4
:gura_blush@.:,4
:_ku@.:,4
:kawaiii@meisskey.one:,4
:bap@msky.crawling-with-love.com:,4
:wakarimiga_fukasugiru@fedibird.com:,4
:jisseki_kaijyo@fedibird.com:,4
:blobcatrainbow@fedibird.com:,4
:blob_camping@msk.ilnk.info:,4
ğŸŸ°,4
:laser@.:,4
ğŸŒ´,4
:sonokanouseiwaaru@misskey.04.si:,4
:haiso@.:,4
:matsuya_logo@mk2.toyoko.in:,4
:Shiropuyo_odoroki@misskey.04.si:,4
:sorena@warpday.net:,4
:heltu@.:,4
:honmaka@fedibird.com:,4
:oregawarui@.:,4
:murishinaide@fedibird.com:,4
ğŸ’¹,4
:oozon@.:,4
:desuyone@uma.milkey.homes:,4
:tsujo@honi.club:,4
:daijoubu_ask@warpday.net:,4
:kisama@mk.shrimpia.network:,4
:ablobcatblinkhyper@mk.shrimpia.network:,4
:blobcat_woozy@msky.crawling-with-love.com:,4
:woozy_face_with_hearts@msky.crawling-with-love.com:,4
:ryunenn@mi.tkw.fm:,4
:ko_marihachi@.:,4
:kusa@misskey.cf:,4
:honmaka@honi.club:,4
:taedonggang_beer@.:,4
:hai@misskey.pantasystem.com:,4
ğŸŒ,4
ğŸ©±,4
:cinnamoroll@fedibird.com:,4
ğŸ¸,4
:eo_flag@.:,4
:senko_stop@mk.f72u.net:,4
:hand_salute_kpa@mk2.toyoko.in:,4
:blobcatsneeze@fedibird.com:,4
:jahy_rappin@.:,4
:ablobcatbongopat@fedibird.com:,4
:Shiropuyo_kusa@misskey.04.si:,4
:sonnakotonai@misskey.sda1.net:,4
:petthex_nullcat@mi.sunset0916.net:,4
:google_poop@sushi.ski:,4
:kanneiyahataseitetsusyo@misskey.04.si:,4
ğŸš•,4
:emergency@misskey.04.si:,4
:kurui@mattyaski.co:,4
:blobhero@msky.crawling-with-love.com:,4
:thinking__ai@msk.ilnk.info:,4
:gomamayo@beta.romneko.net:,4
:shikei@submarin.online:,4
:soudasouda@submarin.online:,4
:soudasouda@misskey.04.si:,4
:ablobcatnodmeltcry@nekomiya.net:,4
:gambare@fle.studio:,4
ğŸ‡¹ğŸ‡¼,4
:blobcat_coffee@warpday.net:,4
:hiragana_onbiki@sushi.ski:,4
:o@newskey.cc:,4
:halogen_heater@honi.club:,4
:blaze@misskey.omhnc.net:,4
:kaishaku_chigai@mk.shrimpia.network:,4
ğŸ˜¹,4
:aru@sudo.mkdir.uk:,4
:vuvuzela@misskey.m544.net:,4
:kusa@mk.shrimpia.network:,4
:oh_shoboon@.:,4
:desuyone@warpday.net:,4
â›‘,4
:t_iroiroyabai@fedibird.com:,4
ğŸª‘,4
:thinkingomurice@sunisky.club:,4
ğŸ‘,4
:nacho_hi@tanoshii.site:,4
:surprised_ai@msky.crawling-with-love.com:,4
:t_ofuton@misskey.na2na.dev:,4
ğŸ¥‘,4
:polarbear_hayasugi@beta.romneko.net:,4
:blobcatsleep@sudo.mkdir.uk:,4
:hontosore@warpday.net:,4
ğŸ•‹,4
:gengo@sudo.mkdir.uk:,4
:JU@fedibird.com:,4
:shikei@mi-wo.site:,4
:ablobgoodnightreverse@warpday.net:,4
:kamo@submarin.online:,4
:senko_stop@beta.romneko.net:,4
:senko_shock@.:,4
:ablobcatblinkhyper@mattyaski.co:,4
â•,4
:blobthumbsup@fedibird.com:,4
ğŸŒ­,4
:pudding_verified@.:,4
:senko_stop@kagamisskey.com:,4
:pho_n@.:,4
ğŸ’³,4
:vomiting_thinking_skeptical_face_with_hugging_hands@.:,4
ğŸ“ˆ,4
:zehi@.:,4
:mitsu@.:,4
:gultu@.:,4
ğŸ”’,4
:don_greeting@.:,4
:blob_hyper_nod@mk.shrimpia.network:,4
:meow_fat@msk.ilnk.info:,4
:ablobcatheadbangfast@misskey.04.si:,4
:kawaii_denmark@.:,4
ğŸ˜‰,4
:pojittelibu_sunao_keikakusei@.:,4
:_nu@.:,4
:google_hart@sushi.ski:,4
:atode_kesu@.:,4
:wakaru@msk.ilnk.info:,4
ğŸŒ®,4
:oyasumi@misskey.cf:,4
:iihanashi@honi.club:,4
:suika@.:,4
:watakushidattesoudesuwa@mi.harumakizaemon.net:,4
:siteru@.:,4
:yattare@submarin.online:,4
ğŸ˜€,4
:odaijini@fedibird.com:,4
:Shropuyo_ganbare@misskey.04.si:,4
:resonyance@msk.ilnk.info:,4
:psychedelic_fits@.:,4
:kitanyo@.:,4
ğŸŒ»,4
:polarbear@misskey.na2na.dev:,4
ğŸ”«,4
:shupushupuonyasai@.:,4
:sugee@misskey.cf:,4
ğŸ¦ˆ,4
:petthex_nullcat@fedibird.com:,4
:ablobcatcryingcute@kagamisskey.com:,4
:ablobcatattentionreverse@misskey.m544.net:,4
:00@.:,4
:sirane@.:,4
:blobcatevil@.:,4
:zoltu@.:,4
:atode_miru@.:,4
:misskeystackoverflow@.:,4
ğŸŒŠ,4
â€¼,4
:tasuketefes@.:,4
ğŸ¤¢,4
:sore_575@.:,4
:ichiriaru@submarin.online:,4
ğŸ‘‹,4
:_bi@.:,4
:mwakaru@ktnfm.com:,4
:ablobcatblinkhyper@misskey.04.si:,4
:buneyes@.:,4
:too_many_katakana@.:,4
:senko_bread@.:,4
:smugDance@.:,4
ğŸš²,4
:senko_stop@yam.menac.at:,4
ğŸ”´,4
ğŸˆ‚,4
:meowtilt@.:,4
:kyokutan@.:,4
ğŸ˜Œ,4
ğŸ¼,4
:Shiropuyo_wakaru@misskey.04.si:,4
:_ka@.:,4
ğŸ½,4
:oyaji_body@.:,4
:shikkouyuuyo@.:,4
:murisezu@nijimiss.moe:,4
:kobayashiseiyakuno_itoyouji@.:,4
:jisseki_kaijyo@misskey.04.si:,4
:ganbare@fedibird.com:,4
:redis@.:,4
:bibibi_nullcatchan@simkey.net:,4
ğŸ«µ,4
:doihii@.:,4
ğŸ§¸,4
:take_this@.:,4
ğŸˆ·,4
:minahoshi_hyper@yam.menac.at:,4
:ohayougozaimasu@nijimiss.moe:,4
ğŸ•§,4
:ai_owo@.:,4
ğŸ“®,4
:iihanashi@misskey.04.si:,4
:_maru@.:,4
:ba90@.:,4
:pat_colaup@.:,4
:kamo@simkey.net:,4
ğŸŒ§,4
:thinking_cat_face@.:,4
:blobthinking@msk.ilnk.info:,4
:starcatredeye@.:,4
ğŸ˜³,4
:dare@submarin.online:,4
:bomber_smile@.:,4
:wakaru@kagamisskey.com:,4
:soudasouda@fedibird.com:,4
:otoku@mewl.me:,4
:blobbroken@msk.ilnk.info:,4
:bunhdknife@.:,4
:ablobfoxloading@honi.club:,4
ğŸ¦ª,4
:atok@.:,4
:ha@.:,4
:gyafun@.:,4
ğŸ¼,4
:ii@mi-wo.site:,4
ğŸ¥,4
ğŸ¥Ÿ,4
:anatano_jitakuwo_keibishimasu@.:,4
:safari@.:,4
:are@.:,4
:igyo@mi-wo.site:,4
:02peek@.:,4
:misuhai@.:,4
:blobcatblush@simkey.net:,4
ğŸº,4
:nikuudon_nimo@.:,4
:_ri@.:,4
:ablobblewobble@mi.harumakizaemon.net:,3
:nazo@misskey.m544.net:,3
:soundcloud@.:,3
:kihatashikadesuka@submarin.online:,3
:zurui@honi.club:,3
ğŸ«•,3
:internet_yamero@hina.house:,3
:desuyone@mi.tkw.fm:,3
:blob_hyper_nod@misskey.life:,3
:petthex_syuilo_9597@sudo.mkdir.uk:,3
ğŸ¥£,3
:onajiku@warpday.net:,3
:majikayo@kr.akirin.xyz:,3
:majikayo@mk.lei202.com:,3
:otinaide_io@mattyaski.co:,3
:nouhin_kannryou_misskeyio@.:,3
:hehe@.:,3
:blobfoxcomfycomputer@msk.ilnk.info:,3
:wakaru@msky.crawling-with-love.com:,3
:polarbearwarping@msky.crawling-with-love.com:,3
:dekinu@honi.club:,3
*âƒ£,3
:doughnutsampler@sushi.ski:,3
:henpin@beta.romneko.net:,3
:cumsplat@mi.tkw.fm:,3
:blobcat_alt@warpday.net:,3
ğŸšœ,3
:blob_hyper_nod@relict.one:,3
:goodbyet@sushi.ski:,3
:blobamused@misskey.m544.net:,3
:janoute@.:,3
:shirokuma_niramu@tyazzkey.work:,3
:_a@misskey.04.si:,3
:bap@misskey.na2na.dev:,3
:blobtoofast@mk.shrimpia.network:,3
ğŸŸ¨,3
ğŸ§,3
:jinseikan_kawaruyo@.:,3
â†•,3
:misskey2017@.:,3
:ablobpats@msky.crawling-with-love.com:,3
ğŸ“¢,3
:ablobcatfloofpat@beta.kemomi.me:,3
ğŸ’­,3
:t_tokutei_chiba@wndp.cloud:,3
:mery@.:,3
:agooglehearts@mi.tkw.fm:,3
:resonyance@mk.yopo.work:,3
:senko_lewd@honi.club:,3
:gomamayo@mi.sunset0916.net:,3
:thinkhappy@sushi.ski:,3
:taedonggang_beer@mk2.toyoko.in:,3
:blob_amused@ward2.bouvardia.icu:,3
:nadenade_fandal@submarin.online:,3
:_za@.:,3
:excel@.:,3
:holtu@warpday.net:,3
:kawaiii@kagamisskey.com:,3
:jiangshi@.:,3
:mazaidasa@beta.romneko.net:,3
ğŸ”€,3
ğŸ‘˜,3
:ablobcatnodmeltcry@fedibird.com:,3
:mutsuki_surprised@.:,3
:blobcatadorable@sudo.mkdir.uk:,3
:sugoihanashi@sudo.mkdir.uk:,3
:deutsch_koennen@msk.ilnk.info:,3
:miyano_trippin@mk.shrimpia.network:,3
:eti_haahaa@misskey.m544.net:,3
:korositeagemasyoune@sushi.ski:,3
:naze@sushi.ski:,3
ğŸ¥,3
:erait@warpday.net:,3
:otameshikudasai@honi.club:,3
:t_saiko@fedibird.com:,3
:odaijini@sudo.mkdir.uk:,3
:t_yatta_@misskey.life:,3
:ablobjam@misskey.life:,3
â›,3
:blobcat@misskey.life:,3
:taso@.:,3
:otoku@mi.harumakizaemon.net:,3
:nai@misskey.life:,3
ğŸ›»,3
:_ko@.:,3
:_ko@beta.romneko.net:,3
:ablobcool@fedibird.com:,3
:ablobfox_loading@msky.crawling-with-love.com:,3
:genbaneko@misskey.04.si:,3
:shirokuma_atama@tyazzkey.work:,3
:whatever@sunisky.club:,3
:ulehihihihi@.:,3
:kowai@sushi.ski:,3
:ablobcatcryingcute@tanoshii.site:,3
âœ¡,3
:thinking_rotate@mk.lei202.com:,3
:syuilo@k.lapy.link:,3
:watashi@fedibird.com:,3
:iovc_come@kr.akirin.xyz:,3
:sou@mk.kochudaho.me:,3
:hidoihanashi@sudo.mkdir.uk:,3
:kamo@misskey.life:,3
ğŸš,3
:blobcatcoffee2@fedibird.com:,3
:kanjouganai@.:,3
:hai@misskey.omhnc.net:,3
:tiken@mk.lei202.com:,3
:shikyu_kaifu@misskey.m544.net:,3
:blobcat_comfymelt@sudo.mkdir.uk:,3
ğŸ·,3
:sonnano_kankeinee@mk.shrimpia.network:,3
:sodatiga_warui@mk.shrimpia.network:,3
:bloboohcry@misskey.goochiegoo.net:,3
ğŸª³,3
:blob_hello@fedibird.com:,3
:meowAwauu@fedibird.com:,3
ğŸˆµ,3
ğŸ´â€â˜ ï¸,3
:pyonpyon@misskey.m544.net:,3
ğŸ‡¸ğŸ‡¨,3
:dore@nijimiss.moe:,3
:iizo@mi.sunset0916.net:,3
:son_unicodelike@beta.romneko.net:,3
:sonnakotodekirunda@sudo.mkdir.uk:,3
:ijo@msky.crawling-with-love.com:,3
:Shiropuyo_oyasumi@misskey.04.si:,3
:wakaru@mk.shrimpia.network:,3
:reaction_shooting@fedibird.com:,3
:aifukkyu@.:,3
ğŸ¥ƒ,3
:_wo@.:,3
:___what@labo.wovs.tk:,3
:dare@sushi.ski:,3
:worksonmymachine@.:,3
ğŸ’¾,3
ğŸš¾,3
:murishinaide@mattyaski.co:,3
:leafpad@.:,3
:fedora@.:,3
ğŸ“›,3
:kawaii@mk.shrimpia.network:,3
:kinisunna@mk.shrimpia.network:,3
ğŸ»,3
:ryoukai_shinnpann@.:,3
:kawaii@misskey.na2na.dev:,3
:wakaru_2@beta.romneko.net:,3
ğŸš¿,3
ğŸŒƒ,3
:nazo@honi.club:,3
:oyurushikudasai@honi.club:,3
:hai@kagamisskey.com:,3
:gojiai@warpday.net:,3
:ablobcatheadbangfast@msk.ilnk.info:,3
:senko_scream2@.:,3
:yoito_omoimasu@fedibird.com:,3
ğŸ§…,3
ğŸ,3
:polarbear@mk2.toyoko.in:,3
:neyoune@sushi.ski:,3
:ablobcatblinkhyper@kagamisskey.com:,3
:lisp_alien@.:,3
ğŸ˜°,3
8âƒ£,3
:pekoiwayo@.:,3
:pudding_woozy@.:,3
:ohayougozaimasu@beta.romneko.net:,3
:french_spew@.:,3
:desuyone@sushi.ski:,3
:kawaii@misskey.cf:,3
:osu@.:,3
ğŸ‰,3
:gura_gaw@.:,3
:konomi_good@.:,3
ğŸª,3
:tiken@misskey.art:,3
:hakuzou@.:,3
ğŸ¥¤,3
:oo@misskey.cf:,3
:wakarimitaro@msk.ilnk.info:,3
:minahoshi_thinking@mk.yopo.work:,3
:takosune@.:,3
:blobowosquint@.:,3
:aemoji_bell@.:,3
:ablobdjveryslow@.:,3
:ameowbongo@fedibird.com:,3
:blobcataww@sudo.mkdir.uk:,3
:onaziku@mattyaski.co:,3
:abehiroshi@nekonet.cyou:,3
:ablobcatcoffee@misskey.life:,3
:Shiropuyo_niconico@misskey.04.si:,3
:ohoho_blobs@.:,3
:blobcatLul@msk.ilnk.info:,3
ğŸ­,3
:ota@msky.crawling-with-love.com:,3
:ablobcatheadbangfastultra@sushi.ski:,3
:nacho_nya@.:,3
:miss@beta.romneko.net:,3
:fight@nijimiss.moe:,3
:chantohagero@.:,3
ğŸ‡ºğŸ‡¸,3
:chikuwa@.:,3
:thinking_framing@.:,3
:yattare@honi.club:,3
:gomamayo@submarin.online:,3
:cyber_hacking@mk2.toyoko.in:,3
:kakkoii@fedibird.com:,3
:polarbear_fire@yam.menac.at:,3
:blobyikes@mi.harumakizaemon.net:,3
:polarbearandsmallerpolarbear@.:,3
:soukamo@fedibird.com:,3
:yabaidesuwa@fedibird.com:,3
:sou@beta.romneko.net:,3
:resonyance@rafale.misskey.online:,3
:oyasumi@misskey.04.si:,3
:haiku@.:,3
:oyasumi@fedibird.com:,3
:tsuyoi@fedibird.com:,3
ğŸ”¼,3
:blobno@misskey.m544.net:,3
:eyes_fidgeting@misskey.nokotaro.com:,3
:blobcatdroolreach@msk.ilnk.info:,3
ğŸ‡ªğŸ‡º,3
:kolonyanyachiwala@.:,3
:stamp_nattoruyarogai@.:,3
:meltu@.:,3
:ablobgoodnightreverse@kagamisskey.com:,3
:nanodesu@.:,3
âœŒ,3
:poop_vomiting_saurus_hungry@.:,3
:subwaytooter@.:,3
ğŸ¹,3
:4ttenakuinu@mk.shrimpia.network:,3
ğŸ£,3
:prohibit_bath@.:,3
ğŸ¦·,3
:sorehasou@nijimiss.moe:,3
:0@.:,3
ğŸ•,3
:heart@mk.yopo.work:,3
:paimon_hungry@.:,3
:ohayougozaimasu@misskey.cloud:,3
:blobcathungry@warpday.net:,3
:ashitaga@.:,3
â³,3
:nemonemo@.:,3
:harrypottertokeikakuseinonasa@.:,3
:mikudab@.:,3
:blobcatheartbongo@nijimiss.moe:,3
:resonyance@misskey.neos.love:,3
ğŸš´â€â™€ï¸,3
:nasa@.:,3
:harrypotterto_newline@.:,3
:yanchon_night@.:,3
:blobcatmeltlove@misskey.sda1.net:,3
ğŸ“”,3
ğŸ¥¦,3
:kimitatchi_mounenasai@.:,3
:yubikey@.:,3
ğŸ–¼,3
ğŸ’»,3
:are_all_girls@misskey.04.si:,3
:neko_fish@.:,3
:appcode@.:,3
:kimikesu@.:,3
:otoku@yumk.xyz:,3
:syouso@.:,3
ğŸ‡ªğŸ‡¬,3
:sodane@nijimiss.moe:,3
:nodejs@.:,3
:iyann@.:,3
:owo_ai@.:,3
:teltu@.:,3
:tultu@.:,3
ğŸ’,3
:send_money@misskey.neos.love:,3
ğŸ¤§,3
:bibibi_nullcatchan@mi.syobon.net:,3
ğŸ¦¤,3
:_ma@.:,3
:_sa@.:,3
:welcome_to_etonern@msk.ilnk.info:,3
ğŸ¸,3
:twinsparrot@fedibird.com:,3
:smiling_ai@misskey.dev:,3
:ablobhungry@fedibird.com:,3
:ablobcatblinkhyper@honi.club:,3
:resonyance@mi-wo.site:,3
ğŸ¤²,3
:paimon_surprised@tanoshii.site:,3
:shirokuma_smile@tyazzkey.work:,3
:paimon_nomming@fedibird.com:,3
:blobcat_frustration@fedibird.com:,3
â˜,3
:brave@.:,3
:ore@mk.f72u.net:,3
:blobgo@msk.ilnk.info:,3
:kamo@yumk.xyz:,3
:youtaiki_nemudaru@.:,3
:qc_abandoned@.:,3
ğŸ»,3
:iie@honi.club:,3
:gurapat@.:,3
:ablobcatfloofpat@mi-wo.site:,3
:dlsite@.:,3
ğŸ’¿,3
:onenote@.:,3
:HRYK@nekonet.cyou:,3
â‡,3
:biglove_nullcatchan@fedibird.com:,3
:sumimasendesita@.:,3
:wakaru@simkey.net:,3
:baltu@.:,3
:umasou@.:,3
:cr_edge@.:,3
:kakujikkensuruzo@misskey.04.si:,3
ğŸ‡·ğŸ‡º,3
:hiroukonpaira@.:,3
:goanzenni@.:,2
:blobcathyper@msk.seppuku.club:,2
:blobcatscience@msk.ilnk.info:,2
:blobfoxscience@msk.ilnk.info:,2
â˜„,2
ğŸ§‘â€ğŸ¤â€ğŸ§‘,2
ğŸ¬,2
:maziya@misskey.cf:,2
:vio_hair_removal_do@.:,2
:blobcatmeltthumbsup@misskey.m544.net:,2
:parrot@nijimiss.moe:,2
:static_polarbear@fedibird.com:,2
:ablobcheer@msk.ilnk.info:,2
âš›,2
:zurui@misskey.nokotaro.com:,2
:kakunokyoui@sushi.ski:,2
:tiken@misskey.04.si:,2
:chottomattechierunobuiri@msk.ilnk.info:,2
:cirno_ice@fedibird.com:,2
:uptoyou@.:,2
:kazaminpat@msk.ilnk.info:,2
ğŸ,2
:Shiropuyo_oiwai@misskey.04.si:,2
:_ne@fedibird.com:,2
:otsukare@fedibird.com:,2
:molcar_police@.:,2
:iizo@mk.shrimpia.network:,2
:eyes_fidgeting@sudo.mkdir.uk:,2
:iihanashi_move@msky.crawling-with-love.com:,2
:simira@beta.romneko.net:,2
:simira@misskey.omhnc.net:,2
:soreha_sou_romcat@beta.romneko.net:,2
:bugcatlickfast@msky.crawling-with-love.com:,2
ğŸ’¦,2
:blobthinkingfast@msky.crawling-with-love.com:,2
:watakushidattesoudesuwa@msk.ilnk.info:,2
:t_oishii@misskey.social:,2
:povo@misskey.cf:,2
:blobbroken@fedibird.com:,2
ğŸ˜µ,2
:index_out_of_range@.:,2
:nullcat_new@misskey.omhnc.net:,2
:javascript_dl@sudo.mkdir.uk:,2
:blank@sudo.mkdir.uk:,2
:kdgrmngrm_wakaru@fedibird.com:,2
:t_soudane@fedibird.com:,2
:blobcatcomfysweat@warpday.net:,2
ğŸ‘•,2
:ijo@fedibird.com:,2
ğŸŸ¦,2
:oyurushikudasai@misskey.pantasystem.com:,2
:henpin@mk.f72u.net:,2
:pepesmug@.:,2
:iie@simkey.net:,2
:NyanNullCat_yabai@beta.romneko.net:,2
ğŸ‘š,2
:blob3c2@mk2.toyoko.in:,2
:yattare@mk.shrimpia.network:,2
:docchimo@misskey.04.si:,2
:yattane@warpday.net:,2
ğŸ¯,2
ğŸ¯,2
:polarbear_crying@mk.shrimpia.network:,2
:pacochi_wakaru_cat@fedibird.com:,2
:bikkuri@msk.seppuku.club:,2
:daitaiwakatta@misskey.life:,2
ğŸ‡,2
:genbaneko_face@warpday.net:,2
ğŸ’‰,2
:meowflower@tanoshii.site:,2
:otukaresama@msk.ilnk.info:,2
:erait@kagamisskey.com:,2
:seyana@nijimiss.moe:,2
:oyasumi@msk.ilnk.info:,2
:netabare@fedibird.com:,2
:kawaii_hanasi@beta.romneko.net:,2
ğŸ˜—,2
:08_ibaraki@msk.ilnk.info:,2
ğŸ˜´,2
:woozy_cute@beta.romneko.net:,2
:tobu_nodaline@.:,2
ğŸ’ƒ,2
:ultrafastparrot@kagamisskey.com:,2
ğŸ«³,2
:ablobcatheart@msk.ilnk.info:,2
:omaegawarui@fedibird.com:,2
:omaegawarui@.:,2
:senko_stop@fedibird.com:,2
:aru@misskey.pantasystem.com:,2
:ablobcatheadbangfastultra@msk.ilnk.info:,2
ğŸ…,2
:hai@labo.wovs.tk:,2
:siropuyo_tensai@mattyaski.co:,2
:henpin@submarin.online:,2
:blobfearful@misskey.m544.net:,2
:blobshh@misskey.m544.net:,2
:neyoune@mk.shrimpia.network:,2
:kobayashiseiyaku_no_itoyouji@fedibird.com:,2
ğŸ¤—,2
:sore@mk.lei202.com:,2
ğŸ§¬,2
:blobpanic@misskey.m544.net:,2
ğŸ§‡,2
:xtu@.:,2
:oishii_pasta_tukutta_omae@.:,2
:iihanashi@mi.harumakizaemon.net:,2
:nyultu@beta.romneko.net:,2
ãŠ—,2
:senko_stop@misskey.na2na.dev:,2
:haiso@submarin.online:,2
:hate_speech@.:,2
:blobyes@mi.harumakizaemon.net:,2
:nervouscursor@sushi.ski:,2
ğŸ¦‰,2
:souiuhimoaru@fedibird.com:,2
:iizo@warpday.net:,2
ğŸ‘º,2
:mogesou@.:,2
:ohayougozaimasu@relict.one:,2
:c_yunou@fedibird.com:,2
:shikei@misskey.sda1.net:,2
:praise@.:,2
:erai@submarin.online:,2
:georgefloyd_cheers@detroitriotcity.com:,2
:_se@.:,2
:clion@.:,2
:nukeexplosion@mi.tkw.fm:,2
:t_ganbae@misskey.cloud:,2
:he_hiragana@submarin.online:,2
:nullnyat_yuruka@mi.tkw.fm:,2
:comfyfire@sunisky.club:,2
:ablobcatwave@fedibird.com:,2
:ablobcatpeekfire@sunisky.club:,2
:blobinlove@msky.crawling-with-love.com:,2
ğŸ•¸,2
:siltu@honi.club:,2
:ojiichan_nan_no_hanashi@msk.ilnk.info:,2
:blobok@msk.ilnk.info:,2
:ablobwobroll@fedibird.com:,2
:blobcoffee@msky.crawling-with-love.com:,2
:blobfoxflower@msk.ilnk.info:,2
:donmai@msk.ilnk.info:,2
:ablobblewobble@sushi.ski:,2
:kakusansitahougaii@mattyaski.co:,2
:omedetou@sushi.ski:,2
:soudasouda@sushi.ski:,2
:_shi@.:,2
:shirokuma_itterasshai@tyazzkey.work:,2
:exploding_woozy@misskey.04.si:,2
:quadparrot@sushi.ski:,2
:photoshop@.:,2
ğŸ“±,2
:vsdarkrai@msk.ilnk.info:,2
ğŸ‡°ğŸ‡·,2
:senkohappy@.:,2
:meowcry@msky.crawling-with-love.com:,2
:ablobcatheart@mattyaski.co:,2
:aruaru@msk.ilnk.info:,2
ğŸ¨,2
:otoku@simkey.net:,2
:shinjiro@mk2.toyoko.in:,2
:sou@submarin.online:,2
ğŸ§‘â€ğŸ¦²,2
:pultu@.:,2
:petthex_syuilo@fedibird.com:,2
:hakudatu@.:,2
:blobcathuggies@mattyaski.co:,2
:ore@fedibird.com:,2
:midyomidyo@.:,2
:blobtech@msk.ilnk.info:,2
:type_local@honi.club:,2
:tsujo@beta.romneko.net:,2
ğŸ«€,2
:hai@mi.sunset0916.net:,2
:hai@mk.yopo.work:,2
ğŸ»â€â„ï¸,2
:blobchibi@beta.romneko.net:,2
:iie@beta.romneko.net:,2
:e_hiragana@submarin.online:,2
:koresuki@fedibird.com:,2
:meowmeltcry@fedibird.com:,2
:blobcatsadhuggies@msk.ilnk.info:,2
:polarbear_hayasugi@fedibird.com:,2
:anataima_unkotte_iimashitane@sushi.ski:,2
:thinking_pad@beta.romneko.net:,2
:kusa@misskey.life:,2
:woozypad@beta.romneko.net:,2
:ablobaww@misskey.nokotaro.com:,2
:souka@fedibird.com:,2
:polarbear_slow@mk.shrimpia.network:,2
:polarbear_slow@beta.romneko.net:,2
:ameownod@kagamisskey.com:,2
:we_hiragana@submarin.online:,2
:maji_mio@submarin.online:,2
:okaeri@nijimiss.moe:,2
ğŸ”§,2
:hoshii@msk.ilnk.info:,2
:cyber_hacking@beta.romneko.net:,2
:soudasouda@kagamisskey.com:,2
:iya@misskey.life:,2
:dame@mk.kochudaho.me:,2
:desuyone@sudo.mkdir.uk:,2
:sonnakotoarunda@warpday.net:,2
:soudane@msk.ilnk.info:,2
:ne_hiragana@submarin.online:,2
:yabai_logo@.:,2
:blobexclam@msk.ilnk.info:,2
:night_ablobcat_attention2@warpday.net:,2
:blobaww@misskey.goochiegoo.net:,2
:jyoukyusya_muke@fedibird.com:,2
:comfycamera@sunisky.club:,2
:blobbooks@sunisky.club:,2
:wakaru_sunset@sunisky.club:,2
:ota@mi.harumakizaemon.net:,2
:t_motimoti2@fedibird.com:,2
:pink_x@sunisky.club:,2
:hyperacceleratedclock_backwards@sunisky.club:,2
:meowhuggies@yam.menac.at:,2
:polarbear_hayasugi@msky.crawling-with-love.com:,2
:yattare@mattyaski.co:,2
:sonnamonoarunda@msk.ilnk.info:,2
:hokkaidou@misskey.m544.net:,2
:yanikasu@nekonet.cyou:,2
ğŸ©¹,2
:wakaru@mk.lei202.com:,2
:soukamo@sushi.ski:,2
:sunrise_over_pudding@stop.voring.me:,2
:today_break@fedibird.com:,2
:naruhodo@mattyaski.co:,2
:wakaranai@sushi.ski:,2
:nervouscursor@honi.club:,2
:cirno_when@.:,2
:ohayougozaimasu@kagamisskey.com:,2
:dog_smile@fedibird.com:,2
:akan@fedibird.com:,2
:t_syouki@v3.tamx.tk:,2
:taiha_nai@.:,2
:joule_netsu_de_jurultu@.:,2
:itterassyai@warpday.net:,2
:okitatoiukotohamatanemurerutoiukoto@sushi.ski:,2
:thinking_sushi@fedibird.com:,2
ğŸ‘©â€ğŸ‘§â€ğŸ‘¦,2
:ablobfoxloading@fedibird.com:,2
:Shiropuyo_thinking@mi-wo.site:,2
:aruaru@mi.tkw.fm:,2
:_pu@.:,2
:slack@.:,2
:kawaii@mof.rorea.moe:,2
:kawaiii@sushi.ski:,2
:ablobcatreachflip@mk.shrimpia.network:,2
:hontosore@mattyaski.co:,2
:ha_fandal@submarin.online:,2
:_ki@.:,2
:clearing_cache_is_your_friend@misskey.04.si:,2
:freebsd@.:,2
:haskell@.:,2
:ablobblewobble@beta.romneko.net:,2
:t_tashikani@fedibird.com:,2
:neko_nyaan@.:,2
:natukasii@msk.ilnk.info:,2
ğŸ¥«,2
ğŸ¬,2
:chino_lewd@beta.romneko.net:,2
:kawaii@honi.club:,2
:gura_a2@.:,2
:anenw20@nya.one:,2
:otoku@beta.romneko.net:,2
:ohayougozaimasu@msk.ilnk.info:,2
:haiyi_stareyes@nya.one:,2
:polarbearbongocat@misskey.nokotaro.com:,2
ğŸ‡«ğŸ‡·,2
:ablobhungry@sushi.ski:,2
:ore@beta.romneko.net:,2
:mei23@misskey.m544.net:,2
:mog@mattyaski.co:,2
:angry_shibe@warpday.net:,2
:kaikigenshou@misskey.sda1.net:,2
:sorena@nijimiss.moe:,2
ğŸ›¢,2
:cyber_hacking@honi.club:,2
ğŸŒ¿,2
ğŸ”Ÿ,2
:blob_hyper_nod@fedibird.com:,2
:kamo_hc@beta.romneko.net:,2
â¬†,2
:blobcatPhotobomb@nekonet.cyou:,2
:bap@kagamisskey.com:,2
:mikutter@fedibird.com:,2
:ablobcathyper@misskey.nokotaro.com:,2
:blobcatcomfy@fedibird.com:,2
:jibun_mo_sou@warpday.net:,2
:meowblue@fedibird.com:,2
:ablobthinkingfast@mi.harumakizaemon.net:,2
:igyo@mk.shrimpia.network:,2
ğŸª,2
ğŸ¢,2
:_lyu@.:,2
:_u@misskey.04.si:,2
ğŸ§™,2
ğŸ“,2
:shigotoshiro@submarin.online:,2
:horoboshimashou@sunisky.club:,2
:blobcatpeach@fedibird.com:,2
:insyudasa@sushi.ski:,2
ğŸ˜£,2
:syuilo@sudo.mkdir.uk:,2
:fuyugawarui@warpday.net:,2
:verified_puddingified_verify@.:,2
:kyoumibukai@warpday.net:,2
:maltu@.:,2
:waccha@.:,2
:joubutsushite_clemence@.:,2
:_pi@.:,2
:twitter@fedibird.com:,2
:sleepingparrot@nijimiss.moe:,2
:honmaka@beta.romneko.net:,2
:yabaiwayo@nijimiss.moe:,2
:Everyone_is_amazing@msk.ilnk.info:,2
:blobcatsweatflips@msk.ilnk.info:,2
:meow_bongoderp@nekonet.cyou:,2
:sugoihanashi@fedibird.com:,2
:meowSurprised@tanoshii.site:,2
:woozy_nom_pizza@honi.club:,2
:tashikani@mi.tkw.fm:,2
:igyo@mk.yopo.work:,2
:tintinmisete@mi.tkw.fm:,2
ğŸ†,2
ğŸ“¸,2
ğŸ±,2
:yusho@.:,2
:kawaiifes@.:,2
:sugoihanashi@misskey.04.si:,2
ğŸ™ğŸ»,2
:smugIsabelle@.:,2
ğŸ‡¯ğŸ‡²,2
:kaiteki@.:,2
:gravity@.:,2
:megamoji@misskey.niri.la:,2
:_gu@.:,2
:blobcozynap@msk.ilnk.info:,2
:iihanashi@msky.crawling-with-love.com:,2
:vio_hair_removal_do@honi.club:,2
:bap@yumk.xyz:,2
:igyo@warpday.net:,2
:desuka@.:,2
:omaegawarui@mk.f72u.net:,2
:anidab_left@.:,2
:iie@misskey.pantasystem.com:,2
ğŸ˜,2
:ablobcatcryingcute@mi.tkw.fm:,2
:blob_super_nod@mi-wo.site:,2
ğŸ¤´,2
:majikayo@fedibird.com:,2
:ai_yay@fedibird.com:,2
:meowcry@honi.club:,2
:dekinu@.:,2
:igyo@msk.ilnk.info:,2
:ore@fle.studio:,2
:creditcard_face@.:,2
:blobcatsadhuggies@msky.crawling-with-love.com:,2
:icon_thinaticsystem@honi.club:,2
:erojan@fedibird.com:,2
:arigato@fedibird.com:,2
ğŸŒ•,2
ğŸª,2
:blobmachete_rev@tanoshii.site:,2
:meowpraise@misskey.m544.net:,2
:ociizo@fedibird.com:,2
ğŸŒ±,2
â¡,2
:kinisunna@fedibird.com:,2
:emergency@honi.club:,2
:geltu@.:,2
:blobcatmeltcry@fedibird.com:,2
:oltu@warpday.net:,2
:hoshii@honi.club:,2
:woozyblobthumbsup@msk.ilnk.info:,2
:blob_bongo_cat_keyboard@warpday.net:,2
:erait@misskey.na2na.dev:,2
:blobcatadorable@misskey.ranranhome.info:,2
:ablobcatheadbangfastultra@rafale.misskey.online:,2
ğŸ¤¤,2
ğŸ˜¸,2
:is_all_scam@fedibird.com:,2
:kinsin_sho@fedibird.com:,2
:otsukare@submarin.online:,2
:blob_super_nod@tyazzkey.work:,2
:tensai@sudo.mkdir.uk:,2
:t_kanashiine@fedibird.com:,2
:tashikani@misskey.neos.love:,2
:p_i_p@.:,2
:cofebun1@.:,2
:petthex_ai@.:,2
:puddingified_rejected@.:,2
:sugoihanashi@m5y.usuyuki.net:,2
:shizuku_oh@.:,2
:ablobcatheartsqueeze@fedibird.com:,2
:emergency@mk.f72u.net:,2
:daltu@.:,2
:blobcatlove@mk.shrimpia.network:,2
ğŸ™…â€â™‚ï¸,2
:gustafgaveyoumyheart@tanoshii.site:,2
ğŸ¦,2
:oyasumi@misskey.life:,2
:anataima_unkotte_iimashitane@fedibird.com:,2
:hug3@mk.kirota.net:,2
:neyoune@newskey.cc:,2
:paimonknife@.:,2
:otachan_drinking@.:,2
:iizo@misskey.niri.la:,2
ğŸ•³,2
:yanchon_love@.:,2
:ablobcatfloofpat@misskey.sda1.net:,2
:arigunyatogonyainyasu@misskey.sda1.net:,2
ğŸ›,2
:yarukiga_denai@.:,2
:blobcatgooglydrool@msk.ilnk.info:,2
:thinking_face_neon@misskey.04.si:,2
:wakatte@.:,2
:superspinthinking@misskey.04.si:,2
:pixie_fan@.:,2
:gege_ltu@msk.ilnk.info:,2
:panpanshitai@mi.tkw.fm:,2
ğŸ› ,2
ğŸ‘¨â€ğŸ‘©â€ğŸ‘¦â€ğŸ‘¦,2
:decomojihitohanaze@fedibird.com:,2
:sadblob@misskey.niri.la:,2
ğŸ’°,2
:metyakutyasugoi@misskey.04.si:,2
ğŸ’“,2
:sandwich_buns_bottom@.:,2
:ultrafastparrot@nyoroooon.xyz:,2
:shizuku_look@.:,2
:yanchon_morning@.:,2
:ablobcatnodmeltcry@misskey.neos.love:,2
ğŸ¹,2
:blobcataww@mattyaski.co:,2
ğŸ§™â€â™€ï¸,2
ğŸ‰,2
ğŸ”Š,2
ğŸ¾,2
ğŸª”,2
:need_for_sleep@.:,2
:Shiropuyo_rainbow@misskey.04.si:,2
ğŸ ,2
:pakupakudesuwa@fedibird.com:,2
:bunpats@.:,2
:chottodekiru@.:,2
ğŸ‘³,2
:blobcatcoffee@nijimiss.moe:,2
ğŸ“,2
:sodatiga_futsuu@.:,2
:henpin@yumk.xyz:,2
:tsunda@.:,2
ğŸ§¨,2
:sou@yumk.xyz:,2
:yasumikibunnga_nukeppanashi@.:,2
:jouhourouei@.:,2
:_tsu@.:,2
:roltu@.:,2
:nattou@.:,2
ğŸ”Œ,2
ğŸ™‚,2
:desuyone@misskey.niri.la:,2
:naruhodo@misskey.neos.love:,2
:Shiropuyo_kawaii@misskey.04.si:,2
:blobcatnotamused@.:,2
â˜”,2
ğŸš¯,2
ğŸš­,2
:souomottakoto_ichidohaarimasuyone@misskey.neos.love:,2
ğŸªƒ,2
:desuyo@.:,2
ğŸŒ½,2
:kokoa_waiwai@misskey.neos.love:,2
:blobooh@misskey.m544.net:,2
:oneechan@.:,2
:Shiropuyo_jururi@misskey.04.si:,2
:otoku@fedibird.com:,2
âš«,2
:t_youkoso@fedibird.com:,2
ğŸ€,2
:stamp_qcpass@.:,2
:emerald_fire@misskey.04.si:,2
ğŸ‡«ğŸ‡®,2
:ablobpats@warpday.net:,2
:misskey11@.:,2
:ha_q@.:,2
ğŸª¥,2
:blobcatfingerguns@misskey.m544.net:,2
ğŸ‡,2
:Shiropuyo_drink_tea@misskey.04.si:,2
:monster_nullcat@.:,2
ğŸ•¯,2
:blob_keybord@.:,2
:tonkotsu@.:,2
:poop_vomiting_saurus_found@.:,2
:i_mode@.:,2
:kowaihanashi@fedibird.com:,2
ğŸ¥˜,2
:sonnnasoubide_daijoubuka@.:,2
:thaikick@.:,2
:oremoonajikimochi@.:,2
â†©,2
ğŸ²,2
:rust@.:,2
:bun_down@.:,2
:ablobgoodnightreverse@misskey.04.si:,2
:blobcatmeataww@fedibird.com:,2
:kamo@misskey.cf:,2
:suibotsu@.:,2
:t_otsukare@fedibird.com:,2
:nachoneko_hyper@k.lapy.link:,2
:bunglitch@.:,2
:kamo@mk.yopo.work:,2
:oxtu@misskey.cf:,2
:wakaru@misskey.sda1.net:,2
:Shiropuyo_goukyuu@mi-wo.site:,2
:tendousetsu@.:,2
ğŸ›,2
:kyle@.:,2
:niltu@.:,2
:woozy_sob@fedibird.com:,2
ğŸ˜º,2
:iizo@misskey.zerozaski.tech:,2
:kamo@misskey.usbharu.dev:,2
ğŸ’’,2
:ablobdundundun@nijimiss.moe:,2
:yen_face@.:,2
ğŸªŸ,2
:bunhd_happyhop@nijimiss.moe:,2
:tiken@warpday.net:,2
:hypehype@sunisky.club:,2
:blobaww@misskey.m544.net:,2
:ho@.:,2
:ai_9597@honi.club:,2
ğŸ¶,2
:blob_exploding_head@msk.ilnk.info:,2
:abunhdsadpat@yam.menac.at:,2
:makotonokansha@.:,2
:blobpain@misskey.m544.net:,2
:Shiropuyo_sugoi@mi-wo.site:,2
:gura_peek@.:,2
:blobfoxsignthx@.:,2
ğŸ«¶,2
ğŸ§´,2
:1_admirevega@mk.absturztau.be:,2
:shirokuma_yodare@tyazzkey.work:,2
ğŸ‚,2
:shirokuma_happy@tyazzkey.work:,2
:cando@.:,2
:daiso@.:,2
:erojan@mk.lei202.com:,2
:naruhodofes@warpday.net:,2
â™€,2
:fukusuke_ok@warpday.net:,2
:t_vaccine@.:,2
ğŸ ,2
:blobgo@nijimiss.moe:,2
:taniguti_thinking@.:,2
:thonk_roll@.:,2
:igyo@misskey.neos.love:,2
:blobcatsweatflips@nijimiss.moe:,2
:very_sad@fedibird.com:,2
:word@.:,2
:winehq@.:,2
:senko_happy4@.:,2
ğŸ¦›,2
:tiken@misskey.neos.love:,2
:boredparrot@.:,2
:blobthumbsup@onsen-musume.fun:,1
:rip@.:,1
:sagi@misskey.niri.la:,1
:ai_yaysuperfast@.:,1
:kowaiwa@.:,1
:odoroune@fle.studio:,1
:polarbear_hayasugi@yam.menac.at:,1
:Shiropuyo_doon@mi-wo.site:,1
:akanyatsuya@fedibird.com:,1
âŒ›,1
:otsukaresamadesu@mi.harumakizaemon.net:,1
:blobcheeky@msk.ilnk.info:,1
:blob_patrol@msk.ilnk.info:,1
:blobcat_woozy@fedibird.com:,1
:_yo@.:,1
:_pe@fedibird.com:,1
:ablobaww@mi.harumakizaemon.net:,1
:munesawaritai@mi.tkw.fm:,1
ğŸ“–,1
:furyouhin@mk2.toyoko.in:,1
:1_nisuru@fedibird.com:,1
:watakushimodesuwa@fedibird.com:,1
:revbunhdcry@fedibird.com:,1
:notlikemiya@nekomiya.net:,1
:sonnamasaka@warpday.net:,1
ğŸŒ˜,1
:kowaihanashi@warpday.net:,1
:arigunyatogonyainyasu@msky.crawling-with-love.com:,1
:static_polarbear@mof.rorea.moe:,1
:doltu@warpday.net:,1
:yattare@p1.a9z.dev:,1
:ganbare@tanoshii.site:,1
â°,1
:oyurushikudasarikake@honi.club:,1
:blobfoxfacepalm@.:,1
ğŸ”¨,1
:blobfoxsignyes@msky.crawling-with-love.com:,1
:watakushimodesuwa@msky.crawling-with-love.com:,1
âœŠ,1
:subway@mk.shrimpia.network:,1
:wakaru@mk.tenpest-moon.uk:,1
:ablobcatfloofpat@mk.lei202.com:,1
ğŸ¿,1
ğŸ,1
:polarbear_slow@misskey.na2na.dev:,1
ğŸ”„,1
:eti_suri@beta.romneko.net:,1
:ablobcatsnowjoy@misskey.m544.net:,1
:yuki_de_snow@misskey.soda-net.com:,1
:mada@fedibird.com:,1
:watakushidattesoudesuwa@mi.sunset0916.net:,1
:furyouhin@.:,1
:meowhuggies@hina.house:,1
:souiuhimoaru@misskey.life:,1
:blobcatgamer@msk.ilnk.info:,1
:blobfoxcheck@fedibird.com:,1
:aru@submarin.online:,1
:super_hosii@mi.harumakizaemon.net:,1
:sonnakotoarunda@msk.ilnk.info:,1
:ablobaww@simkey.net:,1
:desho@beta.romneko.net:,1
:blobsob@onsen-musume.fun:,1
:nadenade_sakananoonigiri@submarin.online:,1
:blobcatyes@msk.ilnk.info:,1
:blobcatawwpat@mk.shrimpia.network:,1
:sonnnano_iranai@mk.f72u.net:,1
:iihanashi_move@mi.tkw.fm:,1
:ablobcatfloofpat@m5y.usuyuki.net:,1
:sonokanouseiwaaru@mk.shrimpia.network:,1
:muzukashiihanashi@beta.romneko.net:,1
:back_polarbear@mk2.toyoko.in:,1
:blobyes@misskey.dev:,1
:naruhodo@misskey.cf:,1
:dame@fedibird.com:,1
:wakaru@submarin.online:,1
:Shiropuyo_naruhodo@misskey.04.si:,1
âœ´,1
:nukeexplosion@k.lapy.link:,1
:ablob_nodfast@k.lapy.link:,1
:kakkoii@warpday.net:,1
:ablobcatattentionreverse@misskey.sda1.net:,1
:chigau@misskey.04.si:,1
:henpin@msky.crawling-with-love.com:,1
:arigunyatogonyainyasu@beta.romneko.net:,1
:tiken@onsen-musume.fun:,1
:yattare@misskey.assaultli.ly:,1
:tokuniomae@submarin.online:,1
:iihanashi@sudo.mkdir.uk:,1
:ultrafastparrot@mk.shrimpia.network:,1
:meow_googlymlem@nekonet.cyou:,1
ğŸ‘½,1
:fedora@onsen-musume.fun:,1
:blobcathyper@misskey.life:,1
ğŸšƒ,1
:gnu_nano@.:,1
:puniko_pout@.:,1
:under_20@mk2.toyoko.in:,1
:nantokashiro@submarin.online:,1
:chushoigyo@fle.studio:,1
:iie@submarin.online:,1
:tashikani@sushi.ski:,1
:drgn_smirk@sudo.mkdir.uk:,1
:blobsob@mi-wo.site:,1
:ablobdrool@mi.harumakizaemon.net:,1
ğŸ§­,1
:datou_corona@.:,1
:ablobsadpats@msk.ilnk.info:,1
:blobcat@mattyaski.co:,1
:blob3c@msky.crawling-with-love.com:,1
:nero@v3.tamx.tk:,1
:arigato@misskey.cloud:,1
:blobfoxcomputer@msk.ilnk.info:,1
:kowai@misskey.soda-net.com:,1
:wakaru@nr.akarinext.org:,1
:ablobcat_test3@mattyaski.co:,1
:nantokashiro@.:,1
:omaegatsukure@beta.romneko.net:,1
:sorehasou@misskey.dev:,1
ğŸ‘¨â€ğŸŒ¾,1
:naruhodo@rafale.misskey.online:,1
:Shiropuyo_heart@mi-wo.site:,1
:nttdragonface@msk.ilnk.info:,1
:9ajikxifzw@misskey.accordi.online:,1
ğŸŸ§,1
:daihatsu_copen@misskey.dev:,1
:hifumiblush@beta.romneko.net:,1
:ablobcatblink@onsen-musume.fun:,1
:waruihanasi@misskey.04.si:,1
:poop_vomiting_saurus_vomiting@honi.club:,1
ğŸ‡²ğŸ‡³,1
:sorehasou@beta.romneko.net:,1
:ablobcatnodmeltcry@msk.ilnk.info:,1
:chottonaniitterukawanannai@mattyaski.co:,1
:kowaihanashi@mk.tenpest-moon.uk:,1
:ablobcatununfast@mattyaski.co:,1
:erojan@mk.yopo.work:,1
:ablobcatangel@msk.ilnk.info:,1
:blobcatnoplease@fedibird.com:,1
:resonyance@warpday.net:,1
ğŸ””,1
:blob_on_fire@msk.ilnk.info:,1
:hai@misky.rikunagiweb.jp:,1
ğŸ¥“,1
:blob3c@misskey.m544.net:,1
:mei23@misskey.nokotaro.com:,1
ğŸ¦¾,1
:blobthumbsup@misskey.m544.net:,1
:nullcat@mk.yopo.work:,1
ğŸ§‘â€ğŸ¨,1
:kusa@sudo.mkdir.uk:,1
:agooglehearts@msk.ilnk.info:,1
:kamo@honi.stesan.dev:,1
:soukanaa@sushi.ski:,1
:blobrainbowtrash@beta.romneko.net:,1
:mog@misskey.na2na.dev:,1
:koukokunoshina@fedibird.com:,1
:erupting_pudding@honi.club:,1
:letterpackdegenkinnokuttehoshii@honi.club:,1
:5000chouen_hoshii@sudo.mkdir.uk:,1
:shiropuyo_e@mof.rorea.moe:,1
:aruaru@msky.crawling-with-love.com:,1
:rhaha_norinori@.:,1
ğŸ‰‘,1
:notlikemiya@fedibird.com:,1
:otainthenight@sunisky.club:,1
:peperoncino@sunisky.club:,1
:dsushi_otya@warpday.net:,1
:coffeefresh@sunisky.club:,1
:corgis@sunisky.club:,1
:hourglass_rotate@sunisky.club:,1
â™,1
:hoshii@fedibird.com:,1
:blobcatscared@sushi.ski:,1
:kangai_bukai_s@misskey.soda-net.com:,1
:hyokkori_ktrc@misskey.cloud:,1
:kitanai@submarin.online:,1
:banyanya@sushi.ski:,1
:honi_jibunndeshirabero@.:,1
:tashikani@kagamisskey.com:,1
:inf@misskey.dev:,1
:mentetyu@simkey.net:,1
ğŸ†™,1
:ameownod@fedibird.com:,1
:honi@sushi.ski:,1
:wasabi@misskey.m544.net:,1
:rhaha_anger_loop@.:,1
:blobcatmlem@fedibird.com:,1
:lapy_lapy3@k.lapy.link:,1
:ablobcatblinkhyper@mk.yopo.work:,1
:senko_oh@.:,1
:ablobcatblinkhyper@honi.stesan.dev:,1
:mottoyare@fedibird.com:,1
:majisuka@ktnfm.com:,1
:punkdmiku@sushi.ski:,1
:anenw10@nya.one:,1
:cool_doggo@fedibird.com:,1
:nacho_suki@sudo.mkdir.uk:,1
:14_kanagawa@sudo.mkdir.uk:,1
:36_tokushima@msk.ilnk.info:,1
:sugoihanashi@onsen-musume.fun:,1
:blob_think_smart@beta.romneko.net:,1
:blobcatheart@misskey.sda1.net:,1
ğŸ‡¸ğŸ‡§,1
:ai_embarrassed_misskeyio@fedibird.com:,1
:tabunsousirankedo@mattyaski.co:,1
:souiukoto@sudo.mkdir.uk:,1
:polarbearwarping@yam.menac.at:,1
:sticker_dangerous_items@honi.club:,1
:moji_supiritasu_kakete_agemasyoune@sushi.ski:,1
:igyou@msk.seppuku.club:,1
:genbaneko_yoshi@warpday.net:,1
:ganbare@msk.seppuku.club:,1
:polarbear_tomarikake@beta.romneko.net:,1
:iihanashi@nurash.kemomi.me:,1
:iihanashi@mattyaski.co:,1
:ablobcatheadbangfasthyper@msk.seppuku.club:,1
:paimon_good@misskey.cf:,1
:kobatokokoa@.:,1
:nacho_sleepy@simkey.net:,1
:chinchin@honi.club:,1
:tonin@misskey.omhnc.net:,1
ğŸ§¡,1
:ore@mattyaski.co:,1
:nya_niyari@v3.tamx.tk:,1
:munewomore@sushi.ski:,1
:blob_loudly_crying@msk.ilnk.info:,1
ğŸ¤˜,1
:nacho_colors@misskey.omhnc.net:,1
:nadenade@misskey.omhnc.net:,1
ğŸ‡¬ğŸ‡±,1
:taihenda@warpday.net:,1
:tiken_da@fedibird.com:,1
:shinanai_teidode@warpday.net:,1
:naruhodo@warpday.net:,1
:kamo@mk2.toyoko.in:,1
:blob_dizzy_face@msk.ilnk.info:,1
:love_nullcat@misskey.omhnc.net:,1
:yattare@misskey.sda1.net:,1
:onikutabenasai@fedibird.com:,1
:aqua_dance@.:,1
:ablobcheer@fedibird.com:,1
:naruhodofes@fedibird.com:,1
:kanashiihanashi@sudo.mkdir.uk:,1
:watakushidattesoudesuwa@sudo.mkdir.uk:,1
:unchi_gebo_saurus@honi.club:,1
:just_h@.:,1
:shigoto@.:,1
:ablobcall@msk.ilnk.info:,1
:blobfoxuwu@msk.ilnk.info:,1
:puniko_fight@msk.ilnk.info:,1
ğŸƒ,1
ğŸš‚,1
:moltu@.:,1
:thinking_omurice@balloon.potp.me:,1
:blobcatmeltcry@labo.wovs.tk:,1
:java_logo@beta.romneko.net:,1
:thinking_omurice@tyazzkey.work:,1
:ablob_woahsnow@msk.ilnk.info:,1
:go_study@.:,1
:gyakudatta_kamo_shirenee@msk.ilnk.info:,1
:blob_pensive_pray@msk.ilnk.info:,1
:desho@simkey.net:,1
:angry_ai@mk.lei202.com:,1
:wakaru@misskey.na2na.dev:,1
:ablobaww@nekomiya.net:,1
:arigunyatogonyainyasu@mk2.toyoko.in:,1
:Shiropuyo_ikinoiikakihahuraidayo@misskey.04.si:,1
:ichitarou@.:,1
ğŸ‘¿,1
:freebsd@mi.syobon.net:,1
:Shiropuyo_doon@balloon.potp.me:,1
:purin24@fedibird.com:,1
:fedora@misskey.sda1.net:,1
:krita@.:,1
:nixos@.:,1
:sugoi_ex@warpday.net:,1
:python@misskey.sda1.net:,1
:sonnakotonai@warpday.net:,1
:sasuga_neet@.:,1
:makotoniossharutooridesuwa@fedibird.com:,1
:ngod_ok@mi.syobon.net:,1
:kanneiyahataseitetsusyo@fedibird.com:,1
:ablobfoxloading@nekomiya.net:,1
:think_nullcat@mi-wo.site:,1
:petthex_nullcat@mi-wo.site:,1
:niyaniya_sakananoonigiri@fle.studio:,1
:niyaniya_sakananoonigiri@submarin.online:,1
:tikutiku_kotoba@.:,1
:watakushidattesoudesuwa@misskey.04.si:,1
:wikipedia_wo_wiki_tte_ryakusuna@.:,1
:meowpraise@msk.ilnk.info:,1
:kamo@mk.shrimpia.network:,1
:vtec@mi.tkw.fm:,1
:lewd_sistine@.:,1
:ablobcatheart@msky.crawling-with-love.com:,1
:blobreach_rev@msky.crawling-with-love.com:,1
:erait@mewl.me:,1
ğŸ‘µ,1
:mog@beta.romneko.net:,1
:nacho_colors@beta.romneko.net:,1
:twinsparrot@nijimiss.moe:,1
:wakaru@mi.syobon.net:,1
:ablobcatblink@mi-wo.site:,1
:sukebe@beta.romneko.net:,1
:love_parrot@fedibird.com:,1
:thinkhappy@msky.crawling-with-love.com:,1
:nanmowakaran@sudo.mkdir.uk:,1
:io@sudo.mkdir.uk:,1
:nachoneko_exasperated@.:,1
:pecchintosh@.:,1
:chin@fedibird.com:,1
:ablobcatblinkhyper@mi.harumakizaemon.net:,1
:thonk_roll@beta.romneko.net:,1
:kiss_me@sudo.mkdir.uk:,1
:paimon_good@fedibird.com:,1
:petthex_carotene@fedibird.com:,1
:ablobblewobbleslow@fedibird.com:,1
:hyperthink@.:,1
:kowai@msk.ilnk.info:,1
:blobthumbsup@beta.romneko.net:,1
:twitter_fact_check@.:,1
:oh@warpday.net:,1
:kakujikken_shitayo@msk.ilnk.info:,1
:nantokashiro@mk.tenpest-moon.uk:,1
:ore@mk.tenpest-moon.uk:,1
:blobmindblown@fedibird.com:,1
:blobmindblown@misskey.goochiegoo.net:,1
:knockout_city@.:,1
:neyoune@submarin.online:,1
:deutsch_jp@msk.ilnk.info:,1
:blobcheer@misskey.m544.net:,1
:Shiropuyo_heart@misskey.art:,1
:chinchin@mk2.toyoko.in:,1
ğŸ§®,1
:bikkuri_nullcatchan@misskey.omhnc.net:,1
:blobcatflower@fedibird.com:,1
ğŸ‘©â€ğŸš€,1
:eti@nijimiss.moe:,1
:comfyshibanight@sunisky.club:,1
:otoku@mk.f72u.net:,1
:blobcatheart2@fedibird.com:,1
:kitanai@fedibird.com:,1
ğŸƒ,1
:nihongodeok@submarin.online:,1
:zurui@kagamisskey.com:,1
:whyMelt@social.scarlet.house:,1
:love_nullcatchan@simkey.net:,1
:mitsu_desu@.:,1
:score_65535@honi.club:,1
:ablobhearteyes@msk.ilnk.info:,1
:tensai@nekomiya.net:,1
:t_nandeya@fedibird.com:,1
:ablobsadparty@sunisky.club:,1
:t_otsukare@nightly.fedibird.com:,1
:chrome@fedibird.com:,1
:konni_tiha@fedibird.com:,1
:ganbatte@mi.harumakizaemon.net:,1
:burgerking1999@misskey.nokotaro.com:,1
:shouyukaketeagemashoune@sunisky.club:,1
:zurui@tanoshii.site:,1
:ablob_spinfast@fedibird.com:,1
ğŸ¿,1
:kowaihanashi@misskey.zerozaski.tech:,1
:blobcat@mi.harumakizaemon.net:,1
:blobcat_cryingcute@uma.milkey.homes:,1
:static_polarbear@mk2.toyoko.in:,1
:parrot_sorena@fedibird.com:,1
:ii@fedibird.com:,1
:nyan_cat@misskey.ranranhome.info:,1
ğŸ§µ,1
:souiuhimoaru@mk2.toyoko.in:,1
:soudesuwane@fedibird.com:,1
:blobcatnotlikethis@msky.crawling-with-love.com:,1
:honi@fedibird.com:,1
ğŸ•”,1
:omaegayare@sushi.ski:,1
:verified@misskey.04.si:,1
:owonervous@.:,1
:verifinking@.:,1
ğŸ¡,1
:Shiropuyo_doon@misskey.04.si:,1
:manyo_shu@.:,1
:575@mk2.toyoko.in:,1
ğŸ,1
:blobcatsadreach@misskey.m544.net:,1
:nazenano@warpday.net:,1
:soukamo@misskey.zerozaski.tech:,1
:amarinimo_kawaii@.:,1
:kawaii@mk.tenpest-moon.uk:,1
:akko_lewd@tanoshii.site:,1
:tapioca_natadecoco_ramen@msk.ilnk.info:,1
:happycat@sushi.ski:,1
:blob_super_nod@mk.shrimpia.network:,1
:blob_super_nod@fedibird.com:,1
:nanmowakaran@p1.a9z.dev:,1
:yoshi@fedibird.com:,1
:misskey@misskey.04.si:,1
ğŸ’,1
:blobcat_frustration@msky.crawling-with-love.com:,1
:blob_ban@mi.tkw.fm:,1
:gege_ltu@mi.yude.moe:,1
:strings_validation_error@.:,1
ğŸ™‡â€â™€ï¸,1
:murakami_arigatou@sudo.mkdir.uk:,1
:blobcocoa@mk.shrimpia.network:,1
:daizyoubu_kakujikkennsuru@fedibird.com:,1
:fact@fedibird.com:,1
:insyudasa@.:,1
:abunhdhappyhop@fedibird.com:,1
:eti_ziwa@misskey.m544.net:,1
:damaroune@submarin.online:,1
ğŸ’«,1
:sonokanouseiwaaru@mk.f72u.net:,1
:sonnakoto_itte_iinoka@fedibird.com:,1
:blobcatjoy@msk.ilnk.info:,1
:blobgo@msky.crawling-with-love.com:,1
:okuttehoshii@beta.romneko.net:,1
:regedit@honi.club:,1
:bomber_smile@fedibird.com:,1
:soumitai@nijimiss.moe:,1
:1_goldship@kagamisskey.com:,1
:hikakin_destroy@mk.shrimpia.network:,1
:bed_oide@fedibird.com:,1
:sugoi_ex@fedibird.com:,1
:tensai@mk.dekobokojin.com:,1
:parrot_wave6@fedibird.com:,1
:aruaru@nijimiss.moe:,1
:iizo@submarin.online:,1
:eyes_blink@fedibird.com:,1
:suteki@misskey.art:,1
ğŸ§,1
:unchi_gebo_saurus@fedibird.com:,1
:ablobcatcoffee@mk.shrimpia.network:,1
:thinkgoing@k.lapy.link:,1
:nkoLove@sushi.ski:,1
ğŸ”­,1
:wakaran@fedibird.com:,1
:blobok@warpday.net:,1
:mog@simkey.net:,1
:mama@fedibird.com:,1
:blackcat_upside_down@k.lapy.link:,1
:aftereffects@.:,1
:ruby@.:,1
:take_a_break@.:,1
:polarbear@fedibird.com:,1
:blobcatowoevil@misskey.m544.net:,1
:ablobcatfloofpat@mi.cbrx.io:,1
:gopher_cheer@msk.ilnk.info:,1
:misskey@stop.voring.me:,1
:blob_number6@msk.ilnk.info:,1
:blobcatsweatflips@misskey.7ka.org:,1
:blob_hyper_nod@honi.club:,1
:ablobcatcry@fedibird.com:,1
:bun@fedibird.com:,1
:1000@msk.ilnk.info:,1
ğŸ—ƒ,1
:blobcatghost@nekomiya.net:,1
â£,1
:aiwave2@.:,1
:kawaiine@tanoshii.site:,1
:ohayougozaimasu@misskey.zerozaski.tech:,1
:youkoso_you@.:,1
:misscat@.:,1
:regular@honi.club:,1
:AstolfoCry@.:,1
:chika_shake@mk.kirota.net:,1
:nacho_look@.:,1
:wakaru_cat@misskey.takehi.to:,1
:kyoumibukai@mi-wo.site:,1
:petthex_nullcat@sudo.mkdir.uk:,1
:kansya@sudo.mkdir.uk:,1
:watakushidattesoudesuwa@kagamisskey.com:,1
:nacho_cry@nya.one:,1
ğŸ—,1
ğŸ§Œ,1
ğŸ”³,1
:cookie_ramen@mk2.toyoko.in:,1
âŒ¨,1
:o_wa@mk.shrimpia.network:,1
:tashikani@nr.akarinext.org:,1
:ociizo@mi.tkw.fm:,1
:tapioca_natadecoco_ramen@fedibird.com:,1
:ifilter_misetehoshii@mi.yude.moe:,1
:eyes_fidgeting@mewl.me:,1
:blob_smiling_face_with_three_hearts@mewl.me:,1
:parrot_ohayo@fedibird.com:,1
:ablobcatfloofpat@relict.one:,1
:blobcatthink@labo.wovs.tk:,1
:noonafternoon@misskey.soda-net.com:,1
:nim@.:,1
:ai_9597@mk2.toyoko.in:,1
:blobcat_floofpat@mi.syobon.net:,1
:omae@fedibird.com:,1
:m5_shock@nya.one:,1
:kusa@mi.syobon.net:,1
:ablobhaifast@mk.yopo.work:,1
:blobcatpolicepeek@sushi.ski:,1
:kyash@umaskey.net:,1
:blobcatheart@fedibird.com:,1
:erait@nightly.fedibird.com:,1
:ablobaww@umaskey.net:,1
ğŸˆ²,1
ğŸ›—,1
:iihanashi@m5y.usuyuki.net:,1
:igyo@fle.studio:,1
:iie@mk.f72u.net:,1
:ara_heart@mk.f72u.net:,1
:leagueoflegends@.:,1
:vue@fedibird.com:,1
:vue@simkey.net:,1
:blobcatuwucry@fedibird.com:,1
:moesou@sushi.ski:,1
:poop_vomiting_saurus_animation@fle.studio:,1
:yat_tare@beta.romneko.net:,1
:ore@nekomiya.net:,1
:ore@misskey.sda1.net:,1
:sugoi@mi-wo.site:,1
:blobcatadorablepinkpat@fedibird.com:,1
:blob_bongo_cat_keyboard@misskey.m544.net:,1
:panjan@submarin.online:,1
:blobcatheartbongo@sakana-no-bone.net:,1
âœ‰,1
:smiling_ai@fedibird.com:,1
:sorehaomaegasukebedakarada@sushi.ski:,1
:minahoshi_sad@msk.ilnk.info:,1
:minahoshi_ok@msk.ilnk.info:,1
:bunsad@.:,1
:yattare@m5y.usuyuki.net:,1
:ablobcatcryingcute@m5y.usuyuki.net:,1
:gateway@nijimiss.moe:,1
:kinsin_sho@beta.romneko.net:,1
:naruhodonaa@.:,1
:saite@sushi.ski:,1
:hathaway@mk.shrimpia.network:,1
:petthex_murakamisan@fle.studio:,1
:copyleft@beta.romneko.net:,1
:blobtoofast@misskey.m544.net:,1
:blobfoxbongohyper@misskey.nokotaro.com:,1
:hibiki_flex@fedibird.com:,1
:sticker_bargain_1@fedibird.com:,1
:twitter@beta.romneko.net:,1
:iizo@beta.romneko.net:,1
:twitter@sushi.ski:,1
:meowhuggies@misskey.nenohi.net:,1
:petthex_nullcat@sushi.ski:,1
:yattare@warpday.net:,1
:hai@misskey.usbharu.dev:,1
:blobcatmeltlovesmile@beta.romneko.net:,1
:ablobcatfloofpat@misskey.cf:,1
:misskey@misskey.social:,1
î”Š,1
:aburgnom@misskey.cf:,1
:fingerguns@misskey.soda-net.com:,1
ğŸ“,1
:blobcattamago@sushi.ski:,1
:7_11@sushi.ski:,1
:yatta@nijimiss.moe:,1
:sonkei@misskey.cf:,1
ğŸ¢,1
:oliveoilkaketeagemashoune@sunisky.club:,1
:ablobcathyper@misskey.gamelore.fun:,1
:nazo@beta.romneko.net:,1
:blobeating_ehoumaki@fedi.lecturify.net:,1
:partyparrot@fedibird.com:,1
ğŸ§¼,1
:thinkpad@misskey.dev:,1
:woozy_cat@newskey.cc:,1
:koishi_smug@misskey.m544.net:,1
:denwaneko@misskey.sda1.net:,1
:Shiropuyo_hatena@mi-wo.site:,1
:aruaru@mk.tenpest-moon.uk:,1
:thinkhappy@mi.cbrx.io:,1
:atode_kesu@mk.f72u.net:,1
:fake@fedibird.com:,1
:shikei@beta.romneko.net:,1
:misskey@msk.seppuku.club:,1
:100_same@birb.space:,1
ğŸ”˜,1
:fakenews@fedibird.com:,1
:ryzen_circle@.:,1
:do_it_yourself@sudo.mkdir.uk:,1
:ohayougozaimasu@mk.yopo.work:,1
:hanshin@misskey.04.si:,1
:otsukaresama@misskey.nokotaro.com:,1
:akko_thonk@.:,1
:nananana@honi.club:,1
:senkocry@.:,1
:aruaru@misskey.sda1.net:,1
:ai_longlong@misskey.sda1.net:,1
:misskey13@mi.tkw.fm:,1
:blobcatyes@fedibird.com:,1
:blob_hyper_nod@tanoshii.site:,1
:msime_mode@honi.club:,1
:anataimaunkotteiimashitane@mk.kochudaho.me:,1
:supertada@kokonect.link:,1
:supertada@kr.akirin.xyz:,1
:supertada@mk.lei202.com:,1
:bunlewd@.:,1
:sticker_dangerous_items@mi.tkw.fm:,1
:rec@mi.tkw.fm:,1
:heart_parrot@fedibird.com:,1
:blob_hyper_nod@sushi.ski:,1
:think_nullcat@sushi.ski:,1
:quip@.:,1
:yay_ai@misskey.dev:,1
:daijoubu@fedibird.com:,1
:sokufloofpat@onsen-musume.fun:,1
:kawaiii@mk.lei202.com:,1
:blobcatpeekaboo@nekonet.cyou:,1
:gura_laugh@misskey.social:,1
:nero@misskey.04.si:,1
:cum@stop.voring.me:,1
ğŸ™‹â€â™‚ï¸,1
:senko_boast@.:,1
ğŸ”—,1
:ohayougozaimasu@mi.yude.moe:,1
ğŸ›¸,1
:blobcat_hearts@sudo.mkdir.uk:,1
:microsoft@k.lapy.link:,1
:dotchimo@submarin.online:,1
:blobcat_mac@sudo.mkdir.uk:,1
:blobcatcry@sudo.mkdir.uk:,1
:blobcat_owo@sudo.mkdir.uk:,1
:blobcatneutral@sudo.mkdir.uk:,1
:inkscape@.:,1
:oyurushikudasai@msk.ilnk.info:,1
:blobcataww@z.kvche.ch:,1
:ablobthumbsup@mk.shrimpia.network:,1
:ohayougozaimasu_3@sudo.mkdir.uk:,1
:eroit@sushi.ski:,1
ğŸ,1
ğŸ’§,1
:nekobounce@sushi.ski:,1
:blobcatrainbow@nijimiss.moe:,1
:naruhodo@mk.yopo.work:,1
:yanchon_kanpai@.:,1
:blobyes@misskey.neos.love:,1
:sodatiga_kajou@misskey.nokotaro.com:,1
:yattare@misskey.gamelore.fun:,1
:miss@msk.ilnk.info:,1
:ablobcatcry@relict.one:,1
:suki@misskey.cf:,1
:cofebun1@sushi.ski:,1
:watakushidattesoudesuwa@sushi.ski:,1
:baran@sushi.ski:,1
ğŸ“¦,1
:ablobcatheart@fedibird.com:,1
:souiuhimoaru@msk.ilnk.info:,1
:polarbearsunglasses@misskey.nokotaro.com:,1
:ii@sudo.mkdir.uk:,1
:zako_heart@fedibird.com:,1
ğŸˆš,1
:blobbounce@misskey.neos.love:,1
:kusa@misskey.dev:,1
:kusa@mk.lei202.com:,1
:kusa@kokonect.link:,1
:kusa@gyutte.site:,1
:kusa@kr.akirin.xyz:,1
:linux@nyoroooon.xyz:,1
ğŸ§‘â€ğŸ“,1
:shibehappy@.:,1
:praying_cat@mk.shrimpia.network:,1
:webstorm@.:,1
:blobangel@msk.ilnk.info:,1
:oltu@misskey.usbharu.dev:,1
:alert@mk.kochudaho.me:,1
:afire@mi.tkw.fm:,1
:hamburger_petthex@warpday.net:,1
:sou@mk.yopo.work:,1
:tensai@fedibird.com:,1
:blobcatfrustration@k.lapy.link:,1
:igyo@relict.one:,1
:tokimeki_sakananoonigiri@submarin.online:,1
ğŸª™,1
:yanchon_scared@.:,1
:blobcatsalute2@misskey.m544.net:,1
:blobcamera@fedibird.com:,1
ğŸ‘,1
:demaekan@.:,1
:watakushidattesoudesuwa@misskey.zerozaski.tech:,1
ğŸ‡¹ğŸ‡­,1
ğŸ‡¯ğŸ‡µ,1
:melting_woozy@mk.shrimpia.network:,1
:ablobcatfloofpat@misky.rikunagiweb.jp:,1
:blobcat_floofpat@uma.milkey.homes:,1
:ablobcatblinkhyper@mk.f72u.net:,1
:blobnomcookie@misskey.m544.net:,1
:blobcatbath@misskey.m544.net:,1
ğŸœ,1
:wanchan@.:,1
:grass@2248.live:,1
:syuilo@mk.lei202.com:,1
:sonnano_iranai@mk.yopo.work:,1
:shirokuma_yes@tyazzkey.work:,1
:_zhhwe7eo_@.:,1
:appleinc@k.lapy.link:,1
:yuushou@.:,1
:hai_@mk.yopo.work:,1
:sasuga@warpday.net:,1
:blobthumbsup@misskey.7ka.org:,1
:yaruki_nainara_kaereyo@mk.f72u.net:,1
:sonokanouseiwaaru@msk.ilnk.info:,1
:meowpensivepray@msk.ilnk.info:,1
:activitypub@fedibird.com:,1
:evernote@.:,1
:wainohanashi@.:,1
:kamo@misskey.nokotaro.com:,1
:ablobwobwork@misskey.nokotaro.com:,1
:blob_imfine@warpday.net:,1
:t_oishii@misskey.nenohi.net:,1
:yamada_play@newskey.cc:,1
:marshmallow_qa@.:,1
:_to@.:,1
ğŸ‡²ğŸ‡¾,1
:7_11@fedibird.com:,1
:blobcatpeek2@k.lapy.link:,1
:flying_fried_straight_shrimp@virtualkemomimi.net:,1
ğŸª·,1
:iihanashi_move@mk.yopo.work:,1
:blobcheerful2@misskey.m544.net:,1
ğŸ‘¤,1
:ablobaww@mk.shrimpia.network:,1
:smiling_face_with_a_lot_of_hearts@kagamisskey.com:,1
:majikayo@mattyaski.co:,1
:emergency@misskey.na2na.dev:,1
:sugoi@misskey.nenohi.net:,1
ğŸ¤,1
:senko_horror@mk.kirota.net:,1
:deno_logo@mk.kirota.net:,1
:no@.:,1
:verified_misskey@.:,1
:gopher@honi.club:,1
ğŸ“¶,1
:nazo@nyoroooon.xyz:,1
:blobcatcomfy@nyoroooon.xyz:,1
:meowblue@nyoroooon.xyz:,1
:nadenade@misskey.04.si:,1
:ai_psychedelic_misskeyio@.:,1
:sorena@misskey.sda1.net:,1
ğŸ‘Š,1
ğŸŒï¸â€â™€ï¸,1
:hamburger_petthex@fedibird.com:,1
:blobcatmeltlove@sudo.mkdir.uk:,1
ğŸ˜½,1
:agummyblobblewobble@fedibird.com:,1
:_ro@.:,1
ğŸ”›,1
:ablobgoodnight@honi.club:,1
:ablobmeltsoblove@fedibird.com:,1
ğŸ§›,1
:_bo@misskey.04.si:,1
ğŸ,1
:yametare@fle.studio:,1
:blabcatverifiedfake@.:,1
:naruhodo_@warpday.net:,1
:mazaidasa@msky.crawling-with-love.com:,1
:harrypottertozissekinonaimusyoku@.:,1
:souhanaranyaro@fedibird.com:,1
:lgtm@.:,1
:blob_on_fire@sushi.ski:,1
:NepHug@.:,1
ğŸ“•,1
:arusa@.:,1
:supertada@misskey.zerozaski.tech:,1
:japanpost@fedibird.com:,1
ğŸ¥Š,1
ğŸš»,1
:ponkotu_me@.:,1
:_n@.:,1
:blobcat_frustration@msk.ilnk.info:,1
:blobhang@msk.ilnk.info:,1
:blobcatdroolreach@misskey.04.si:,1
:syuki@nijimiss.moe:,1
:ablobcatbongo@nijimiss.moe:,1
ğŸ¦,1
:snowflake@sudo.mkdir.uk:,1
:meowtilt@mi-wo.site:,1
:ai_koreyarimashitaka@.:,1
:blobcatsadpats@misskey.m544.net:,1
:draemon_battledome@sushi.ski:,1
:blobcatsweatflips@tyazzkey.work:,1
:today_break@misskey.04.si:,1
ğŸª•,1
:blobcatartist@misskey.zerozaski.tech:,1
:furotera@.:,1
:wakaru@tyazzkey.work:,1
:shirokuma_atama2@tyazzkey.work:,1
:shirokuma_blank@tyazzkey.work:,1
:blobcataww@tyazzkey.work:,1
:sorehasou@misskey.nokotaro.com:,1
ğŸ‡®ğŸ‡³,1
:soundcloudflare@sudo.mkdir.uk:,1
:clipstudiopaint@fedibird.com:,1
ğŸ¦™,1
:sai@.:,1
ğŸŸ¤,1
:t_technician@fedibird.com:,1
:thinking_omurice@fedibird.com:,1
:oops_mstdn@v13.hisubway.me:,1
:wakaranaiwakaru@misskey.neos.love:,1
:minahoshi_hyper@msk.ilnk.info:,1
:tensai@misskey.gamelore.fun:,1
:igyo@misskey.gamelore.fun:,1
:wakaru@uma.milkey.homes:,1
:currycan@fedibird.com:,1
ğŸ•Š,1
ğŸ«“,1
:tada_broccoli@.:,1
:nyanners_hyper@misky.rikunagiweb.jp:,1
:tashikani@warpday.net:,1
:ablobcatfloofpat@k.lapy.link:,1
:miyano_wild@simkey.net:,1
:icon_long_mewlme_head@fedibird.com:,1
:kamaboko@.:,1
:tanya_thinking@.:,1
:karakarauo@misskey.nokotaro.com:,1
ğŸ§â€â™‚ï¸,1
:ayashii_english@sudo.mkdir.uk:,1
:starbucks@fedibird.com:,1
:ablobaww@nijimiss.moe:,1
:kokutai_goji@.:,1
:anataima_chinkotte_iimashitane@fedibird.com:,1
:sticker_recommended_by_seikin@fedibird.com:,1
:half_closed_eyes_woozy@mk.shrimpia.network:,1
:ablobcatcryingcute@mi.harumakizaemon.net:,1
:hai@misskey.cf:,1
:nemudaru_tofu@fedibird.com:,1
:oshimai@.:,1
:windows@msk.seppuku.club:,1
:stat_encount@misskey.m544.net:,1
ğŸ•,1
:haie@msk.ilnk.info:,1
:ofuro_mac_in@yumk.xyz:,1
:kusa@ktnfm.com:,1
:blobwave@k.lapy.link:,1
:erobanana@misskey.04.si:,1
:suggoku_suki@misskey.neos.love:,1
:woozy_cute@mk.yopo.work:,1
:t_oyasumi@fedibird.com:,1
:arigato@mk.kochudaho.me:,1
ğŸ˜,1
ğŸ“,1
:ablobcatcryingcute@simkey.net:,1
:iremashita@warpday.net:,1
:Shiropuyo_ok@mi-wo.site:,1
:parrot_beer@fedibird.com:,1
:o_hiragana@submarin.online:,1
:soreha_pien@mattyaski.co:,1
:blobcatmeltlove@fedibird.com:,1
:gakuseikibunga_nuketenai@.:,1
:emergency@kagamisskey.com:,1
:omae@mk.shrimpia.network:,1
:YEEEEEE@newskey.cc:,1
:sushiLove@fedibird.com:,1
:neosvr@.:,1
:blobshuttingoneeyesweatexclaimation@sunisky.club:,1
:bikkuri_nullcatchan@mk.yopo.work:,1
:ojiichan@honi.club:,1
:blobcatfingerguns@msk.ilnk.info:,1
:tor_browser@.:,1
:eyes_fidgeting@fedibird.com:,1
:giman@.:,1
â™¦,1
â™ ,1
:bap@fedibird.com:,1
:en_ho@mi.yude.moe:,1
:iizo@mattyaski.co:,1
:sorehaomaegasukebedakarada@mk.f72u.net:,1
:_bo@.:,1
:rec@misskey.sda1.net:,1
ğŸ¦—,1
:blobcatshrug@.:,1
:ee@mi.tkw.fm:,1
:gateway@.:,1
:harrypottertoniranomisoshiru@fedibird.com:,1
:parrot_thumbup@fedibird.com:,1
:petthex_blobcat_frustration@fedibird.com:,1
:desuyone@mi.sunset0916.net:,1
:_wa@.:,1
:inochinokiken@misskey.04.si:,1
ğŸ•¥,1
:meow_sunglasses@misskey.niri.la:,1
:icon_mattyatea@.:,1
ğŸ—½,1
:false@misskey.04.si:,1
:calorie_zero@fedibird.com:,1
:soukamo@misskey.cf:,1
:yattare@misskey.cf:,1
:seikai@misskey.cf:,1
:kowaihanashi@misskey.cf:,1
:sugoi@sushi.ski:,1
:yanchon_cry@.:,1
:seyakatekudo@misskey.takehi.to:,1
:blob_devil@.:,1
:blobcathungry@msk.ilnk.info:,1
:sumimasen_yokuwakarimasen@msk.ilnk.info:,1
:ablobcatcry@misskey.nokotaro.com:,1
:blobnotlike@honi.club:,1
:igyo@misskey.sda1.net:,1
:jisyushite@.:,1
:sukebe@mattyaski.co:,1
:blobcattea@fedibird.com:,1
ğŸ”,1
ã€°,1
:icon_long_mewlme_head@honi.club:,1
:yattare@kagamisskey.com:,1
:aliexpress_mistranslation@misskey.sda1.net:,1
:kiha_tashikadesuka@msky.crawling-with-love.com:,1
:is_all_scam@misskey.neos.love:,1
:kyomu2@mi.yude.moe:,1
ğŸª›,1
:neko_cats_eye_blue@fedibird.com:,1
:ablobcatheadbangfastultra@misskey.nenohi.net:,1
:hoshii@misskey.04.si:,1
ğŸ‘,1
:ablobcatblinkhyper@mi.yude.moe:,1
:ablobcatheadbangfast@misskey.usbharu.dev:,1
:kamo@warpday.net:,1
:send_money@msky.crawling-with-love.com:,1
:ablobwave@msk.ilnk.info:,1
:ifilter_misetehoshii@msk.ilnk.info:,1
:ablobcatsnowjoy@fedibird.com:,1
:watakushimodesuwa@warpday.net:,1
:desu@warpday.net:,1
:___what@warpday.net:,1
:chill_chill_animation@warpday.net:,1
:atode_kiku@.:,1
:blobcatonfire@fedibird.com:,1
:nanikore@sunisky.club:,1
:sorehasou@msky.crawling-with-love.com:,1
:seyana@misskey.dev:,1
:blobcatflagmacedonia@sunisky.club:,1
:blaze@fedibird.com:,1
:thinkingface_A@misskey.niri.la:,1
:anataima_untitte_iimasitane@sushi.ski:,1
:minahoshi_hoshii@mk.yopo.work:,1
:emergency@mk.shrimpia.network:,1
:rainbowneko@.:,1
:ponkotsu@.:,1
:sonnamonoarunda@sunisky.club:,1
:gomamayo@simkey.net:,1
:nkohappytears@sunisky.club:,1
:douitashimashite@sunisky.club:,1
:chottohoshiikamo@sunisky.club:,1
:mendou@.:,1
:_mu@.:,1
:char_nachoneko_baa@honi.club:,1
:ablobsmilehappy@mi-wo.site:,1
ğŸ™Š,1
:inkou_obscenity@honi.club:,1
:emj_dajaken@fedibird.com:,1
:ultrafastparrot@misskey.04.si:,1
:iovc_came@.:,1
:kawaiine@mi-wo.site:,1
:meow_melt@misskey.gamelore.fun:,1
:blobcat_MUDAMUDAMUDA@simkey.net:,1
:cyber_hacking@msky.crawling-with-love.com:,1
:miyano_wild@misskey.neos.love:,1
:kamo@misskey.04.si:,1
â“‚,1
ğŸ¦œ,1
:ablob_spinfast@mk.shrimpia.network:,1
:blobaffection@msk.ilnk.info:,1
:ablob_spinfast@msk.ilnk.info:,1
:polarbear@virtualkemomimi.net:,1
:naruhodo@mk.tenpest-moon.uk:,1
:saikou@fedibird.com:,1
:akkoma@.:,1
:is_all_scam@honi.stesan.dev:,1
:blobcatthumbsup@fedibird.com:,1
:lineage_os@.:,1
ğŸ´,1
:iizo@msk.ilnk.info:,1
:ha_hisubway@submarin.online:,1
:naruhodo@submarin.online:,1
:sticker_dangerous_items@msky.crawling-with-love.com:,1
:_te@.:,1
:oishisou@.:,1
ğŸ’½,1
:5000t_death@mi.cbrx.io:,1
:otukaresama@misskey.pantasystem.com:,1
:daiso@fedibird.com:,1
:majikayo@misskey.nenohi.net:,1
ğŸš„,1
:speechbubble@.:,1
:kawaiii@simkey.net:,1
:blobrainbowtrash@yumk.xyz:,1
ğŸ‘¬,1
:kou@.:,1
:yabai@fedibird.com:,1
:moesou@.:,1
:okinawa@misskey.m544.net:,1
:simira@msky.crawling-with-love.com:,1
:atode_kesu@yumk.xyz:,1
:sasuga@fedibird.com:,1
:c30@.:,1
:shikei@yumk.xyz:,1
:social_distance@.:,1
:blobhyperthink@.:,1
:senko_lewd@yam.menac.at:,1
:hereochansad@yumk.xyz:,1
:nemo@.:,1
:paimon_surprised@misskey.nokotaro.com:,1
â›º,1
:ga@.:,1
:minahoshi_poyashimi@yam.menac.at:,1
ğŸ‘†,1
:amagashi_oyasumi@mk.yopo.work:,1
:typescript@.:,1
ğŸŒ¹,1
:ablobcatblinkhyper@misskey.cf:,1
:ablobcatblinkhyper@nekomiya.net:,1
:e_hiragana@nekomiya.net:,1
:keiba_yamero@.:,1
:squished_aichan@k.lapy.link:,1
:pangya_jikan@.:,1
:alert@mi.tkw.fm:,1
:tensai@misskey.04.si:,1
:ai_yay@misskey.sda1.net:,1
ğŸ§¢,1
:blobcatsweat@fedibird.com:,1
:watakushidattesoudesuwa@misskey.cf:,1
:ore@honi.club:,1
ğŸ“‰,1
:t_tamokutekihole@fedibird.com:,1
:wakaranai@fedibird.com:,1
:love_nullcat@simkey.net:,1
ğŸˆº,1
:shirokuma_ohayou@tyazzkey.work:,1
:miyano_yay@simkey.net:,1
:blobcatmorning@fedibird.com:,1
:meow0_0@sushi.ski:,1
:send_money_3@mattyaski.co:,1
:soviet@misskey.04.si:,1
:ablobcatcoffee@msky.crawling-with-love.com:,1
:blobcatno@misskey.sda1.net:,1
:hai@simkey.net:,1
:bun_fliprev@.:,1
:bedroom_gyudon@misskey.04.si:,1
:bump_of_tiken@.:,1
:ablobthinking@misskey.04.si:,1
:nintei@submarin.online:,1
:blob_hyper_nod@mk.lei202.com:,1
:sonnakotonai@mk.shrimpia.network:,1
â›´,1
ğŸ§£,1
:yabaiwayo@honi.club:,1
:notlikemiya@msky.crawling-with-love.com:,1
:blobthumbsup@misskey.na2na.dev:,1
:nombread@mi-wo.site:,1
:iie@sushi.ski:,1
:icon_long_mewlme_middle@.:,1
:icon_long_mewlme_chest@mi.sunset0916.net:,1
:mewlme_woozy_head@mi.sunset0916.net:,1
:icon_short_short_mewlme@mewl.me:,1
:icon_short_mewlme_hands@mi.sunset0916.net:,1
:blobcat_thumbsup@msk.ilnk.info:,1
ğŸ’¨,1
ğŸšš,1
:resonyance@misskey.nenohi.net:,1
:blobcatdied@fedibird.com:,1
:blobcatanime@fedibird.com:,1
:Shiropuyo_sugoi@misskey.04.si:,1
:nachoneko_hyper@kagamisskey.com:,1
ğŸ“ ,1
:aruaru@misskey.usbharu.dev:,1
:desu_yone@beta.romneko.net:,1
:ablobcall@msky.crawling-with-love.com:,1
:beroberoberobero@.:,1
:aawoo@honi.club:,1
:ablobcatattentionreverse@kagamisskey.com:,1
:ablobhype@kagamisskey.com:,1
:curry_real@msk.ilnk.info:,1
:meowhuggies@kagamisskey.com:,1
:ore@kagamisskey.com:,1
:mou3jidashi_daisanjittekanji@fedibird.com:,1
ğŸ¤µ,1
:sekiro_death@m5y.usuyuki.net:,1
:AstolfoCry@simkey.net:,1
:blobcat_woozy@mi-wo.site:,1
:nacho_suki@fedibird.com:,1
:iihanashi_move@misskey.zerozaski.tech:,1
âœ³,1
:meowflower@mi-wo.site:,1
:ayashii_nihongo@mi.tkw.fm:,1
ğŸ«¢,1
:soremiryoku@misskey.neos.love:,1
:igyo@msnis.msnic.jp:,1
:shrink_parrot@fedibird.com:,1
:henkin@yumk.xyz:,1
:mastodon_oops@fedibird.com:,1
:meowbigsob@misskey.xianon.net:,1
:wakarimi@misskey.yukineko.me:,1
:hasubetesagidesu@misskey.cf:,1
ğŸª¨,1
:sushi_hamachi@fedibird.com:,1
:Shiropuyo_hatena@misskey.04.si:,1
:Shiropuyo_otukare@misskey.04.si:,1
:tashikani@misskey.usbharu.dev:,1
:ohayou@mi-wo.site:,1
:sokoni_nakereba_naidesune@fedibird.com:,1
:ultrafastparrot@misskey.neos.love:,1
:desuyo@warpday.net:,1
:eyes_fidgeting@msky.crawling-with-love.com:,1
:ikitetegomennasai@sushi.ski:,1
:ganbare@warpday.net:,1
:sky_moth@.:,1
:kawaii@mk.lei202.com:,1
:blobcataww@mi-wo.site:,1
:naruhodo_wakaran@misskey.neos.love:,1
:blobcatdroolreach@k.lapy.link:,1
:okometabenasai@sudo.mkdir.uk:,1
:blob_imfine@ward2.bouvardia.icu:,1
:zenbu@fedibird.com:,1
:iihanashi@ward2.bouvardia.icu:,1
:watakushidattesoudenaitohakagiranakumoshirenakunainodesuwa@sudo.mkdir.uk:,1
:misskey_siyou@mi-wo.site:,1
:iikanjitm@mi-wo.site:,1
:iihanashi@yumk.xyz:,1
:blobcat0_0@fedibird.com:,1
:Shiropuyo_usiro@mi-wo.site:,1
:ablobcheer@misskey.04.si:,1
:334@fedibird.com:,1
ğŸš‰,1
:puniko_yummy@msk.ilnk.info:,1
:tapioca_natadecoco_ramen@sushi.ski:,1
:blob_kusudama@msk.ilnk.info:,1
:google_popper@misskey.nokotaro.com:,1
:thinking_rotate@nijimiss.moe:,1
ğŸ˜¶,1
:kamo@mattyaski.co:,1
:yubico_title@.:,1
ğŸšŒ,1
ğŸ¦•,1
:t_kusegasugoi@fedibird.com:,1
:Shiropuyo_oyasumi@mi-wo.site:,1
:intellij@.:,1
:Shiropuyo_wakaru@mi-wo.site:,1
ğŸ‘‡,1
:wakarimi@beta.romneko.net:,1
ğŸŒ’,1
:blob_sob@warpday.net:,1
:ai_panic_misskeyio@drdr.club:,1
:ablobaww@sudo.mkdir.uk:,1
:meowthump@msk.ilnk.info:,1
ğŸ”š,1
:akugyo@honi.club:,1
ğŸ“‹,1
:paimon_surprised_in_a_washmachine@sunisky.club:,1
:misskey@misskey.neos.love:,1
:ganbare_@misskey.life:,1
:neko_sunglasses@.:,1
:shirokuma_utyuu@tyazzkey.work:,1
:sorenante_anime@.:,1
:send_money@misskey.cf:,1
ğŸš‹,1
:chickencurry@fedibird.com:,1
ğŸŒ³,1
:fukai@misskey.cf:,1
:iihanashi@msk.ilnk.info:,1
:ablobcall@misskey.04.si:,1
:blobcatsweatflips@sushi.ski:,1
:chian_saikou@.:,1
:aruaru@ward2.bouvardia.icu:,1
:yattare@milkey.homes:,1
:igyo@misskey.usbharu.dev:,1
:erait@misskey.neos.love:,1
:ablobwave@k.lapy.link:,1
â˜¸,1
ğŸ¥‡,1
ğŸ™,1
:t_wakarimitaro@misskey.nokotaro.com:,1
:blobcatawwpat@mi-wo.site:,1
:dyomero@.:,1
â™‚,1
ğŸš”,1
:ba_wo_wakimaeyoune@.:,1
:senko_stop@yumk.xyz:,1
:koke@fedibird.com:,1
:mog@yumk.xyz:,1
:abunhdhappyhop@yam.menac.at:,1
:kanneiyahataseitetsusyo@misskey.sda1.net:,1
:kamo@misskey.nenohi.net:,1
:nazo@mk.shrimpia.network:,1
:ablobcatbongopat@sushi.ski:,1
:chiba@misskey.m544.net:,1
ğŸ‡¸ğŸ‡¦,1
ğŸ«–,1
:chou@.:,1
:jinseikan_kawaruyo@misskey.neos.love:,1
:nazo@fle.studio:,1
:nacho_colors@misskey.04.si:,1
:desu@.:,1
ğŸ‡¨ğŸ‡­,1
:fedora_logo@.:,1
:naruhodo@nijimiss.moe:,1
:ete@.:,1
ğŸ¦„,1
:chino_lewd@yumk.xyz:,1
:fake@msky.crawling-with-love.com:,1
:fakenews@yam.menac.at:,1
:desuyone@msky.crawling-with-love.com:,1
:tokuni_omae@yumk.xyz:,1
:atode_kesu@msky.crawling-with-love.com:,1
:arigunyatogonyainyasu@misskey.zerozaski.tech:,1
:senkopog@.:,1
:ramee@.:,1
:apex@.:,1
:pettux@misky.rikunagiweb.jp:,1
:lul@.:,1
:twitter@honi.club:,1
:blobmeltsob@misskey.m544.net:,1
:woozy_sob@mi.harumakizaemon.net:,1
ğŸ’,1
:furuhe@.:,1
ğŸ¦¶,1
:boku@misskey.cf:,1
:shirokuma_gaming@tyazzkey.work:,1
:ablobcatfloofpat@yumk.xyz:,1
:hoshii@mi.tkw.fm:,1
:dame@nijimiss.moe:,1
:subarac@.:,1
:blobcatnotlikethiscry@msk.ilnk.info:,1
:bunhdcouple@yam.menac.at:,1
ğŸ©¸,1
:honwaka@misskey.neos.love:,1
:ablobcathyper@mi-wo.site:,1
:e001_hydrogen@sudo.mkdir.uk:,1
:hiroukonpaira@mk.lei202.com:,1
:blobconfounded@mi-wo.site:,1
:edge@.:,1
:_ra@.:,1
:ablobblewobbleslow@misskey.life:,1
:watakushidattesoudesuwa@mk.lei202.com:,1
:aviutl@.:,1
:seme@nijimiss.moe:,1
:watakushidattesoudesuwa@honi.club:,1
:himitukagiokure@misskey.sda1.net:,1
:iihanashi@kr.akirin.xyz:,1
:iihanashi@kokonect.link:,1
:iihanashi@mk.lei202.com:,1
:nachoneko_hyper@sudo.mkdir.uk:,1
:igyosugiru@.:,1
:ijin@.:,1
:SenkoHappyNosies@.:,1
:soreijouwa_ikenai@fedibird.com:,1
:gyakudatta_kamo_shirenee@misskey.gamelore.fun:,1
:nekochan@misskey.gamelore.fun:,1
:god_illustrator_araburu@sushi.ski:,1
:hidoihanashi@misskey.akagii.dev:,1
:geltu@p1.a9z.dev:,1
:namennayo@.:,1
:siltu@fedibird.com:,1
:kakujikkenn_shippaishita@fedibird.com:,1
:ban@submarin.online:,1
:blobcatcomfy@nijimiss.moe:,1
:ic_manaca@fedibird.com:,1
:kamattehoshii@misskey.m544.net:,1
:naruhodofes@misskey.pantasystem.com:,1
