:goodmorning@.:,57880
:ablobcatfloofpat@.:,50671
:igyo_gaming@.:,36643
:kusodekabigyo@.:,29318
:ohayoh@.:,24115
:good_night@.:,20849
:a@.:,19440
:wakaruwakaru@.:,14270
:oyasumisskey@.:,14071
:blobtoofast@.:,13849
:iizo@.:,13670
:wakaru@.:,13602
:ofuton_kakete_agemasyoune@.:,12157
:ara@.:,12143
:hokaeri@.:,11402
:saiko_gif@.:,10841
:kawaiine@.:,9925
:nanbo_attemo_ii@.:,9832
:ablobcatnod@.:,9091
:chiken@.:,8825
:ota@.:,8741
:blobcatdrool@.:,8660
:pakupakudesuwa@.:,8072
:kusa@.:,8025
:suteki@.:,8015
:yattare@.:,7695
:hyper_igyo@.:,7616
:honmasore@.:,7603
:_effv85b1_@.:,7039
:sugeewakaru@.:,6935
:ganbae@.:,6622
:oishi@.:,6307
:okaeri@.:,6238
:kawaiixtu@.:,6114
:turete_ikinasai@.:,6084
:ablobcall@.:,6003
:konokashiwatashinokotoda@.:,5914
:watakushidattesoudesuwa@.:,5785
:ablobcatnodveryslow@.:,5660
:blobcatheartbongo@.:,5407
:ablobcatnodveryfast@.:,5218
:souda_souda@.:,5109
:nee@.:,5066
:thinkhappy@.:,4775
:bikkurimark_and_hatena_rainbow@.:,4770
:hokatera@.:,4738
:oremo@.:,4719
:odaijini@.:,4589
:omedeto@.:,4434
:aruaru@.:,4433
:blobcatmeltcry@.:,4205
:ablobcatnodfaster@.:,4197
:ablobcathungry@.:,4085
:aa@.:,4084
:ablobcatcry@.:,4050
:oisisou@.:,3916
:iina@.:,3676
:ahhh@.:,3528
:blobcatsurprised@.:,3490
:gojiai@.:,3484
:ablobcatnodfast@.:,3427
:igyo@.:,3368
:master_igyo@.:,3281
:uwaaxtu@.:,3240
:oyasumi@.:,3127
:otaku_crying@.:,3051
:oherb@.:,3018
:naruhodo@.:,2808
:yatta@.:,2747
:hie@.:,2742
:ne@.:,2736
:honshitsu_jyoho@.:,2692
:saiko@.:,2677
:wakarimi@.:,2599
:wa@.:,2585
:blobcatsweatflips@.:,2562
:kawaiikawaiine@.:,2507
:haee@.:,2478
:kawaii_matsuri@.:,2452
:murisezu@.:,2437
:daiigyo@.:,2399
:sorehasou@.:,2279
:bi@.:,2276
:yattaa_bikkuri@.:,2250
:blobcatrainbow@.:,2237
:ablobcatdj@.:,2216
:ultrafastparrot@.:,2195
:kininaru@.:,2131
:suki@.:,2125
:wakaru_3@.:,2101
:kakkoii@.:,2101
:_331yfv9d_@.:,2094
:gokugokudesuwa@.:,2094
:nyanpuppu@.:,2056
:kowaihanashi@.:,2038
:tashikani@.:,1976
:iine@.:,1936
:souiukotomoaru@.:,1898
:youkosodesuwa@.:,1846
:daisuki@.:,1845
:super_igyo@.:,1801
:sugoi@.:,1786
:okiwotsukete@.:,1761
:fufuxtu@.:,1738
:takusantabetene@.:,1698
:yokattaxa@.:,1678
:gorippa@.:,1627
:souwayo@.:,1586
:soukamo@.:,1573
:suki_hanko@.:,1563
:sorena@.:,1535
:itterasshai@.:,1522
:mogu@.:,1485
:fabulous@.:,1463
:sounano@.:,1458
:koresuki@.:,1455
:otsukaresamadesu@.:,1447
:kiken@.:,1442
:kenko_ni_yoi@.:,1409
:year@.:,1408
:hai@.:,1397
:party_rainbow@.:,1397
:eraidesuwa@.:,1355
:saikyou@.:,1338
:myoudana@.:,1324
:oshizukani@.:,1310
:tensai@.:,1305
:bubuntekinisou@.:,1284
:blobzaurusufloofpat@.:,1277
:saikou@.:,1263
:carnival@.:,1262
:ma@.:,1248
:hai_ojousama@.:,1235
:sugokunaidesuka@.:,1228
:kyaxtukyaxtu@.:,1203
:meow_aww@.:,1190
:fake@.:,1190
ğŸ«‚,1184
ğŸ‰,1177
:o_herb@.:,1175
:mendako_yellowhappy@.:,1159
:daijinajoho@.:,1156
:yoshigoi_byon@.:,1106
:hao@.:,1103
:nijimiss_saiko@.:,1101
:umyai@.:,1094
:yochiyochi@.:,1076
:mosa@.:,1074
:sushiparrot@.:,1044
:aaa@.:,1025
:blobfoxfloofpat@.:,1020
:kawaii@.:,1013
:kaoga_ii@.:,992
:omizunomoune@.:,972
:uooooo@.:,965
:eenyade@.:,963
:blobcatuwucry@.:,957
:oyakudachi@.:,946
:egaumai@.:,940
:oremo_onaji_kimoti@.:,920
:souwayo_gaming@.:,918
:sonnaa@.:,910
:iiyoiiyo@.:,886
:super_igyo_blue@.:,886
:kekkonomedetou@.:,881
:abunhdfloofpat@.:,869
:kawaisugi@.:,852
:arigatougozaimasu@.:,848
:igyo_danya@.:,848
:yatteosimai@.:,844
:inochi@.:,829
:hosii@.:,828
:okidukininarimashitaka@.:,816
:shimaenagafloofpat@.:,810
:waai@.:,805
:meow_bongo_pat@.:,805
:okawari@.:,802
:nfufu@.:,799
:un_yowa@.:,798
:sungee@.:,797
:wakariminokina@.:,782
:mi@.:,777
:tsuyoi@.:,774
:gubigubidesuwa@.:,771
:gomen_warota@.:,769
:kirei@.:,755
:iinoyo@.:,748
:odoreodore@.:,736
:butoukai_kaishi@.:,734
:dekaaaai@.:,733
:youkoso@.:,708
:chottowakaru@.:,706
ğŸ‘,700
:kuttare@.:,693
:yamero@.:,685
:kanasii_hanasi@.:,677
:ittare@.:,673
:gyu@.:,673
:nandemo_tabenasai@.:,642
:kekkonwounagasu@.:,640
:juden_shite@.:,639
:usu@.:,637
:natsukashii@.:,637
:love@.:,629
:nullfloofpat@.:,621
:otabeyo@.:,617
:meow_mudamudamuda@.:,613
:ikiterudakede_daiigyo@.:,610
:internet_roujinkai@.:,608
â¤,605
:wakannnai@.:,603
:gatsu@.:,596
:muzukashii_hanashi@.:,591
:daijinahanashi@.:,591
:zenbu@.:,589
:sukinamonowo_tabenasai@.:,585
:oyaoya@.:,579
:haikugayomemasu@.:,577
:arigatomatsuri@.:,576
:yoshigoi_zairu@.:,573
:proyana@.:,572
:yasashisekai@.:,565
:bakedmochocho_b_floofpat@.:,563
:erai@.:,562
:tasukaru_matsuri@.:,560
:yoshigoifloofpat@.:,559
:e@.:,559
:babu@.:,556
:nfu@.:,555
:ohhohhohho@.:,553
:kore@.:,553
:yoshigoiface@.:,551
:akan@.:,550
:ii@.:,541
:iikotoda@.:,540
:docchimo@.:,534
:wakaruyo@.:,530
:battlestart@.:,528
:bface_crying_floofpat@.:,527
:kiatunosei@.:,527
:blobcatcomfy@.:,526
:daredaimano@.:,522
:sounanda@.:,512
:a_dakuten@.:,510
:tabetai@.:,494
:ablobaww@.:,494
:miyabidesuwa@.:,493
:thinking_rotate@.:,493
:twinsparrot@.:,491
:nijimass_yuru_niji@.:,489
:gokigenyou@.:,488
:ryou@.:,484
:watakushidattesukidesuwa@.:,483
:inochidaijini@.:,470
:sugoihanashi@.:,467
:tasukaru@.:,466
:fever_rainbow@.:,464
:henpin@.:,463
:moutasukaranaizo@.:,461
:daitiken@.:,460
:doushi@.:,456
:oyasumisskey@misskey.io:,455
:yabaiwayo@.:,455
:happy@.:,453
:nandedarou@.:,451
:eti@.:,449
:kowa@.:,447
:tabunsou@.:,446
:nekosandesune@.:,443
:blobcatsquee@.:,443
:bed_spin@.:,442
:tabemonowo_tabenasai@.:,441
:mitai@.:,436
:ohayoo@misskey.io:,433
:zensokuzenshinda@.:,430
:oimo@.:,428
:hatena_nizi@.:,420
:naruhodomatsuri@.:,419
:otsukare@.:,418
:poyo@.:,417
:iremono@.:,415
:hoshii@.:,412
:parrot@.:,405
:egarasuki@.:,403
:hixtu@.:,399
:kimi_chugokugo_honto_jozu@.:,397
:nante@.:,393
:biglove@.:,392
:eeyan@.:,391
:issyoni_nijimiss_shiyo@.:,381
:ikite@.:,381
:mazuniji@.:,380
:ore@.:,377
:madaohiru@.:,375
:yatta_bikkuri@.:,371
:ameowbouncefast@.:,370
:aruarumatsuri@.:,369
:sokoninakereba_nai@.:,368
:wanpuppu@.:,367
:matsuri@.:,362
:bunhdheart@.:,362
:un@.:,361
:daikaiten@.:,358
:bisyobisyo@.:,358
:wakatta@.:,358
:ikeruikeru@.:,354
:n_hatena@.:,350
:mendako_yellowfloofpat@.:,349
:uo_dekka@.:,347
:igyo@misskey.io:,346
:shiranakatta_sonnano@.:,346
:ohayougozaimasu@.:,343
:kiss@.:,341
:bakedmochochosaurus_b@.:,341
:real_sushi@.:,340
:tuyosou@.:,336
:soukayarunoka@.:,335
:attaatta@.:,335
:mochimochi@.:,334
:sutekinahanashi@.:,333
:musclebunny_victory_pose@.:,328
:chu@.:,326
:soremomatayoshi@.:,326
:mama@.:,324
:yasashii@.:,323
:syosetuaru@.:,322
:ouen_shitemasu@.:,320
:meow_scream2@.:,316
:subarasii@.:,315
:peri_peri@.:,311
:shinri@.:,310
:omowazunikkori@.:,307
:aruyo@.:,303
:seyaroka@.:,303
:anatawo_miteiru@.:,299
:yusyo@.:,298
:congalineparrot@.:,297
:tere@.:,297
:souhanaranyaro@.:,297
:atsu@.:,296
:blobcatsob@.:,294
:yoshigoiparty_2@.:,293
:soremojinsei@.:,291
:hoo@.:,290
:kiramabushii@.:,289
:ae@.:,288
:gyaaaa@.:,288
:itosii@.:,286
:maa@.:,283
:meow_huggies@.:,278
:daijoubu@.:,272
:uhohho@.:,270
:iiwane@.:,269
:power@.:,266
:blobcatcoffee@.:,265
:chirakarubed@.:,265
:yokuteyo@.:,264
:socute@.:,261
:kashikoi@.:,261
:desuwa_gaming@.:,259
:attakai@.:,258
:tyoudokirasiteta@.:,257
:kiyoune@.:,256
:tengu@.:,255
:ureshiihanashi@.:,252
:kissshiroxtu@.:,252
:mofumofu@.:,252
:nattoruyarogai@.:,251
:mettya_arigato@.:,247
:nandatte@.:,244
:sakextu@.:,242
:ryokai@.:,240
:ablobcatbongo@.:,239
:yosugiru@.:,239
:tameshitemite@.:,238
:arigatee@.:,238
:mogamigawa@.:,237
:nya@.:,236
:natsu@.:,236
:syuwasyuwa@.:,234
:okaiki@.:,234
:sutekidane@.:,233
:bunhdaww@.:,233
:desuwa@.:,232
:fight@.:,232
:hee@.:,231
:tanoshinde@.:,231
:mottoyattare@.:,230
:happydogfloofpat@.:,229
:amarikinisezu@.:,228
:ablobfoxhyper@.:,225
:yada@.:,224
:saikyoudaitensai@.:,224
:nnnnnn@.:,223
:fushiginahanashi@.:,223
:nijihai@.:,223
:ohayogozaimasu@.:,222
:omedeto_matsuri@.:,221
:yokattane@.:,221
ğŸ§ ,219
:dousite@.:,218
:don@.:,216
:hello_en@.:,216
:bface_nicesmile_crying_floofpat@.:,215
:na_nandatte_gif@.:,213
:blobcatangel2@.:,209
:matashitemonafusan@.:,209
:oideyo@.:,209
:kattare@.:,208
:kyawaii@.:,208
:nijimiss@.:,208
:abunhdsadpat@.:,207
:iiyo@.:,207
:ogya@.:,205
:kowai_matsuri@.:,205
:daitaisou@.:,204
:tokuni_anata@.:,203
:blobzaurusufirefirst@.:,203
:musclebunny_on_all_fours@.:,203
:meow_rolling@.:,203
:subetesagidesu@.:,203
:yareyare@.:,203
:daijobu@.:,203
:en@.:,202
:soreda@.:,201
:subarasii_wh@.:,201
:emergency_light_animation@.:,200
ğŸ’¥,194
:haa_tsan@.:,194
:detawane@.:,193
:noasan_floofpat@.:,191
:zenmentekinisou@.:,189
:madayoru@.:,189
:sorekureyo@.:,189
:fuwafuwa@.:,188
:musclebunny_weightlifting_yakitori_negima@.:,187
:confusedparrot@.:,186
:oimozaurusu_floofpat@.:,184
:kokorogahutatuaru@.:,183
ğŸ¤”,183
:inochigasukuwareta@.:,182
:iie@.:,182
:wan@.:,182
:hayakukoreninaritai@.:,181
:mambo_odottemo_ii@.:,181
:seisaba@.:,180
:uhouho@.:,179
:ablobfoxhyperowo@.:,179
:tokitobaai@.:,178
:kaeritai_imasuguhashittekaeritai@.:,177
:watakusi@.:,176
:iyada@.:,175
:yarunarayaraneba@.:,175
:nikkori@.:,175
:abunhdhappyhop@.:,175
:blobcat@.:,174
:tabun@.:,173
:musclebunny_is_always_watching_you@.:,173
:god_kami_gaming@.:,173
:neyoune@.:,172
:bana_kure@.:,172
:soudayo@.:,172
:partyparrot@.:,171
:meiku@.:,171
:koukokunoshina@.:,169
:soresuki@.:,169
:tanoshii@.:,169
:kinniku@.:,168
:meisaku@.:,168
:hekidesu@.:,168
:ingahumemasu@.:,168
:blobzaurusurun@.:,168
:awawa@.:,167
:ee_hatena@.:,167
:buchu@.:,166
:usodaxtu@.:,166
:mosu@.:,166
:honto@.:,162
:hot_en@.:,162
:mendako_purplefloofpat@.:,161
:sorettelovezyan@.:,161
:bunhdknife@.:,161
:kyouhu@.:,161
:dokoikunen@.:,160
:soudane@.:,160
:matane@.:,160
:teetee@.:,159
:chunpuppu@.:,159
:kami@.:,159
:hatsukakiko@.:,157
:jyuyo@.:,157
:bikkuri_nizi@.:,156
:zaurusu@.:,156
:numakun_good@.:,155
:nanntekoto@.:,155
:ganbare@.:,154
:seikai@.:,153
:na_nandatte@.:,153
:your_english_is_veryvery_good@.:,152
:ablobcatbox@.:,151
:bunhdgoogly@.:,151
:abunhdcry@.:,151
:kaibunsho_beam@.:,150
:sorehadoukana@.:,150
:kawaiiyo@.:,149
:ohaka_tsukuru@.:,149
:ganganikouze@.:,149
:meikyoku@.:,148
ğŸ”¥,147
:fact@.:,145
:uma@.:,145
:takoyaki@.:,145
:internet_saiko@.:,145
:otukarefes@misskey.io:,145
:yoshi@.:,143
:kirakira@.:,143
:yoshigoi_gata@.:,143
:zenbukure@.:,143
:yattemite@.:,143
:tanoshimi@.:,142
:blobzaurusuquestion@.:,142
:nijimissfloofpat@.:,142
:gomen@.:,142
:hommaya@.:,142
:wakuwaku@.:,141
:arigato@.:,140
:sexy@.:,140
:nekosandesuyone@.:,139
:yamenasyare@.:,139
:ojiichan@.:,139
:yoroshikudesuwa@.:,138
:toutoi@.:,138
ğŸ˜®,138
:shiberia_mochocho_floofpat@.:,137
ğŸ¨,136
:seyane@.:,135
:kopoo@.:,135
:omaegasiawase_oremosiawase@.:,135
:ariari@.:,134
:yaa@.:,134
:fushigi@.:,134
:mounijiga_nijimideru_ttekanji@.:,132
:kashikomarimashita@.:,132
:tetsugaku@.:,132
:e2@.:,131
:emotion@.:,130
:sou_omou_wh@.:,130
:space_strangecat@.:,129
:hontodayo@.:,129
:sutekiyan@.:,129
:kinsho@.:,128
:hamburg@.:,128
:attoutekikansya@.:,127
:uhoxtu@.:,127
:mu@.:,127
:mogumogu@.:,126
:sonnani@.:,126
:gekijouban@.:,125
:matteru@.:,125
:kanashii@.:,125
:otoku@.:,125
:sorettelovejan@.:,125
ğŸ‘´,124
:oniku_tabenasai@.:,124
:bface_nicesmile_crying@.:,123
:noutyoku@.:,123
:kaibunsyo@.:,122
:miracle_penlight@.:,121
:puppu@.:,120
:happydog@.:,120
:araburu_heart@.:,120
:nantokanaree@.:,118
:doxtu@.:,118
:byoin@.:,118
:tanomeruka@.:,118
:nijimass@.:,118
:douisikanai@.:,117
:spinningparrot@.:,117
:neko@.:,117
:dotchinandai@.:,116
:syouten@.:,115
:bushi@.:,114
:itadakimasu@.:,113
:cho_exciting@.:,113
:zeninuoza@.:,113
:nani@.:,112
:bed_bousou@.:,111
:blobfoxsignyes@.:,110
:nenai@.:,110
:jumpingparrot@.:,109
:god_kami@.:,109
:super_igyo@misskey.io:,108
:hehe@.:,108
:cookiefloofpat@.:,108
:yoshigoiwalk@.:,107
ğŸš‘,106
:yurushitekamisama@.:,106
:iihimei@.:,106
:blobcattea@.:,106
:konokashiojousamanokotoda@.:,106
:kinisunnna@.:,105
:wabisabi@.:,105
:moshakoofuton_petpet@.:,105
:bakedmochocho@.:,105
:eichi@.:,104
ğŸ,104
:konnichiha@.:,104
:zaupuppu@.:,104
:atteru@.:,104
:akachan@.:,104
:kasumioishi@.:,104
:unmei@.:,103
:sokkaa@.:,103
:tikuwa_daimyojin@.:,102
:chikarakoso_power@.:,102
:oha@.:,102
:ikemen@.:,101
:oyasuminasai@.:,101
:ie_i@.:,101
:oh@.:,100
:ojoukai01@.:,100
ğŸ™,100
:muchimuchi@.:,100
:anata@.:,99
ğŸ¤,98
:queen_j@.:,98
:meow_headache@.:,98
:koreniha_sebastian_monigawarai@.:,97
:gekiatsu@.:,97
:oyasuminasaimase@.:,96
:mochocho@.:,96
:imadesho@.:,95
:yoshigoimoji@.:,95
:mottokure@.:,94
:gohanni_auyone@.:,94
:meow_coffeespitting@.:,94
:nekotowakaiseyo@.:,94
:mugen@.:,94
:blobfoxkirbyinhale@.:,94
ğŸ§Š,93
:yoiotoshiwo@.:,93
:soukanaa@.:,93
:kawaisokawaii@.:,92
:nanisore@.:,92
:of_the@.:,92
:yametageteyo@.:,92
:bface_crying@.:,91
â¤ï¸,91
:misetehoshii@.:,91
:nafusan_otsukaresama@.:,91
:ya_@.:,91
:iikotoiuwane@.:,89
:rec@.:,89
:yoshigoi_daba@.:,88
:dhufufu@.:,88
:subesube@.:,88
:rusu@.:,88
:dekai_danish@.:,87
:moshakopolice@.:,87
:owari@.:,86
:oshifloofpat@.:,85
:aigaaru@.:,85
:yo@.:,85
â­,85
:blobfoxcheer@.:,84
:sugejan@.:,84
:festival_j@.:,84
:samurai@.:,84
:mochotto@.:,83
:bface_scream@.:,83
:horetemauyaro@.:,83
ğŸ®,82
:king_j@.:,82
:hagedou@.:,81
:bakedmochocho_b@.:,81
:umasugiru@.:,81
:nanndato@.:,81
:chuu@.:,80
:dame@.:,80
ğŸ‘®,80
:tixtu@.:,80
:heiwa@.:,80
ğŸ‘,80
:chinsuko_tempura@.:,79
ğŸ‘€,79
:yametare@.:,79
:jikangatokeru@.:,78
:strangecat_watchingyou@.:,78
:shiberia_mochocho@.:,78
:ika@.:,77
:ii_kikai_desukara@.:,77
:asiga_nagai@.:,77
:ofuton@.:,77
:orega_tsuiteru@.:,77
ğŸœ,77
:blobfoxwater@.:,77
:taisetsunahanashi@.:,77
:blank@.:,77
:osyare@.:,76
:mitemitai@.:,76
:ikioi_daiji@.:,76
:blobcatowoevil@.:,76
:blobcatreachsob@.:,75
:mareniyokuaru@.:,75
:arayada@.:,75
:kamo@.:,75
:ablobgoodnight@.:,74
:quick_igyo_shigohaya@.:,74
:yoshigoiparty_1@.:,74
:mutyashiya@.:,74
:kakuho@.:,74
:p@.:,72
:high_sense@.:,72
:okome_tabenasai@.:,72
:waruiotona@.:,72
:nanoda@.:,72
:ayakasi@.:,71
:sessou@.:,71
:mouyojiga_yojinoboru_ttekanji@.:,70
:daikohun@.:,70
:special_hambrug@.:,70
:doyukoto_doyukoto@.:,70
:kinto_hieteru@.:,70
â˜‚,70
:vu@.:,69
:sonnakotoarunda@.:,69
:butoukai_2@.:,69
:blobfoxthinksmart@.:,69
:oimozaurusuaruku@.:,69
:nakama_fuwa@.:,69
:oyasumisskey@misskey.yukineko.me:,68
:seyana@.:,68
:akeome@.:,68
:syutujin@.:,67
:ajiwaibukai@.:,67
:kaite@.:,67
:otofu@.:,67
:watashi@.:,67
:blobfoxnompizza@.:,67
:yoshigoi@.:,66
:otutome@.:,66
:suyaa@.:,66
ğŸ¦€,66
:matte@.:,65
:sonnamonoarunda@.:,65
:urusekuchidana_fusaideyaruyo@.:,65
:watakushiha_soudeha_arimasenwa@.:,65
:ochitukiasobase@.:,65
:kyodaina_muri@.:,65
:iruiru@.:,64
:warota@.:,64
:desuna@.:,64
:kirei_wh@.:,64
:gata@.:,64
:kinyoubi@.:,64
:mendako_whitefloofpat@.:,63
:meowawauu@misskey.io:,63
:oimozaurusu@.:,63
:daisougenfukahi@.:,63
:gold_hundred100@.:,62
:numakun@.:,62
:hekextu@.:,62
:sebastian2@.:,62
:dekirudekiru@.:,62
:ojousama@.:,62
:konokashioshinokotoda@.:,62
ğŸŒ,61
:meow_coffee@.:,61
:motto@.:,61
:naityatta@.:,61
:kawaii2@misskey.io:,61
:somitai@.:,61
:bed_gata@.:,60
:oshi@.:,60
ğŸŸ¢,60
:zenryokude_nero@.:,60
:ikiro@.:,60
:singityuu@.:,59
:fokanupou@.:,59
:sugarcane_floofpat@.:,59
:soumitai@.:,59
:urayama@.:,59
:dealwithitparrot@.:,59
:blobfoxmelt3@.:,59
:in_rhyme@.:,58
:tsukiaextu@.:,58
:taiyaki@.:,58
ğŸ‘,58
:blobfoxheartcute@.:,57
:isshoni_ouchi_kaero@.:,57
:bed_daba@.:,57
:kombanha@.:,57
:atodemiru@.:,56
:kukuku@.:,56
:kusodekavoice@.:,56
:bungou@.:,56
:oreore@.:,56
:samu@.:,56
:iitomo@.:,56
:shikkei@.:,56
:tako@.:,55
:kokoniaru@.:,55
:muteki@.:,55
:ure@.:,55
:ofurotabeta@.:,55
:blobcatrainbow@misskey.io:,55
:meigen@.:,55
:numakun_oide@.:,55
ğŸ…,54
:gya@.:,54
:dekiraa@.:,54
:nigete@.:,54
:kiwifloofpat@.:,54
:discoparrot@.:,54
:waruiko@.:,54
:bface_wow@.:,53
ğŸ›,53
:nantekotta@.:,53
:kekkonsimasita@.:,53
:oufu@.:,53
:koyanpuppu2@.:,53
:morimori@.:,53
:kaiki@.:,53
:ablobfoxhypersnugowo@.:,53
:nanbo_attemo_ii_short@.:,53
:kan@.:,53
:happydog_and_strangecat_hugging@.:,52
â­•,52
:gojimiss@.:,52
:uoza@.:,52
:blobfoxcry@.:,52
:yoroshiku_onegaishimasu@.:,52
ğŸ•³,51
:oimozaurusuunazuku@.:,51
:tigaukamo@.:,51
:satuma@.:,51
:ichiriaru@.:,51
:ojo_crying@.:,51
:moshakonademachi_petpet@.:,51
:gokyu@.:,51
:yoshigoisit@.:,50
:nijimass_yuru@.:,50
:kyaaxtu@.:,50
:aishiteru@.:,50
:hokkori@.:,50
:umi_sea@.:,50
:hai_ojosamadesu@.:,50
:na@.:,50
:musclebunny_body_victory_pose@.:,50
:omoi@.:,49
ğŸ’,49
:ultimate_igyo@misskey.io:,49
:yameyoune@.:,49
:yoshigoicuteeye@.:,49
:pyonpyon@.:,49
:blobfoxaww@.:,49
:yume@.:,49
:appare@.:,49
:blobfoxthinkgoogly@.:,48
:saikou@misskey.io:,48
:miteitadakitai@.:,48
:yurusu@.:,48
:tsumetai@.:,48
:age@.:,48
:okusuri@.:,47
:blobfoxblushmore@.:,47
:neru@.:,47
:ablobfoxhyperwhaaaat@.:,47
:zembeiga_naita@.:,47
:gyo_zaurusu@.:,47
:muri_heart@.:,47
:bunhdthinking@.:,47
:imagawayaki@.:,47
:syuki@.:,46
:mendako_greenfloofpat@.:,46
:jumyo_nobita@.:,46
:mergeimmediatelyparrot@.:,46
:katajikenai@.:,46
:bunhdlurkaww@.:,46
:yokunaidesuka@.:,45
:ablobcall@misskey.io:,45
:omoshiroso@.:,45
:ablobdundundun@.:,45
:blobfoxcatsnuggle@.:,45
:mousugutasukaruzo@.:,45
:koedeta@.:,45
:nettori@.:,45
:hey@.:,45
:nayamu@.:,45
:ablobfoxdundundunowo@.:,44
:wakaru@misskey.io:,44
:yakattane@.:,44
:ablobcatoh@.:,44
:yarunew@.:,44
ğŸ’ª,44
:namusan@.:,44
:chan@.:,44
:yokuaru@.:,43
ğŸš,43
:blobfoxwave@.:,43
:yoshigoicoffee@.:,43
:blobfoxwhoaa@.:,43
:blobzaurusufireend@.:,43
:oow@.:,43
:yorosikuteyo@.:,43
:blobfoxmeltsob@.:,43
:blobcatstop@.:,43
:ureshii@.:,43
:haiyorokonnde@.:,43
:ultra_igyo@misskey.io:,43
:ohayoo@misskey.yukineko.me:,43
:sonatahautsukushii@.:,42
:n_koe@.:,42
:nammowakaran@.:,42
:tamaniaru@.:,42
:nakeru@.:,42
:misuhai@.:,42
ğŸ¥›,42
:utaeutae@.:,42
:kashikosagaagatta@.:,42
:bikkuri@.:,42
:eraikottya@.:,41
:korokkesoba@.:,41
:damekamo@.:,41
:super_igyo@misskey.yukineko.me:,41
ğŸ’¸,41
:blobcat_ok_sign@.:,41
:nantoiu_higeki@.:,41
:matarei@.:,41
:etsuranzumi@.:,41
:hisashiburi@.:,41
:reverseparrot@.:,41
:bface_redtears@.:,41
:doria@.:,41
ğŸ˜‡,41
:mukimuki1@.:,41
:setsunai@.:,41
:nadoto_kangaete_imasenka@.:,40
:siawase@.:,40
:katsusand@.:,40
:nonbirishiyo@.:,40
:yuunou@.:,40
:tengoku@.:,40
:itsumono@.:,40
:ureshiimatsuri@.:,40
ğŸ›¡,40
:norinori_kokko@.:,39
:ka_ne@.:,39
:yoroshiku@.:,39
:chocomint@.:,39
:papa@.:,39
:kouki@.:,39
ğŸ™,39
:bface_nicesmile_crying_dribble@.:,39
:genkainafusan_floofpat@.:,39
:goodnight@.:,38
:yoshigoi_aniki@.:,38
:purin@.:,38
ğŸ¸,38
:kakutei@.:,38
:katana@.:,38
:ariyorinoari@.:,38
:panseponse@.:,38
:yurushitekuremens@.:,38
:blobzaurusu@.:,37
:usodesu@.:,37
:extu@.:,37
:numa@.:,37
:channel_arimasu@.:,37
:moshakouruuru_petpet@.:,37
:blobfoxpeekpolice@.:,37
:otsu@.:,37
:iru@.:,37
:haxtu@.:,37
:chigauno@.:,37
:kattemite@.:,36
:meow_sleep@.:,36
:ablobfoxbongoterrified@.:,36
:tasukete@.:,36
:blobfoxeyes@.:,36
ğŸ›,36
:ai_yay@.:,36
:osusume@.:,36
:strangecatfloofpat@.:,36
:blobfoxthumbsup@.:,36
ğŸ,36
:meow_baka@.:,36
ğŸ»,36
:setdeotoku@.:,36
:omeme@.:,36
ğŸ¥,36
:usa@.:,36
:gomenasobase@.:,35
ğŸ†,35
:omoshire_otoko@.:,35
:bakunori_kokko@.:,35
:calorie_zero@.:,35
:densetsu@.:,35
ğŸ¦,35
:beautiful@.:,35
:shimaenaga_kasige@.:,35
:sugeew@.:,35
:nafusan@.:,35
:wo_gozonjika@.:,35
:heisei@.:,34
:of_the_year@.:,34
:beam@.:,34
:orehasukidazo@.:,34
:yakitori_negima@.:,34
ğŸµ,34
:omoshirejan@.:,34
:oobanyaki@.:,34
:kawaiii@misskey.io:,33
:nchu@.:,33
:iidashippe_no_housoku@.:,33
:ikemasu@.:,33
ğŸŸ,33
:tora_tiger@.:,33
:gorilla_gorira@.:,33
ğŸ™,33
:ablobgoodnightreverse@.:,33
ğŸ¼,33
:koi@.:,33
:zekkoutyou@.:,33
:kokoniiruyo@.:,32
:sorette_koikamo@.:,32
:kuma@.:,32
:mendako_rainbow@.:,32
ğŸ„,32
ğŸ,32
:zokusei_morimori@.:,32
:noda@.:,32
:noasan_matashitemo@.:,32
:fusafusa@.:,32
ğŸ¥š,32
:chocomintou@.:,32
:dayone@.:,32
:narunaru@.:,31
:kekkonshite@.:,31
:petthex@misskey.io:,31
:okaeri@misskey.io:,31
ğŸš€,31
:masaniseiron@.:,31
:blobcatoutage@.:,30
:shigotogahayai@.:,30
:strangecat_sparkleeyes@.:,30
:kokusyo@.:,30
:gyaopuppu@.:,30
:dousuru@.:,30
:mezameta@.:,30
:gyoku@.:,30
:big@.:,30
:meromero@.:,30
:blobfoxpolice@.:,30
:toutomino_okina@.:,30
ğŸ˜˜,30
:obake@.:,30
:amaama@.:,30
:tsuzukiha_madadesuka@.:,30
:kousha@.:,30
:nemutaminookina@.:,30
:a@misskey.io:,29
:iinioi@.:,29
:kiss2@.:,29
:issyoni_hukkin_shiyo@.:,29
:getdaze@.:,29
:kokuho@.:,29
:dareuma@.:,29
:abunhdowohop@.:,29
:blobcatdisputed@.:,29
:sinobi@.:,29
:tabunchigau@.:,29
:otokoyo_sono_onna@.:,29
ğŸ‹,29
:hate_hatena@.:,29
:risu_gonguri@.:,29
â˜”,28
:blobcatsweatflips@misskey.io:,28
ğŸ•,28
:blobcatweary@.:,28
:jissekikaijo@.:,28
:kounyu@.:,28
ğŸ§,28
:bunhdthink@.:,28
:ablobcatfloofpat@misskey.art:,28
ğŸ¦‹,28
:taisen_arigatou_gozaimashita@.:,28
:ja@.:,28
:kitakore@.:,28
:seme@.:,28
:mousanjide_daisannji_ttekanji@.:,28
:soko_eiyoso@.:,28
:blobfoxnombread@.:,28
:koureigyouji@.:,28
:getuyoubi@.:,28
:igyo_of_igyo@misskey.io:,28
:blobfoxscared@.:,28
:taisen_yoroshiku_onegaishimasu@.:,27
ğŸŒ¸,27
:ablobcatheadbangfastultra@misskey.io:,27
:konoshunkanwo_matteitannda@.:,27
:miracle@.:,27
:naniwositeiru@.:,27
:okaasama@.:,27
:moe@.:,27
:kachijan@.:,27
:blobcatheartbongo@misskey.io:,27
:blobfoxfingerguns@.:,27
:doukana@.:,27
:blobfoxdrool@.:,27
:nukumorithi@.:,27
:hai_otakudesu@.:,27
ğŸš¿,27
:kaxtsu@.:,27
:nemui@.:,27
:ablobfoxhypercofe@.:,26
:petthex_blobcatmeltcry@misskey.io:,26
:iine@misskey.io:,26
ğŸš“,26
ğŸ›¸,26
:kawaiine@misskey.io:,26
:kaitemite@.:,26
:ani@.:,26
:tsukiatteru@.:,26
:keiiwohyosuru@.:,26
:anshin@.:,26
:mezamesou@.:,26
:rouhou@.:,26
:happiness_nare@.:,26
:desuzo@.:,26
:wassyoi@.:,26
ğŸˆ,25
:sebastian@.:,25
:yoshigoi_kanji@.:,25
:kyoudai@.:,25
:hug@.:,25
:monstershiba_openmouth@.:,25
:yuri_jan@.:,25
:ponpe@.:,25
:gassyou@.:,25
:oioi@.:,25
:desuno@.:,25
:zau@.:,25
:mougojira@.:,25
:kawaii_xtu__i@misskey.io:,25
ğŸ¥,25
:eien@.:,25
:yokikana@.:,25
:musclebunny_body@.:,25
:tiken@misskey.io:,25
:ktkr@.:,25
:gozasourou@.:,25
ğŸ« ,25
ğŸŒ‚,25
:koyanpuppu1@.:,25
:bunhdcomfyhappy@.:,24
:mouichijide_banjikyusu_ttekanji@.:,24
:moshakoparty@.:,24
:panpakapan@.:,24
:yes_my_road@.:,24
:ablobcatfloofpat@maniakey.com:,24
:nandomokosurou@.:,24
:cuteblob_sleeping@misskey.yukineko.me:,24
:ttekoto@.:,24
:niceidea@.:,24
:bunhdcry@.:,24
ğŸ˜†,24
:fukai@.:,24
:okaerinasaimase@misskey.io:,24
:gold_zero0@.:,24
ğŸ˜…,24
:bakutan@.:,24
:otokomae@.:,24
:oresama@.:,24
ğŸ¡,24
ğŸ¦,24
:jinsei@.:,24
:yoikokorogake@.:,23
:yakisobapan@.:,23
:kanpeki@.:,23
:meow_floof_pat@misskey.yukineko.me:,23
:ooh@.:,23
:nakayokukenkasina@.:,23
:uwa_xtu@misskey.io:,23
:aruaru@misskey.io:,23
:yaruyaru@.:,23
:bunhdcomfysleep@.:,23
:ablobfoxloading@.:,23
:blobfoxgoogly@.:,23
ğŸŒ,23
:kawaiine@misskey.art:,23
:healthy@.:,23
:blobcatdroolreach@calc.bal.ovh:,23
:issyoni_ikiyoune@.:,23
:okusurinometane@.:,23
:ohuton_kakete_agemasyoune@misskey.io:,23
:wakarite@.:,23
:ojopuppu@.:,23
:odango_zaurusu_floofpat@.:,23
:oyasumi2@misskey.io:,22
:abunhdhappy@.:,22
:kudasaimasi@.:,22
:onnayo_sono_otoko@.:,22
ğŸŒ,22
:orehayaruze@.:,22
:moumodorenai@.:,22
:hogo@.:,22
:meow_needhug@.:,22
âš ,22
ğŸ‡®ğŸ‡³,22
:tansoku_siba@.:,22
:nousaeareba_yumehamirareru@.:,22
:mendako_orangefloofpat@.:,22
:gozaru@.:,22
:pancake@.:,22
ğŸ§…,22
âš”,22
:sugarcane_gokigen@.:,22
âœŒ,22
:ota@misskey.art:,22
:norinori@.:,22
:kiwi@.:,22
:yattare@misskey.io:,21
:meow_fluffpout@.:,21
ğŸ§‚,21
:oseru@.:,21
:blobfoxnomdonut@.:,21
:bface_zawa@.:,21
ğŸ«¶,21
:meshitero@.:,21
:gyo_zaurusu_floofpat@.:,21
ğŸ,21
:ninnninn@.:,21
ğŸ¦,21
:nadoto@.:,21
:dekiruzo@.:,21
:ah@.:,21
:blobfoxpeek@.:,21
:blobfoxdarkghostspooky@.:,21
ğŸ’³,21
:sekai@.:,20
:sou_omou@.:,20
ğŸ¦‰,20
ğŸ—¿,20
:wayo@.:,20
:ippantsukabeaute@.:,20
:mukimuki2@.:,20
ğŸ†—,20
:misskeyfloofpat@.:,20
:kansha_kangeki@.:,20
:doushiyo@.:,20
:wagatomo@.:,20
:guidelineyonde@.:,20
:ablobcatfloofpat@misskey.io:,20
ğŸŒŸ,20
:atodeyomu@.:,20
:musclebunny_head@.:,20
:watakushidattesoudesuwa@misskey.io:,20
:atodekiku@.:,20
:giiya@.:,20
ğŸŒ³,20
:ora@.:,20
:to_omou_jan@.:,20
:wakaru@misskey.art:,20
ğŸŸ¥,20
ğŸ¥¤,19
:blobfoxmeltsoblove@.:,19
:onakasuita@.:,19
ğŸ£,19
:iijyoho@.:,19
:bakedmochochosaurus@.:,19
:syuku@.:,19
:odango_zaurusu@.:,19
:omaenokotoga_sukidakaradayo@.:,19
:yarukotogaooi@.:,19
:fuyajo@.:,19
:are@.:,19
:blobhai@misskey.io:,19
:soryasouzya@.:,19
:win@.:,19
ğŸ”‡,19
ğŸ’°,19
:oshicouple@.:,19
:naichatta@.:,19
:kokekokko@.:,19
ğŸ¼,19
:osimaidesuwa@.:,19
:blobfoxdealwithitfingerguns@.:,19
:hou@.:,19
:hanwarai@.:,19
:omachinasai@.:,19
â™¨,19
:blobcozynap@misskey.io:,18
:nantoiu_kotodesyou@.:,18
:hagane_no_ishi@.:,18
:gekokuzyouda@.:,18
:issyoni_oekaki_shiyo@.:,18
ğŸ’£,18
:nurupo@.:,18
ğŸ”,18
:na_man@.:,18
3âƒ£,18
5âƒ£,18
:sessya@.:,18
ğŸ„,18
:meow_angrypats@.:,18
:chocchomoccho@.:,18
ğŸ´,18
:kyomei@.:,18
:oremoonajikimochi@misskey.io:,18
âš½,18
:gochisosama@.:,18
ğŸª¦,18
ğŸ–,18
:oniichan@.:,18
ğŸº,18
:kawaiii@premis.one:,18
:moshakochira@.:,18
:moshakoflip_iie@.:,18
ğŸ¥‚,18
:baked@.:,18
ğŸƒ,18
:kyojinn@.:,17
:moukonnajikan@.:,17
:zan_kiru@.:,17
ğŸš’,17
:bunhdpeek@.:,17
:chotto@.:,17
2âƒ£,17
:blobfoxcrylaugh@.:,17
:shinchoku_damedesu@.:,17
â‰,17
:tenkuma_fight@.:,17
:kara_gaming@.:,17
:mendako_lightbluesamui@.:,17
ğŸ‘™,17
:mendako_orangenemui@.:,17
ğŸ,17
:hitsuyou_keihi@.:,17
:cheapdragon_fire@.:,17
:cwtsukaou@.:,17
:ariive@.:,17
:meibutu@.:,17
:kasen@.:,17
:blobfoxflower@.:,17
ğŸ”,17
:blobfoxkirby@.:,17
:blobfoxowonotice@.:,17
:nichaa@.:,17
:syukujitu@.:,17
:mahoushoujo@.:,17
:wakattenai@.:,17
ğŸ˜¥,16
:korehaiimonoda@.:,16
:blobfoxcomfymelt@.:,16
:sasuga@.:,16
:mendako_bluefloofpat@.:,16
:tasukaru@misskey.art:,16
:oredayo@.:,16
:deta_bikkuri@.:,16
ğŸ‘,16
ğŸ£,16
:hayakuchi@.:,16
:kawaiifes@misskey.io:,16
:butoukai_1@.:,16
:iyasi@.:,16
:moshakobiglove@.:,16
ğŸˆ,16
:blobfoxhyper2@.:,16
:kurae@.:,16
ğŸ«§,16
:emoit@.:,16
:osa_cyo@.:,16
:iizo@misskey.io:,16
:shikou@.:,16
:iihassou@.:,16
:nijimass_zaurusu@.:,16
ğŸ£,16
ğŸ¦ˆ,16
:bface_guilty_tumi@.:,16
ğŸ‘,16
:oyasai_tabenasai@.:,16
:yoshigoisunglasses@.:,16
ğŸ”º,16
â™¾,16
:anko_leeno@.:,16
:cookie@.:,16
:blobfoxcryreach@.:,16
:senpai@.:,16
:nafusanchan_sabacan@.:,16
ğŸ…±,16
:kusa@misskey.art:,15
:kyoshiki@.:,15
:ohayougozaimasu@misskey.io:,15
:ichaicha@.:,15
ğŸ©,15
:sekaiichi@.:,15
:bijin@.:,15
ğŸ¾,15
ğŸ‡¬ğŸ‡§,15
:donmai@.:,15
:monstershiba_floofpat@.:,15
:mendako_white@.:,15
:obake_tere@.:,15
:resonyance@misskey.io:,15
ğŸ ,15
ğŸ”«,15
:blobgo@.:,15
âœˆ,15
:hyper@.:,15
:syousai_kibonnu@.:,15
ğŸ¥•,15
ğŸŒ ,15
:mattemashita@.:,15
:moshakokirakira2@.:,15
:kokuu@.:,15
:mendako_purple@.:,15
:internet_ochakai@.:,15
ğŸ¯,15
:kaisai@.:,15
:mendako_pink@.:,15
:sleepingparrot@.:,15
:wktk@.:,14
:bunhdprelurkcofe@.:,14
ğŸ¤–,14
:saikou_sugiru@misskey.io:,14
:sugi@.:,14
:mendako_yellow@.:,14
ğŸ®,14
:hituyou@.:,14
ğŸ¾,14
:gorgeous@.:,14
:omedetou@misskey.io:,14
:otanbi@.:,14
:kyoumogenkini@.:,14
ğŸƒ,14
:kiwiwalk@.:,14
:saioote@.:,14
:suteki2@misskey.io:,14
:zensha@.:,14
ğŸŒ•,14
:scone_zaurusu_floofpat@.:,14
ğŸ«,14
:tsudukihoshii@.:,14
ğŸ¥³,14
:koegaii@.:,14
:petthex_blobcat_frustration@misskey.io:,14
ğŸš”,14
â˜€,14
ğŸ‡,14
:zaxako@.:,14
:blobcatdroolreach@misskey.io:,14
:thanks@.:,14
:punipuni@.:,14
:makoto@.:,14
:soregashi@.:,14
:top_secret@.:,14
:suman@.:,14
:coupling@.:,14
ğŸ¤,14
:horeta@.:,14
:kaitenyaki@.:,14
:ablobfoxbongohyper@.:,14
:meme_ga_umaretayo@.:,14
:oobannyaki@misskey.io:,14
:taikin@.:,14
ğŸ“›,14
:mendako_blue@.:,13
:ultra_igyo2@misskey.io:,13
:tukurou@.:,13
:yarimasu@.:,13
:buta@.:,13
:oneechan@.:,13
ğŸ§€,13
:nafusan_nantokashiro@.:,13
ğŸ°,13
ğŸ¦,13
:ijan@.:,13
âš¡,13
ğŸ’¡,13
:uchuuichi@.:,13
:cold_en@.:,13
:omoshireeonna@.:,13
:yandere@.:,13
:blob_hyper_nod@misskey.art:,13
ğŸ‘“,13
:goshowa_please@.:,13
:desune@.:,13
:muri@.:,13
ğŸ¥ª,13
:blobfoxsignno@.:,13
:beaute@.:,13
:osizukani_onegaisimasu@misskey.io:,13
:ohayo@misskey.io:,13
:okonomiyaki@.:,13
:gatizei@.:,13
:osakana_tabenasai@.:,13
ğŸš½,13
:kaerimasuyo@.:,13
:munenihibiita@.:,13
:syoumikigenmamoroune@.:,13
:blobfoxglare@.:,13
:tensai@misskey.io:,13
:jishukisei@.:,13
:yarujan@.:,13
:bface_ojousama@.:,13
:blobfoxgooglymlem@.:,13
ğŸ’´,13
ğŸŸ ,13
:josou_shite@.:,13
:ojousamaface@.:,13
4âƒ£,12
ğŸ™Œ,12
:kusa@misskey.io:,12
:katana_saya@.:,12
:genkaitoppa@.:,12
:blobcatcomfy@misskey.io:,12
:ojo_shocking@.:,12
:blobfoxnomtomato@.:,12
:bisyojyo@.:,12
:patblob@misskey.design:,12
:uwaaltu@misskey.art:,12
:owata_kao@.:,12
:ohayo_whisky__i@misskey.io:,12
:igyo@misskey.art:,12
:konmaho@.:,12
ğŸŒ±,12
ğŸ³,12
:igyo_no_tatuzin@misskey.io:,12
:blobfoxcry2@.:,12
:moshakokirakira_petpet@.:,12
â“,12
ğŸ—¼,12
:blobfoxnotlikethis@.:,12
:blobtoofast@misskey.io:,12
:iikamo@.:,12
:issyoni_kaibunsho_kako@.:,12
:doomo@.:,12
ğŸ¥’,12
ğŸ¢,12
ğŸ¢,12
:ablobfoxhyperthinking@.:,12
:yowasou@.:,12
:koukotsu@.:,12
:asayojini_nanishiteru@.:,12
:haru@.:,12
:fuyu@.:,12
:reaction_shooting@.:,12
:hyakka_ryoran@.:,12
:nijimiss_news_sokuho@.:,12
:mochituke@.:,12
ğŸŒ»,12
:nijimissdotmoe@.:,12
ğŸ¦´,12
ğŸ«˜,12
ğŸ–¼,12
:henohenomohe@.:,12
ğŸ‰,12
:kakkokawaii@misskey.io:,12
:sokubaikaiwo_kaishi@.:,12
ğŸ›,12
:bosukete@.:,11
:ablobfoxbongo@.:,11
:kanousei@.:,11
ğŸ»,11
ğŸŠ,11
:blobfoxnomcat@.:,11
:meowbath@misskey.io:,11
ğŸ°,11
:blobfoxuwu@.:,11
:blobfoxonepunch@.:,11
ğŸ¥…,11
:soudasouda@misskey.io:,11
:ablobcall@maniakey.com:,11
:a@misskey.art:,11
:resonyance@misskey.art:,11
:blobfoxpeekknife@.:,11
ğŸ¦,11
:karei@.:,11
:ittosyo@.:,11
:meow_hiss@.:,11
ğŸ‘Œ,11
:blobfoxtea_w_@.:,11
:meow_hungry_anim@misskey.io:,11
:moujunijide_jiyuunishite_ttekanji@.:,11
:inou@.:,11
:blobcatstop@misskey.io:,11
:super@.:,11
:blobfoxshocked@.:,11
ğŸ†’,11
:blobfoxcat@.:,11
âœŠ,11
ğŸŒ½,11
:orenokawariniegaitekure@.:,11
ğŸ‘‚,11
:genjitsu@.:,11
7âƒ£,11
:ablobfoxdundundun@.:,11
ğŸ›€,11
:blobfoxblush@.:,11
:shousangaaru@.:,11
:sube_heart@.:,11
:iindesuka@.:,11
ğŸ˜,11
:ablobcatfloofpat@ck.c30.life:,11
:bunhdlurk@.:,11
:4b8f_kawaii_anime@misskey.gamelore.fun:,11
ğŸ’²,11
:pyon@.:,11
:hokaima@.:,11
:misskey_v12@.:,11
ğŸ¹,11
:tobecontinued@.:,11
:purezen_daikansya@.:,11
:saikou@misskey.art:,10
:igyo@misskey.yukineko.me:,10
:blobfoxnomegg@.:,10
:blobfoxbreadpeek@.:,10
:blobcataww@misskey.io:,10
ğŸ¥,10
:obaachan@.:,10
:bface_sparkleeyes@.:,10
:dopufuo@.:,10
:blobcataww@misskey.art:,10
:iine@misskey.art:,10
:goranshin@.:,10
ğŸŒ¶,10
:blobfoxninja@.:,10
:meshiagare@.:,10
:princess_j@.:,10
ğŸ‘Š,10
:blobfoxthink@.:,10
ğŸ°,10
:deep_arigatou_hukakukansya@misskey.io:,10
:kokoronoeiyou@.:,10
:gold_triplezero000@.:,10
:blobfoxcofe_w_@.:,10
:de_ajiha@.:,10
:nsfw_futoji@.:,10
:souiuhimoaru@misskey.io:,10
ğŸš—,10
:kamingsoon@.:,10
:blobfoxthinking@.:,10
:hisshoudaruma_floofpat@.:,10
ğŸ®,10
:blobfoxdarkghost@.:,10
:takumi@.:,10
:wakarimi@misskey.io:,10
:kyukyoku@.:,10
:kashiko@.:,10
:otacat04@misskey.art:,10
:fes@misskey.io:,10
ğŸ²,10
:yoruho@.:,10
ğŸ¦µ,10
:blobfoxangrylaugh@.:,10
:kamieshi_nekoga_eshi@.:,10
:mendako_lightbluefloofpat@.:,10
:blobfoxboopmelt@.:,10
ğŸ§,10
:kawaii@maniakey.com:,10
:yasashiisekai@side.misskey.productions:,10
:oyasumi@misskey.io:,10
ğŸª,10
:_55hn5tl5_@.:,9
:sayo@.:,9
:blobfoxghost@.:,9
:choiigyo@.:,9
:doujinshi@.:,9
:uke@.:,9
:wakarimiga_fukasugiru@misskey.io:,9
ğŸ—,9
âš«,9
:blobfoxthinkanime@.:,9
:igyo@maniakey.com:,9
:tenkuma@.:,9
ğŸŒ§,9
:nyuuseki@.:,9
ğŸš,9
:rannyuu@.:,9
:meowsurprised@misskey.io:,9
:tohyozumi@.:,9
:shimaenaga@.:,9
ğŸ‹,9
:nandeyanen@.:,9
:bunhd@.:,9
:mettya_wakaru@misskey.io:,9
:kaisan@.:,9
:lose@.:,9
ğŸª,9
:meow_hungry@misskey.yukineko.me:,9
:kwsk@.:,9
:prince_j@.:,9
:kuttare@misskey.io:,9
ğŸ,9
ğŸŸ,9
ğŸ‘¶,9
:tsundere@.:,9
ğŸ¥§,9
ğŸ§»,9
:tokusanhin@.:,9
:murakamisan_sleeping@misskey.io:,9
ğŸ¦‘,9
:korega_watakushino_ishidesuwa@.:,9
ğŸŒˆ,9
:okonomide@.:,9
:ablobhungry@misskey.io:,9
:minasama@.:,9
:_kawaii@misskey.art:,9
ğŸ‘‰,9
:kanasiihanasi@misskey.io:,9
:menohoyou@.:,9
:dokozumi_tekamisskey_yatteru@misskey.art:,9
:jinrui@.:,9
ğŸ¥¬,9
:moshakokirakira@.:,9
:oyaki@.:,9
:kininaru@misskey.io:,9
:soukamo@misskey.io:,9
*âƒ£,9
:strangecat@.:,9
:haya_ikutose@.:,9
ğŸ¦Ÿ,9
:odaizini@misskey.io:,9
:long_strangecat_mid@.:,9
:okaeri@maniakey.com:,9
:sinngikyohi@.:,9
â›±,9
ğŸ¥“,9
:ara_kawaii@misskey.io:,9
:moi@.:,8
:junai@.:,8
ğŸ˜,8
ğŸ’Œ,8
:semarikuru@.:,8
:blobfoxreachaww@.:,8
ğŸ“,8
:cheapdragon_floofpat@.:,8
:sonoyoni@.:,8
:kyusai@.:,8
:iinex2@maniakey.com:,8
ğŸ§œâ€â™€ï¸,8
:tenkamusou@.:,8
:danaxa@.:,8
:shibashimatareyo@.:,8
ğŸ•¶,8
:mog@misskey.art:,8
:ai_yaysuperfast@misskey.io:,8
:memotta@.:,8
:sugarcane_norinori@.:,8
ğŸ¤²,8
ğŸ¬,8
:kamikyoku@.:,8
:bed_oide@misskey.io:,8
:kakugo_kanryo@.:,8
ğŸ²,8
:ablobsmile@misskey.art:,8
ğŸ¥°,8
:densetutte@.:,8
:ne@misskey.io:,8
:kiraijanaiwa@.:,8
:robothappydog_floofpat@.:,8
:gochisou@.:,8
:sodane@.:,8
:blobsweats@.:,8
:meow_hungry@misskey.io:,8
:haimama@misskey.art:,8
:oishisou@misskey.io:,8
:ok_yellow@.:,8
ğŸ’,8
ğŸ¥,8
:sore@mi.mashiro.site:,8
:nandesa@.:,8
âš™,8
:tenkuma_odoroki@.:,8
:yurushitehiyashins@.:,8
:bakedmochocho_a@.:,8
:blobfoxnomicecream@.:,8
ğŸ›,8
:blob_present@.:,8
ğŸªƒ,8
:naisuoppai@misskey.art:,8
:minnadedajare@.:,8
ğŸ§‡,8
ğŸª©,8
:moshakoflip_hai@.:,8
:kakoii@misskey.art:,8
ğŸ”Ÿ,8
:sensei@.:,8
:omoro@.:,8
ğŸŸ«,8
:iinexe@misskey.io:,8
:yarimasitawa@.:,8
:blobcat_sentou_with_murakamisan_tutinoko@misskey.io:,8
:blobfoxcactus@.:,8
:blobzaurusufiremid@.:,8
:koudouryokunokesin@.:,8
:tsuujyounten@.:,8
:mendako_pinkfloofpat@.:,8
ğŸš»,8
:yattaa@misskey.io:,8
:teiki@.:,8
:biglove@misskey.art:,7
:omegatakai@.:,7
ğŸ’š,7
:gold_one1@.:,7
ğŸ¤Ÿ,7
:tiken@misskey.art:,7
:kabedon@.:,7
ğŸ‘³â€â™€ï¸,7
â˜•,7
:ii_zyan@misskey.io:,7
:moshakopechipechi@.:,7
:mendako_brownfloofpat@.:,7
ğŸ’‰,7
:wakaru@misskey.yukineko.me:,7
:gkbr@.:,7
:ablobcatcryingcute@misskey.art:,7
:blobcatdroolreach@misskey.art:,7
:wakkaruu__i@misskey.io:,7
:blobfoxconfused@.:,7
:otacat01@misskey.art:,7
:blobcallfast@misskey.yukineko.me:,7
:ganbare@misskey.io:,7
:hontou_ni_sou@misskey.io:,7
ğŸŒ,7
:nyanpuppu@misskey.io:,7
:ablobcatreachflip@misskey.io:,7
ğŸšŒ,7
:kai_buy@.:,7
:mougojide_gojiaikudasai_ttekanji@.:,7
:blobhai@misskey.art:,7
:genkai@.:,7
:blobfoxfloofcute@.:,7
:monstershiba@.:,7
:4f55_kusa@misskey.gamelore.fun:,7
:bface_straight@.:,7
:blobfoxcookie@.:,7
:hontou@.:,7
:blobfoxdrakelike@.:,7
:daisuki@misskey.io:,7
ğŸ‚,7
:memo_j_wh@.:,7
:meijin@.:,7
:oxtu@.:,7
:ablobfoxree@.:,7
:sorehasou@misskey.io:,7
:mendako_green@.:,7
:araa@misskey.yukineko.me:,7
:erai_star@premis.one:,7
:genkidashite@.:,7
ğŸ•Š,7
:rn@.:,7
:strangecat_sleepy@.:,7
ğŸ¹,7
:sugoi2@misskey.io:,7
:kigenwomamorou@.:,7
:iiyone@misskey.io:,7
:moshakoofuton@.:,7
â›º,7
6âƒ£,7
:gyakudatta_kamo_shirenee@misskey.io:,7
:dabe@.:,7
:minna@.:,7
:ohayou_wide@maniakey.com:,7
:kamieshi_neko_katteru@.:,7
ğŸ–Š,7
:galtu@misskey.io:,7
:blobfoxcomputerowonotice@.:,7
:zaemon@.:,7
:sore@misskey.io:,7
:hokaru@.:,7
:kowaihanashi@misskey.io:,7
:kusa@misskey.yukineko.me:,7
:lovelove@.:,7
ğŸª,7
:boku@.:,7
â›°,7
:obake_naku@.:,7
:ohayougozaimasu_yasasi@maniakey.com:,7
ğŸªŸ,7
:yarebadekiru@.:,7
:sarabada@.:,7
ğŸ’¨,7
ğŸ”¢,7
:shouri@.:,7
ğŸ§šâ€â™€ï¸,7
:blobfoxnomfoxburger@.:,7
ğŸ¤,7
:blobfoxnomfoxcookie@.:,7
ğŸ,7
:meowbongopat@misskey.io:,7
ğŸ­,7
:kaiho@.:,7
:hutonkaraderarenai@.:,7
:atonomatsuri@.:,7
ğŸ„,7
ğŸ©¹,7
:crab_dancing@misskey.io:,7
:4201_a_exclamation@misskey.gamelore.fun:,7
:kawayoi@misskey.io:,7
ğŸ€„,7
ğŸŒ,7
ğŸ«€,7
ğŸ’ƒ,7
:orenokawarinikaitekure@.:,7
:hidoihanashi@misskey.io:,7
:minasamaaa@.:,7
âœ,7
:kimi@.:,7
ğŸ¤¡,7
:shitteokou@.:,7
ğŸ”¨,7
:yosasou@.:,7
:sugindaro@.:,7
:sabamente@.:,7
:kiyakuyomou@.:,7
âœ¨,7
ğŸ¦©,6
ğŸ“±,6
ğŸ¥º,6
:risyuu@.:,6
:syukkin@.:,6
ğŸ¥©,6
:mendako_orange@.:,6
:blobcathungry@maniakey.com:,6
:Shiropuyo_kawaii@misskey.art:,6
ğŸ¥”,6
:blobfox3cevil@.:,6
:blobfoxnomburger@.:,6
âš°,6
:suki_mega@misskey.art:,6
:sale_en@.:,6
ğŸ·,6
:hakumaisanbaiikeru@.:,6
ğŸ’«,6
:iihanashi_move@misskey.io:,6
:risu_normal@.:,6
:yokatta@misskey.io:,6
:ojousamafacefloofpat@.:,6
:bara_jan@.:,6
:subarashii@misskey.yukineko.me:,6
:blobfoxfloof_w_@.:,6
:4b8f_kawaiine@misskey.gamelore.fun:,6
:tenkuma_ehehe@.:,6
:waruiotoko@.:,6
ğŸ”®,6
:monstershiba_frontbite@.:,6
:luxury@.:,6
:ablobcatnodmeltcry@soukun.xyz:,6
:blobfoxgooglynomlog@.:,6
:blobfoxpatgoogly@.:,6
ğŸ­,6
:kamin@.:,6
:horenso@.:,6
:444e_igyo@misskey.gamelore.fun:,6
ğŸ§„,6
:ablobcatfloofpat@soukun.xyz:,6
ğŸš²,6
ğŸ,6
:dannasama@.:,6
:dositan@.:,6
:ojousama@misskey.io:,6
ğŸ”,6
:itsudemo@.:,6
:koresuki@misskey.io:,6
:makaizou@.:,6
:blobfoxastronoutgun@.:,6
ğŸ§,6
:asobase@.:,6
:ultra@.:,6
:omaeha_oreno_hahaoyaka@.:,6
:bface_troll@.:,6
:blobfoxcatterrified@.:,6
ğŸ¦¾,6
:naruhodo@misskey.io:,6
:kawaii@fedibird.com:,6
:blobfoxbox@.:,6
ğŸ’,6
:odaijini@misskey.io:,6
ğŸŒ´,6
:thinkhappy@misskey.io:,6
:kiwamete_igyo@misskey.io:,6
:blobfoxdetective@.:,6
:haishinarimasu@.:,6
:macchaazuki@.:,6
:noblesse_oblige@.:,6
:natsukashii@misskey.io:,6
ğŸ¥¦,6
:oneesan@.:,6
:ara_suteki@misskey.io:,6
ğŸ¶,6
:kawaii_xtu__i@misskey.yukineko.me:,6
ğŸ¥·,6
:ichalove@.:,6
ğŸ‘ˆ,6
ğŸ’,6
:okubyounazisonsin@.:,6
:sondainasyuutisin@.:,6
:blobfoxnomcookie@.:,6
9âƒ£,6
:onisan@.:,6
:yattare@misskey.art:,6
:moshakoobakedazo@.:,6
:blobfoxthumbsdown@.:,6
âœ´,6
:oyoo@misskey.io:,6
:araa@misskey.io:,6
:memo_j@.:,6
:waruikodomo@.:,6
:suteki@misskey.io:,6
:modosite@misskey.io:,6
:bface_anime_glasses@.:,6
:cheapdragon@.:,6
:omatasematta@.:,6
ğŸ·,6
ğŸ–,6
:parrot_sorena@misskey.io:,6
:eenyade@misskey.io:,6
ğŸ§½,6
:blobfoxcookienomfox@.:,6
:ore@misskey.io:,6
:itsunomani@.:,6
ğŸ˜,6
ğŸ¥Ÿ,6
:konnakotomo_arokato@.:,6
:mendako_lightblue@.:,6
ğŸ§ƒ,6
:minasamaaaaa@.:,6
:kojinnunneiyazo@.:,6
:blobfoxsanta@.:,6
:blobfoxfake@.:,6
ğŸ†š,6
:blobfoxmelt2@.:,6
:eiga@.:,6
:hikiwake@.:,6
:yami_wo_kakeru_shikkoku_no_ryotak@misskey.io:,6
:yotimu_hai@misskey.io:,5
:jikyujisoku@.:,5
:blobfoxpirate@.:,5
:zutuu_ga_itai@.:,5
:yareruyareru@.:,5
ğŸ ,5
ğŸš¬,5
:meow_uwucry@misskey.io:,5
:bface_body@.:,5
:mendako_red@.:,5
:souomou@misskey.io:,5
:wakatta@misskey.io:,5
:gambaruzo@.:,5
:mazika@misskey.io:,5
ğŸ’‹,5
ğŸ’»,5
:shining@misskey.art:,5
ğŸ‡ªğŸ‡¸,5
:iiyoiiyo@misskey.io:,5
:syokunin@.:,5
:ameownodfast@misskey.io:,5
:long_strangecat_first@.:,5
:blobfoxpatmelt3@.:,5
ğŸ«µ,5
ğŸ”,5
:scone_zaurusu@.:,5
:bunhdcomfy@.:,5
:ablobcatnodmeltcry@misskey.io:,5
ğŸ,5
:5544_saikou@misskey.gamelore.fun:,5
:omaega_kanini_narundayo@misskey.art:,5
ğŸ‡±ğŸ‡§,5
ğŸŒŠ,5
:shishou@.:,5
ğŸ¦ª,5
:kawaii@misskey.yukineko.me:,5
:gakimiwomatteiru@.:,5
:blobfoxsnuggle@.:,5
:iitenki_rd@.:,5
:shinchoku_doudesuka@.:,5
:meow_coffeespitting@misskey.art:,5
:kusodeka@misskey.io:,5
:ablobcatcryingcute@soukun.xyz:,5
:tashikani@misskey.io:,5
:blobfoxyoshiend@.:,5
ğŸ¥—,5
ğŸ¦‡,5
ğŸ’ˆ,5
ğŸª,5
:blobhappythink@misskey.yukineko.me:,5
:oyatsu_tabenasai@.:,5
ğŸ˜Š,5
:ryomin@.:,5
:shiropuyo_igyo@misskey.gamelore.fun:,5
:cuteblob_pat2@misskey.yukineko.me:,5
:souiu_kotomo_aru@misskey.io:,5
:bunhdangry@.:,5
:blobfoxfloofhappy@.:,5
ğŸŸ¡,5
:oremo@misskey.art:,5
:ojou@.:,5
:urayama@misskey.io:,5
:blobfoxnomcake@.:,5
:8f4b_wakaru@misskey.gamelore.fun:,5
ğŸªµ,5
:moukujira@.:,5
:meow_meltwaverev@misskey.yukineko.me:,5
:blobfoxknife@.:,5
:dore@.:,5
:blobtoofast@maniakey.com:,5
:blobfoxcofeglare@.:,5
:atumare@.:,5
:blobfoxcomfy@.:,5
:owakariitadaketa@.:,5
:kanojo@.:,5
1âƒ£,5
ğŸ§‘â€ğŸ¦²,5
ğŸŒ¹,5
:kawaiine@misskey.yukineko.me:,5
:blobfoxstabbed@.:,5
:umasou@misskey.io:,5
:ai_yay@misskey.io:,5
:kanninshite@.:,5
ğŸŒ,5
:blobhai@maniakey.com:,5
ğŸ‡ºğŸ‡¸,5
:baked_mochocho_dog@misskey.art:,5
ğŸ§™â€â™‚ï¸,5
:reiwa@.:,5
:debokutoakushu@.:,5
ğŸº,5
:erait@misskey.io:,5
:blobfoxcomfycomputer@.:,5
ğŸª¨,5
â„,5
:honsitsu_jouhou@misskey.art:,5
:nice_pants@misskey.io:,5
:blob_hyper_nod@ck.c30.life:,5
ğŸ–,5
:dajare@.:,5
:kisai_oni@.:,5
ğŸ©¸,5
:pachinko_igyo@maniakey.com:,5
:noasan@.:,5
ğŸ“,5
:horoboshimashou@misskey.io:,5
:moshakoyorisoi@.:,5
ğŸªš,5
:meowcry@misskey.io:,5
:maido@.:,5
:tension_max@.:,5
:retasu@misskey.art:,5
:nsfw@.:,5
:juden_nai@.:,5
:bface_nicesmile_b@.:,5
:blob_hyper_nod@maniakey.com:,5
:blobfoxcursedowo@.:,5
:uti_outi_ona_jin@misskey.art:,5
ğŸ¥,5
:kencouple@.:,5
:iine@premis.one:,5
:god@misskey.design:,5
:tukaeru@.:,5
:desyodesyo@.:,5
:moshakouruuru2@.:,5
:seppun@.:,5
:nadeusa@premis.one:,5
:kisyou@.:,5
ğŸ¥,5
:honsore@misskey.io:,5
ğŸ«,5
:ryoukataomoi@.:,5
:ohlala@.:,5
ğŸ±,5
:bface_nicesmile@.:,5
ğŸª¥,5
ğŸ•š,5
:hou@misskey.io:,5
:blobfoxdeadinside@.:,5
:iitenki_bl@.:,5
:taikin_ou_taiking@misskey.io:,5
:blobcat_frustration@misskey.io:,5
ğŸ¦’,5
:blobfoxartist@.:,5
:kuruu@misskey.art:,5
:7575_fufufu@misskey.gamelore.fun:,5
:sibumi@.:,5
ğŸ«,5
:kawaii@misskey.io:,5
ğŸ§™â€â™€ï¸,5
:blobfoxscience@.:,5
:beat_pump@.:,5
:blobfoxdizzy@.:,5
:motibeagaru@.:,5
ğŸ“¸,5
:morning_j@.:,5
:meow_floof_pat@premis.one:,5
:kouhai@.:,5
:yosiyosi_fuwa@.:,4
ğŸŸ¦,4
â“‚,4
:blobcatmeltlove@misskey.io:,4
:kanbai@.:,4
:omukaedegonsu@.:,4
:ohayou@misskey.yukineko.me:,4
:menme_thinking@misskey.io:,4
:mog@misskey.io:,4
:tottemo_cute@misskey.io:,4
:iina@maniakey.com:,4
:tanomimashitayo_1hgonowatashi@.:,4
:sutekidane@misskey.io:,4
ğŸ‘‹,4
â¬›,4
:ganbatta@misskey.io:,4
:kono_kasi_watasi_no_kotoda@misskey.io:,4
:5000t_abunai__i@misskey.io:,4
ğŸ“,4
:haigochuui@.:,4
:bface_gunyaa@.:,4
:blobfoxnerd@.:,4
:moshakoohana@.:,4
:hou@misskey.yukineko.me:,4
ğŸ¦¶,4
:moutasukaranaizo@misskey.io:,4
:aiboo@.:,4
:parrot_thumbup@misskey.noellabo.jp:,4
:strangecat_headfirstslide@.:,4
:genbaneko_dousite@misskey.io:,4
:sugoi@misskey.io:,4
:haiyoru_kani@misskey.art:,4
ğŸ‘„,4
:tebkuma_ozigi@.:,4
:sanjou@.:,4
:blobfoxnomball@.:,4
:4a63_oha@misskey.gamelore.fun:,4
:iidesune@misskey.design:,4
ğŸ,4
ğŸ§²,4
:wakarux3_premis@premis.one:,4
ğŸ”ª,4
:blobfoxyoshieat@.:,4
:comingsoon@.:,4
:blobfoxbongoterrifiedstart@.:,4
ğŸ¤,4
ğŸ‡®ğŸ‡¹,4
â†”,4
:yattane@misskey.io:,4
:helloworld@.:,4
â›³,4
ğŸ±,4
:murishinaide@misskey.io:,4
:ii@misskey.io:,4
:kawaiifes@misskey.yukineko.me:,4
:oishiine@misskey.io:,4
ğŸ˜,4
:kansaiben@.:,4
:blob_pencheer@misskey.design:,4
:blobfoxhappy@.:,4
ğŸ“,4
:omizu_nonde@misskey.io:,4
:blobfoxcofecute@.:,4
:pakupakudesuwa@misskey.io:,4
:blobfoxcute@.:,4
ğŸ,4
:mog@soukun.xyz:,4
:igyosugiru@misskey.io:,4
ğŸ‡¸ğŸ‡ª,4
:kitai@.:,4
:ablobcatcoffee@misskey.io:,4
:chiken@misskey.yukineko.me:,4
:blobfoxpatghost@.:,4
:blobcatsmilesweat@.:,4
ğŸ—½,4
ğŸŠ,4
:tamago@misskey.io:,4
:meow_sushi_murakamisan_tutinoko@misskey.io:,4
:igyo@fedibird.com:,4
:fuun@.:,4
:bunhdsleep@.:,4
:blobfoxcomfysleepy@.:,4
:chotto_wakaru@misskey.io:,4
ğŸ‡,4
:you@.:,4
:kakkee@misskey.io:,4
:blobfoxdab@.:,4
:blobfoxnomfox@.:,4
:tsuyoi@misskey.io:,4
:crazy_pudding@misskey.art:,4
ğŸ’µ,4
:souwayo@misskey.io:,4
:beko@misskey.design:,4
ğŸ¦£,4
:himitsu@.:,4
:wakarimi@soukun.xyz:,4
ğŸ§‹,4
ğŸ…¿,4
:hoosayoka@.:,4
ğŸŸ©,4
:kokemusuhodoijin@misskey.design:,4
:atatakaisekai@misskey.io:,4
:meow_dundundun@premis.one:,4
:blobfoxtea@.:,4
:kakoku@misskey.io:,4
:supertada@misskey.io:,4
:hai@misskey.art:,4
ğŸ§¼,4
ğŸ”µ,4
:daiigyou@soukun.xyz:,4
:yappari_fuwa@.:,4
ğŸ³,4
ğŸ’©,4
:ittare@misskey.io:,4
:suki_heart@misskey.io:,4
â˜¯,4
:ane@.:,4
:nda_nda@misskey.io:,4
ğŸ¥„,4
:araara@misskey.io:,4
ğŸ‘,4
:blobfoxhyper@.:,4
ğŸ“,4
:subezau_gr@.:,4
ğŸ†•,4
:wakaru@trpger.us:,4
:osizukani@misskey.art:,4
:yo@misskey.art:,4
ğŸ’›,4
:saikyou@misskey.io:,4
ğŸ™ƒ,4
:otacat03@misskey.art:,4
:otacat05@misskey.art:,4
:otacat06@misskey.art:,4
:gyu_@misskey.io:,4
:robothappydog@.:,4
ğŸ¦Œ,4
:moshakopolice_Donut@.:,4
:ohayou@trpger.us:,4
:goshisoku@.:,4
:sorena@misskey.io:,4
:bugcatsleep@soukun.xyz:,4
:blobfoxflowerhair@.:,4
ğŸ•·,4
ğŸ‘³,4
:kakeru@.:,4
:ablobcatcryingcute@misskey.gamelore.fun:,4
:syugo@.:,4
:a@soukun.xyz:,4
:ainers_misskeyio@misskey.io:,4
:hyper_vibecat@misskey.io:,4
:iinaa@misskey.yukineko.me:,4
ğŸ©²,4
ğŸ¦“,4
:umai@misskey.io:,4
ğŸ§¦,4
:promotion_wo_hukumimasu@misskey.io:,4
ğŸ‰,4
â—¼,4
:aruaru@premis.one:,4
:supertada@misskey.art:,4
ğŸª„,4
:ohayou@misskey.io:,4
ğŸ¥,4
:blobfoxdarkghostfloof@.:,4
:anime@.:,4
:nice_@misskey.io:,4
ğŸŸ¨,4
ğŸ¥‰,4
âœ‰,4
ğŸ‘»,4
ğŸ‘,4
:syuryou@.:,4
ğŸ«‘,4
:syoni@premis.one:,4
ğŸ¸,4
:bunhdprelurkdonut@.:,4
:so_omou@.:,4
:petthex_sushirisu@soukun.xyz:,4
:blobfoxboopgoogly@.:,4
:aru@misskey.io:,3
:tadaima@.:,3
:futago@.:,3
:wakuwaku@misskey.io:,3
ğŸ•”,3
:ohannyo@misskey.io:,3
ğŸ–‹,3
:coolnisaruze@.:,3
:sonomamano_kimideite@misskey.io:,3
â˜,3
ğŸ«°,3
:orenotamasiimiseteyaruze@.:,3
:ippaiwakaru@misskey.art:,3
:honsore@misskey.yukineko.me:,3
:radio_taiso_shimashitano@.:,3
ğŸ,3
:ablobcatcryingcute@misskey.io:,3
:ultrasou@misskey.design:,3
:roudouozyousama@.:,3
:explosion@misskey.io:,3
:omedetou@fedibird.com:,3
:twinsparrot@misskey.io:,3
ğŸŒ€,3
:mayonnaisekaketeagemashoune@misskey.art:,3
:meow_droolreach@misskey.yukineko.me:,3
:otouto@.:,3
:igyo@misskey.noellabo.jp:,3
:kawaii@misskey.art:,3
:sasuga2@.:,3
:neko_dakara_wakannyai@misskey.io:,3
:koibito@.:,3
:Shiropuyo_rainbow@misskey.art:,3
ğŸ…°,3
:4444_iine@misskey.gamelore.fun:,3
:zurui@misskey.io:,3
:ablobcat_petpet@misskey.gamelore.fun:,3
â›©,3
:ohayoo@misskey.art:,3
:supergoodmorning@misskey.design:,3
:ameowsadrain@misskey.io:,3
:naruhodonaa@misskey.io:,3
ğŸš¢,3
:meow_wobble@misskey.yukineko.me:,3
:ekechen@misskey.noellabo.jp:,3
ğŸ’¾,3
:reaction_deck@.:,3
:subezau@.:,3
:blobcatheadbang@maniakey.com:,3
ğŸŒ¨,3
:blobcatnoplease@misskey.io:,3
ğŸ ,3
:blobfoxcomfyhappy@.:,3
:bunhdmlem@.:,3
ğŸ¦·,3
:kidai_no_tensai@misskey.io:,3
ğŸ§Ÿâ€â™€ï¸,3
:komeda@misskey.io:,3
:ablobdj@misskey.io:,3
ğŸ¤›,3
ğŸ¤¥,3
ğŸ¤¯,3
ğŸ˜‰,3
ğŸ˜„,3
âœ‚,3
:o_beer@.:,3
:blobfoxyoshimid@.:,3
ğŸ›³,3
ğŸ¦…,3
:bottyan@.:,3
ğŸ’¯,3
:sounanda@misskey.io:,3
:kawaii_mj@misskey.niri.la:,3
:blobfoxcofe@.:,3
:mendako_greencry@.:,3
:blobfoxdevil@.:,3
ğŸ›«,3
:ablobcatfloofpat@mk.yopo.work:,3
:ota@misskey.io:,3
:sonano@.:,3
:shinanai_teidode@misskey.io:,3
â˜„,3
ğŸ‘œ,3
:seizinzumi_youzi@misskey.io:,3
:guchathinking@misskey.art:,3
:babu@misskey.art:,3
ğŸ§«,3
ğŸ”,3
:sugarcane@.:,3
ğŸ§¿,3
:blobcataww@soukun.xyz:,3
:4a8c_oremo@misskey.gamelore.fun:,3
:sugoihanashi@misskey.io:,3
:blobfoxpeekowo@.:,3
:honshitsu_jouhou@misskey.io:,3
:gateway@.:,3
:ryoshu@.:,3
ğŸ•º,3
:syousei@.:,3
:eraiwayo@misskey.io:,3
:nobashibou_bikkuri@.:,3
:haiboku@.:,3
:petthex_japanesecake_real@misskey.io:,3
:kusa@soukun.xyz:,3
:blobfoxcamera@.:,3
:ablobcatnodveryslow@misskey.art:,3
:naruhodofes@soukun.xyz:,3
âšª,3
:blobfoxgooglycry@.:,3
:tensai@misskey.art:,3
ğŸ§‘â€ğŸ³,3
:oremoonajikimochi@soukun.xyz:,3
ğŸ”­,3
:blob_kamaboko@misskey.art:,3
:misskey_v11@.:,3
:meow_hungry_anim@soukun.xyz:,3
:blobcat_woozy@misskey.art:,3
ğŸ”½,3
:wakarunaa@misskey.io:,3
ğŸƒ,3
:tasikani2@misskey.io:,3
:itiban_ii_kyoku@misskey.io:,3
:tyou@.:,3
:blobfoxnombook@.:,3
ğŸ”©,3
:hiltu@misskey.yukineko.me:,3
ğŸµ,3
:kyosho@.:,3
:oho_@misskey.art:,3
:hasyagi_sugi__iiiiii@misskey.io:,3
:kakkoii@misskey.io:,3
:blobcataww@ck.c30.life:,3
:a@misskey.yukineko.me:,3
:resonyance@soukun.xyz:,3
:oyasumi@misskey.yukineko.me:,3
:blobfoxworried@.:,3
:ablobcatbongopat@sushi.ski:,3
:blobfoxcofeterrified@.:,3
:gozira_walk@misskey.art:,3
ğŸ¥œ,3
:gufufu@misskey.art:,3
:hai@misskey.io:,3
:_xizq04p0_@premis.one:,3
:moshakobadge_rainbow@.:,3
:kurage_kajirare@misskey.art:,3
:gasei@.:,3
ğŸ˜‘,3
:blobcatowohappy@misskey.noellabo.jp:,3
:soutai@.:,3
:okaeribomber@misskey.yukineko.me:,3
:jicapu@.:,3
:kasi_ni_kyoukan_sita@misskey.io:,3
:bochibochi_ikoune@misskey.io:,3
:ablobcathyper@misskey.art:,3
ğŸšƒ,3
ğŸ•“,3
:kamo@misskey.yukineko.me:,3
:bikkurihatena@misskey.yukineko.me:,3
:ara@maniakey.com:,3
:blobfoxteamlem@.:,3
:blobcatsurprised@minazukey.uk:,3
:oishisou@misskey.art:,3
:ara_@misskey.art:,3
:zokuzoku@.:,3
ğŸ¥ˆ,3
:mataorenanika_yacchai_mashita@.:,3
ğŸ›·,3
:ohayoo@ck.c30.life:,3
:teijitaisha@.:,3
ğŸ³,3
ğŸ¯,3
:blobfoxnomdonutpolice@.:,3
:osizukani_yokonaga@misskey.art:,3
ğŸ§Ÿâ€â™‚ï¸,3
:waa_tententen@misskey.io:,3
:sadblob@misskey.io:,3
:blobfoxmelt@.:,3
ğŸ‘£,3
:hao@soukun.xyz:,3
:kawaikochan@misskey.io:,3
ğŸ¤™,3
:otacat02@misskey.art:,3
:blobhyperbounce@misskey.io:,3
:tanomeruka@misskey.io:,3
ğŸ˜¢,3
ğŸ®,3
:danjo@.:,3
:arupuppu@misskey.io:,3
:4b8f_kawaiii@misskey.gamelore.fun:,3
ğŸ›,3
:kawaii@misskey.noellabo.jp:,3
:otacat_thinking@misskey.art:,3
:hieltu@misskey.art:,3
:utsukushii@misskey.io:,3
:blobfoxboopmelthappy@.:,3
:blobsob@trpger.us:,3
:positive@.:,3
:ne@soukun.xyz:,3
:blobfoxnommobile@.:,3
ğŸ’,3
:kyuukei@.:,3
:blobfox3c@.:,3
:waai@misskey.io:,3
ğŸ”š,3
:fumbare@.:,3
:tabetai@misskey.yukineko.me:,3
:_0pe7ocgw_@premis.one:,3
:kuutsuka@.:,3
:nenai_ko_ore_da@misskey.io:,3
:nero@misskey.io:,3
ğŸ§â€â™‚ï¸,3
:sama@.:,3
:ablobgoodnightreverse@misskey.io:,3
:iino@.:,3
:tanoshii@misskey.io:,3
:aki@.:,3
â¤ï¸â€ğŸ”¥,3
:okaeri_nasai@maniakey.com:,3
ğŸ°,3
:koresuki@soukun.xyz:,3
ğŸ¦›,3
:wakaru_t@premis.one:,3
:bacouple@.:,3
:5000t_hosii@misskey.io:,3
â˜£,3
ğŸ†˜,3
:yosugi@misskey.io:,3
:kakkoii@misskey.art:,3
:meow_party@misskey.art:,3
ğŸ‡ªğŸ‡¬,3
:chakuseki@.:,3
:blobfoxbreadsnoot2googly@.:,3
:blobfoxghostfloof@.:,3
:7248_hie@misskey.gamelore.fun:,3
:ablobcat_resonyance@misskey.gamelore.fun:,3
ğŸ”¤,3
:spaceblobcat@maniakey.com:,3
:aruaru@misskey.yukineko.me:,3
ğŸ¥¯,3
:tarikihonganji@.:,3
:undertale_asriel_cry@misskey.gamelore.fun:,3
ğŸ•™,3
:love@misskey.io:,3
ğŸ«–,3
â˜ ,3
ğŸ¦«,3
ğŸ˜‚,3
ğŸŠâ€â™€ï¸,3
:pokaeri@misskey.io:,3
:kusa_2@premis.one:,3
ğŸ‡«ğŸ‡®,3
:sorena__iii@misskey.io:,3
:haya_ikuseisou@.:,3
:blobthumbsup@misskey.io:,3
ğŸª‘,3
:oremo@trpger.us:,3
:nazenanoka@premis.one:,3
:oyasumi_nasai@maniakey.com:,3
ğŸ’®,3
:iizo@maniakey.com:,3
:youkoso@misskey.io:,3
:pudding_bed2@misskey.art:,3
:blobfoxheart@.:,3
:8463_yattare@misskey.gamelore.fun:,3
:majimenahanashi@.:,3
:deha@.:,3
:meow_heart_bongo@misskey.yukineko.me:,3
ğŸ‡¯ğŸ‡²,3
:showa@.:,3
:blobfoxupsidedown@.:,3
:bunhdsad@.:,3
:4444_love_iine@misskey.gamelore.fun:,3
ğŸ§›â€â™€ï¸,3
ğŸ³,3
:abunhdhop@.:,3
:kusa@misskey.7ka.org:,3
:honi@misskey.io:,3
ğŸ’“,3
ğŸ€,3
ğŸ¥ƒ,3
:honane@.:,3
:taketori_kishou@misskey.io:,3
:sonnamonoarunda@misskey.io:,3
:kawaisugiru@maniakey.com:,3
ğŸ”°,3
:cat_on_laptop@misskey.io:,3
:kb_thank2@kmy.blue:,2
ğŸ¦»,2
:onemoretime@.:,2
ğŸ‘®â€â™€ï¸,2
:ikite@misskey.io:,2
:koushiki@.:,2
:mendako_brown@.:,2
:kattare@misskey.io:,2
:oishiso_blob1@misskey.design:,2
:kakkoii@maniakey.com:,2
:syousetu@.:,2
:oisisou@misskey.io:,2
ğŸ˜,2
:tsuyoi@misskey.yukineko.me:,2
:murakamisan_tutinoko_otacry@misskey.io:,2
:ultrafastparrot@maniakey.com:,2
:igyo@sushi.ski:,2
:odaijini@misskey.yukineko.me:,2
:nattare@misskey.io:,2
:blobfoxupsidedowndizzy@.:,2
:blobfoxyandere@.:,2
:ablobbonebongoprogress@calckey.jp:,2
:kawaii@misskey.niri.la:,2
ğŸŒ¾,2
:oisisou@fedibird.com:,2
:suko@misskey.art:,2
:blobcat_mudamudamuda@misskey.io:,2
:blobfoxthonking@.:,2
:yasumitai@.:,2
ğŸ¨,2
:chou_hoshii@misskey.art:,2
:amarinimo_kawaii@misskey.yukineko.me:,2
:ablobcatattention@misskey.04.si:,2
:ablobcatfloofpat@misskey.takehi.to:,2
:moshakopakupaku_Donut@.:,2
:ultra_igyo@fedibird.com:,2
:blobcatcryingcute@maniakey.com:,2
:tensai@misskey.noellabo.jp:,2
:blobfoxboophappy@.:,2
:Shiropuyo_wobble@misskey.art:,2
:ablobmaracas@misskey.io:,2
:blobfox_w_@.:,2
:osyare@misskey.io:,2
:kawaii@misskey.design:,2
:bface_hannya@.:,2
:kowai@misskey.art:,2
:toutoi@misskey.io:,2
:blobcallcry@misskey.yukineko.me:,2
ğŸŒƒ,2
:nya_nod@misskey.design:,2
:fufu@misskey.design:,2
:Shiropuyo_igyo@misskey.art:,2
:yay@soukun.xyz:,2
ğŸŒ„,2
:igyofes@sushi.ski:,2
:usapoyo_dance_gaming@misskey.art:,2
:hokkaidou@misskey.art:,2
:soudasouda@misskey.yukineko.me:,2
:atoha_yoroshiku@.:,2
:syuuyou_ihan@misskey.art:,2
:keiyaku@.:,2
ğŸ‡«ğŸ‡·,2
:blobcat_frustration@soukun.xyz:,2
:sinwa@misskey.io:,2
:meow_sushi@misskey.io:,2
ğŸ¥¢,2
:josou_danshi@.:,2
ğŸ€,2
:blobfoxgooglytrash@.:,2
:blaze@misskey.art:,2
:gok@misskey.art:,2
:poyopoyo@misskey.art:,2
ğŸ‘˜,2
:bunhdcomfysleep@calc.bal.ovh:,2
ğŸœ,2
:suimin_ha_igyo@misskey.io:,2
:t_oishii@misskey.io:,2
ğŸ”‘,2
:pacochi_wakaru_cat@fedibird.com:,2
ğŸ§¾,2
:dame@misskey.noellabo.jp:,2
:blob_hello@misskey.io:,2
:poayoo@misskey.io:,2
:bakusui@.:,2
:desuyo@.:,2
:ecchijan@misskey.art:,2
:wakaru@maniakey.com:,2
:meow_cry2@misskey.yukineko.me:,2
:wakarimi@maniakey.com:,2
ğŸ¤“,2
:diggy_a@misskey.io:,2
:zeninreida@.:,2
:blobfoxsignthx@.:,2
:chef_j@.:,2
:ablobcatfloofpat@mi.mashiro.site:,2
:blobcatowohappy@mi.mashiro.site:,2
:soudane@misskey.io:,2
:warota@misskey.art:,2
:noeskeychan_oyasumi@misskey.noellabo.jp:,2
ğŸ’…,2
:ai_panic_misskeyio@misskey.io:,2
:sukini_yonde@.:,2
:ociizo@fedibird.com:,2
ğŸ§‘â€âš•ï¸,2
ğŸ’,2
:dekkee@misskey.yukineko.me:,2
:bikei@.:,2
ğŸ´,2
:hoe_fuwa@.:,2
:iiyo@misskey.io:,2
:blobfoxmischievous@.:,2
ğŸ¦†,2
ğŸŒ¼,2
:un@soukun.xyz:,2
:yattaze@soukun.xyz:,2
ğŸ¥´,2
:Shiropuyo_hatena@misskey.art:,2
:ablobcatrave@misskey.art:,2
:blobfoxghostspooky@.:,2
:saikou@premis.one:,2
:biribiri@.:,2
:blobfoxsurprised@.:,2
ğŸ’„,2
ğŸŒª,2
:dareda_imano@misskey.art:,2
â±,2
:blobfoxwink@.:,2
:blobfoxdisputed@.:,2
:blobcatcoffeespitting@maniakey.com:,2
:moshakoniyari@.:,2
:moshikashite@.:,2
:seyakedo@.:,2
:thinking_panic@misskey.io:,2
:blobfox0_0@.:,2
ğŸ¦¿,2
ğŸ¤š,2
:yabaidesuwa@misskey.io:,2
:iineiine@misskey.yukineko.me:,2
:884b_yokatta@misskey.gamelore.fun:,2
:blobfoxnomstrawberry@.:,2
:un_tingin_hasseityuu@misskey.io:,2
ğŸµ,2
:6488_tsuyoi@misskey.gamelore.fun:,2
:blobcat_ok_sign@misskey.io:,2
:meow_sushihamachi@misskey.io:,2
:ouen_sitemasu@misskey.io:,2
:uwa_xtu@misskey.yukineko.me:,2
:gozasourou@misskey.io:,2
ğŸ”ˆ,2
:murisezu@misskey.yukineko.me:,2
:ablobdj@misskey.art:,2
ğŸ“š,2
:is_all_scam@misskey.io:,2
ğŸ””,2
:Shiropuyo_igyo@misskey.04.si:,2
ğŸ‡¨ğŸ‡´,2
ğŸ¦Š,2
:siteki@misskey.io:,2
:kashinikyoukanshita@misskey.art:,2
:muzukashiihanashi@misskey.art:,2
:blaze@misskey.io:,2
:gomen_nasu@misskey.art:,2
ğŸ‘š,2
ğŸ…,2
:kawaiinodesu@mk.shumihub.net:,2
ğŸ…,2
:owaowari@misskey.io:,2
:assthink@soukun.xyz:,2
:iizo@misskey.yukineko.me:,2
:sokoni_nakereba_naidesune@misskey.io:,2
:igyo@yurisskey.yubarira.net:,2
:ablobcatnod@fedibird.com:,2
:nekochan@misskey.io:,2
:ablobcatheadbangfastultra@misskey.gamelore.fun:,2
:suki@misskey.yukineko.me:,2
:gozira_baa@misskey.art:,2
:arigatofes@misskey.art:,2
:moshakokazari_ohana_kirakira@.:,2
:blobtoofast@ck.c30.life:,2
:yakinikunotare@misskey.art:,2
:muzukashiihanashi@misskey.io:,2
:arama@misskey.design:,2
:blobfoxwashingmachine@.:,2
:meow_cry@premis.one:,2
ğŸ«“,2
ğŸ‡¨ğŸ‡¬,2
:itsuka@.:,2
â¬…,2
:saikou@misskey.noellabo.jp:,2
:moshakoutouto2@.:,2
:blobsweats@ck.c30.life:,2
:oyasu@misskey.io:,2
:kokoro_ga_zyouka_sareta@misskey.io:,2
:metchawakaru@maniakey.com:,2
:ureshii@misskey.io:,2
:igyo@ck.c30.life:,2
:arigatofes@misskey.io:,2
:kusakusa_no_kusa@misskey.io:,2
:otousama@.:,2
:saikyou@misskey.art:,2
8âƒ£,2
:haidoku@.:,2
:blobfoxfloofowo@.:,2
:erait@fedibird.com:,2
:mustache_strangecat_floofpat@.:,2
:otokonoko@.:,2
:muwaxtu@misskey.io:,2
:soudasouda@soukun.xyz:,2
:mendako_brownptpt@.:,2
:motto@misskey.io:,2
:iizo2@soukun.xyz:,2
:wakarimiga_fukasugiru@soukun.xyz:,2
:kawaiine@trpger.us:,2
ğŸ„,2
:guhuhu@misskey.io:,2
:igyo@mi.mashiro.site:,2
:omae_wo_miteiru@misskey.io:,2
:Shiropuyo_yes@misskey.art:,2
:moshakouruuru@.:,2
:yattane2@misskey.io:,2
:igyou@misskey.io:,2
ğŸ‘…,2
:manzoku@.:,2
ğŸ,2
:soukashira@misskey.io:,2
:okiwotasikani@misskey.io:,2
:blobtoofast@mi.mashiro.site:,2
:kininaru@misskey.yukineko.me:,2
ğŸ¦•,2
:tennen@.:,2
:kitaku@.:,2
:abunhd@.:,2
:kanini_shichaoune@misskey.art:,2
:blobfoxnauseated@.:,2
:blobfoxyoshieatpixel@.:,2
:taisetu@misskey.io:,2
:erajan@misskey.io:,2
ğŸŒ²,2
:nante@misskey.yukineko.me:,2
:ablobblewobble@misskey.io:,2
ğŸŒ‹,2
:tasukarufes@misskey.io:,2
ğŸ”‹,2
:yattah@misskey.noellabo.jp:,2
:omedeto@maniakey.com:,2
:shirokuma_okaeri@sushi.ski:,2
:majikayo@misskey.io:,2
ğŸ™†,2
:otukaresama@misskey.io:,2
ğŸ¥«,2
:Shiropuyo_kirakiraeye@misskey.art:,2
ğŸ˜­,2
ğŸ¥²,2
:oyasumi@trpger.us:,2
:sakaban@misskey.art:,2
:ega_umai@misskey.io:,2
:ara@soukun.xyz:,2
:kikunee@misskey.io:,2
:ota@misskey.yukineko.me:,2
:takusan_kue@side.misskey.productions:,2
:sonomama_fuuton_de_neteore@misskey.io:,2
:cool_doggo@misskey.io:,2
:8f5f_watakushidatte_suki_desuwa@misskey.gamelore.fun:,2
:blobfoxsignforbidden@.:,2
:teetee@misskey.io:,2
:sorehasou@misskey.art:,2
:dosukebe@misskey.io:,2
:otsukaresama_desu@maniakey.com:,2
ğŸ‡§ğŸ‡·,2
:blobhai@mi.mashiro.site:,2
:kaitare@misskey.io:,2
:shiropuyo_hatena@misskey.gamelore.fun:,2
:genki@misskey.io:,2
:kowai@misskey.io:,2
ğŸ‘†,2
:taiki@.:,2
:blobfoxwinkmlem@.:,2
:makotoniossharutooridesuwa@misskey.io:,2
:blobfoxmsnuggleleftcat@.:,2
ğŸ†™,2
ğŸ–¥,2
:suteki2@fedibird.com:,2
:kusa@misskey.niri.la:,2
:gojiai@maniakey.com:,2
:moshakopero_coffee@.:,2
:kainayo@.:,2
:blobfoxcheck@.:,2
:blobfoxsleep@.:,2
:genkainafusan@.:,2
:moshakocoffee@.:,2
:ganbaru_ka_tyou_ganbaru_ka_no_2taku_de_kangaete_kudasai@misskey.io:,2
:shiropuyo_galaxy@misskey.gamelore.fun:,2
:ablobcatreachflip@calc.bal.ovh:,2
:meowdisappointed@misskey.io:,2
:blobfoxcomfymelthappy@.:,2
:igyo@trpger.us:,2
:runner@misskey.art:,2
:Shiropuyo_hohoemi@misskey.art:,2
:ablobbongolove@maniakey.com:,2
ğŸ’—,2
:hunikideyatteru@misskey.io:,2
:nijimass_zaurusu_floofpat@.:,2
:blobcatdrool@fedibird.com:,2
:nande@misskey.io:,2
ğŸš¨,2
:nyuuyoku_ha_igyou@misskey.io:,2
:daitai_atteru@misskey.io:,2
:suteki@misskey.art:,2
:owata@.:,2
ğŸ¥®,2
:wakaru@misskey.niri.la:,2
ğŸ‡°ğŸ‡·,2
:tamamono@.:,2
ğŸ–,2
ğŸ”,2
:kowaihanashi@misskey.design:,2
ğŸ•,2
:onaziku@misskey.io:,2
ğŸ¶,2
:zenbu@fedibird.com:,2
ğŸ“º,2
:taiko_hantei_ryou@misskey.io:,2
:kiatu_no_sei@misskey.io:,2
:rekishininokoru_daiigyo@misskey.design:,2
:super_igyo@maniakey.com:,2
:blobfoxlurkglare@.:,2
:wa_igyo@my-sky.blue:,2
:murakamisan_sacabambaspis@misskey.io:,2
:meow_aww@misskey.yukineko.me:,2
:dinner_j@.:,2
:blobfoxnommelon@.:,2
:saikou2@misskey.yukineko.me:,2
:dai@.:,2
ğŸ‘•,2
ğŸŸ§,2
:parrot_ohayo_static@fedibird.com:,2
:blobcat_aww@misskey.gamelore.fun:,2
:odaijini@maniakey.com:,2
â£,2
:strangecat_mustache@.:,2
:pawaa@misskey.design:,2
:tasukarufes@maniakey.com:,2
:doecchi@misskey.io:,2
:itera@misskey.io:,2
:tenkuma_muzumuzu@.:,2
ğŸ§â€â™‚ï¸,2
:matsuri@misskey.delmulin.com:,2
:blobfoxfloof@.:,2
:itterassyai@misskey.io:,2
ğŸ˜€,2
:eeyan@misskey.io:,2
ğŸ–¤,2
ğŸš˜,2
:hatopoppo@misskey.art:,2
:doughnut_pudding@misskey.io:,2
:meepuppu@misskey.io:,2
:docchimo@misskey.io:,2
:blobfoxnomfoxterrified@.:,2
:seidai_ni_yarou_ze__i@misskey.io:,2
:5f6e_tanoshisou@misskey.gamelore.fun:,2
:blobfoxcheck@misskey.io:,2
:blobfoxmeltreach@.:,2
:blobooohai@misskey.yukineko.me:,2
:ikeya@misskey.io:,2
:kowaiwa@misskey.yukineko.me:,2
:oyoo@soukun.xyz:,2
:blobcatthinking@misskey.io:,2
:lets_go__iiiiiiiii@misskey.io:,2
â,2
:blobcattea@misskey.io:,2
:yoito_omoimasu@misskey.io:,2
:sitteokou@misskey.io:,2
:koyanpuppu@misskey.io:,2
:parrot@misskey.io:,2
:cuteblob_hug@misskey.yukineko.me:,2
:risou@.:,2
:blobcatowohappy@maniakey.com:,2
:toukashite@.:,2
:538c_koresuki@misskey.gamelore.fun:,2
ğŸ,2
:blobcatmattari@misskey.04.si:,2
:oisiine@misskey.io:,2
ğŸ’‡,2
:megane@premis.one:,2
:oremo@maniakey.com:,2
ğŸ§›â€â™‚ï¸,2
ğŸ’œ,2
ğŸ‘¯â€â™‚ï¸,2
:meow_waitwhat@misskey.io:,2
:blobfoxoutage@misskey.io:,2
:t_oishii@maniakey.com:,2
:meow_smile@premis.one:,2
:gojiai@misskey.design:,2
:cyber_hacking@misskey.io:,2
:tottemo_gold@.:,2
:blobfoxbonk@.:,2
:joushi@.:,2
:nakattakamo@.:,2
:_power@misskey.art:,2
:blobfoxastronout@.:,2
:tripletsparrot@misskey.io:,2
:subarasii@misskey.art:,2
:blobnemudaru_notlike@soukun.xyz:,2
:honmatsu_tentou@.:,2
:blobfoxpatsad@.:,2
:syougun@misskey.io:,2
:blobfoxprelurkdonut@.:,2
:blobfoxdetermined@.:,2
:blobcalll@misskey.yukineko.me:,2
:poyopoyo@misskey.io:,2
:oki_wo_tukete@misskey.io:,2
ğŸ‘±â€â™€ï¸,2
ğŸ€,2
:game_pokemon_pamo@misskey.gamelore.fun:,2
:jikahatsuden@.:,2
:bacon_nosete_mita@45sukey.net:,2
ğŸ«¡,2
:kami_esi@misskey.io:,2
:happy_blob@soukun.xyz:,2
:meow_aww@premis.one:,2
â«,2
ğŸ¤,2
:otaku@misskey.io:,2
:538f_kowaihanashi@misskey.gamelore.fun:,2
âš¾,2
ğŸŸ£,2
:imouto@.:,2
:wakaru@premis.one:,2
:konokashiojosamanokotoda@misskey.design:,2
:blobcat_ohayou@misskey.gamelore.fun:,2
:ikite@soukun.xyz:,2
:onemorechance@.:,2
ğŸ»â€â„ï¸,2
:moist_bechocho@misskey.io:,2
:e_hi_noesskey@misskey.noellabo.jp:,2
:bugcatcry@soukun.xyz:,2
:bugcatcold@soukun.xyz:,2
:gyaooon@premis.one:,2
:totemo_kawaii@misskey.io:,2
:omedetou@misskey.design:,2
:sangatsu_tsuitachi_de_gozaimasu@misskey.io:,2
:blobfoxfloofcofe@.:,2
:attaka_i@misskey.io:,2
:unchi_gebo_saurus@misskey.io:,2
:bungou@misskey.io:,2
:ikioiusachan@premis.one:,2
:eeyan_2@misskey.io:,2
â•,2
:yosano_akiko_is_always_watching_you@misskey.io:,1
:send_money@misskey.io:,1
:blobthumbsup@misskey.yukineko.me:,1
:zetubou_sita__i@misskey.io:,1
:blobcat_ohayo@premis.one:,1
:blobhyperthink@.:,1
:hai@trpger.us:,1
:gyafun2@maniakey.com:,1
:ittare@maniakey.com:,1
:gogo@maniakey.com:,1
:muzukasiihanasi@misskey.yukineko.me:,1
:arigatougozaimasu@misskey.art:,1
:sushi_ikura@misskey.noellabo.jp:,1
:kakkoii@misskey.yukineko.me:,1
:genkaikawaii@misskey.art:,1
:tyottowakaru@misskey.art:,1
:Shiropuyo_hayai_Resonance@misskey.04.si:,1
:omedetto@side.misskey.productions:,1
:blobcattea@misskey.design:,1
:meow_bongo_cat@misskey.io:,1
:daijoubu@misskey.io:,1
:hanko_sumi@misskey.io:,1
:kakko_yosugi@misskey.io:,1
:kuruu@misskey.io:,1
:souiutoshigoro@misskey.io:,1
:bakuhatu@misskey.io:,1
:shinchoku@.:,1
:fuwafuwa@misskey.io:,1
ğŸ—³,1
:ultra_bakasake_nomi@misskey.io:,1
:ippaitabenasai@misskey.yukineko.me:,1
:blobcathuggies@maniakey.com:,1
:blobfoxinnocent@.:,1
:wbc_sekaiiti@misskey.io:,1
:kiss__ooo@misskey.io:,1
:gyu2@misskey.io:,1
ğŸ”ƒ,1
:internet_roujinkai@misskey.art:,1
:arigato@misskey.io:,1
ğŸŒ°,1
:pettex_blahaj@misskey.io:,1
:vjtakagi@misskey.io:,1
:bunhd_happyhop@misskey.io:,1
:hiace1989@misskey.io:,1
:blobcattea@tiri.ninja:,1
:sorehasou@misskey.yukineko.me:,1
:hontou_ni_tabete_simattanoka@misskey.io:,1
ğŸ‘¨â€ğŸ¦³,1
:nyanpuppu@misskey.yukineko.me:,1
:blobcat_comfy@mi.mashiro.site:,1
ğŸ†”,1
:eyes_fidgeting@maniakey.com:,1
:aeguna@misskey.noellabo.jp:,1
:blobcatwave@mi.seritude.com:,1
:ablobcatwave@maniakey.com:,1
:musume@.:,1
:kue@misskey.art:,1
:ablobcatheart@misskey.04.si:,1
:blobfoxlurk2@.:,1
:ablobcatheartsqueeze@misskey.04.si:,1
:kanashiihanasi@misskey.design:,1
:kikan_rainbow@.:,1
:poop_vomiting_saurus_huggies@misskey.io:,1
:bface_sunglasseslaughing@.:,1
:blobcattea@misskey.yukineko.me:,1
:yattare@misskey.yukineko.me:,1
:petthex_aShiropuyo@misskey.04.si:,1
ğŸˆ³,1
ğŸ‘ƒ,1
:minnnayare@misskey.design:,1
:petthex_japanesecake@misskey.art:,1
:blobcatfrowningbig@mk.absturztau.be:,1
:momi@misskey.art:,1
:sore@misskey.yukineko.me:,1
ğŸ«¥,1
:koi@misskey.io:,1
:arama@misskey.io:,1
:kao_ga_yosugi@misskey.io:,1
:kawaisugiru@misskey.io:,1
:subarashii@misskey.design:,1
:blobcatgamer@mk.absturztau.be:,1
ğŸ‡µğŸ‡±,1
:meowSurprised@misskey.art:,1
:iie@misskey.io:,1
:blobcatmeltlove@misskey.art:,1
:kanasimi@misskey.art:,1
:poyasuni@misskey.io:,1
:atode_miru@misskey.io:,1
:iizo@fedibird.com:,1
ğŸ‚,1
ğŸ¦¡,1
:yasashisa@misskey.yukineko.me:,1
ğŸ’¤,1
:wa_ohayou@my-sky.blue:,1
:yunirumaru@misskey.io:,1
:hypergaming_pudding@misskey.art:,1
:osusume@misskey.io:,1
:tenkuma_oko@.:,1
:ohayo_katakana@mi.mashiro.site:,1
:kamo@soukun.xyz:,1
:kiaide_nantoka_shita@misskey.io:,1
:soukamo@misskey.art:,1
:waruionna@.:,1
:erai@misskey.yukineko.me:,1
:yeah__i@misskey.io:,1
ğŸˆ,1
:naikamo@misskey.io:,1
:sukida@misskey.design:,1
:sanbai_aisukuriiiim@misskey.io:,1
:blobfox@.:,1
:wakaran@misskey.art:,1
:sonnakotonai@misskey.io:,1
:oishii_pasta_tukutta_omae@misskey.io:,1
:soukamo2@misskey.io:,1
:tsumeta_i@misskey.io:,1
:ablobbonelightstick@calckey.jp:,1
:zariko_pray@misskey.gamelore.fun:,1
:usapoyo_walk@misskey.art:,1
:taisen_arigatou_gozaimasita@misskey.io:,1
:majikayo@premis.one:,1
:yattare@soukun.xyz:,1
ğŸ©,1
:aussieparrot@misskey.io:,1
:ablobcat_wobroll@misskey.gamelore.fun:,1
:sugee@misskey.io:,1
:blobcatpolicepeek@soukun.xyz:,1
:sore_of_sore@misskey.yukineko.me:,1
:kawaiii@misskey.design:,1
:6a64_natsukashii@misskey.gamelore.fun:,1
:hikari@misskey.design:,1
ğŸ¦„,1
ãŠ™,1
ğŸ¦ ,1
:yukkuri_marisa@misskey.io:,1
:yukkurisiteittene@misskey.io:,1
:blobcat_awauu@misskey.gamelore.fun:,1
:oyasumi@misskey.design:,1
:angry_ai@.:,1
ğŸ«’,1
:blobcatsweatflips@soukun.xyz:,1
:kitai@misskey.io:,1
ğŸ•’,1
:noeskeychan_kawaii@misskey.noellabo.jp:,1
:comfyuwu@soukun.xyz:,1
:blobcatjustright@misskey.noellabo.jp:,1
:masuwa@.:,1
:cuteblob_loveletter@misskey.yukineko.me:,1
:gekiatu@misskey.io:,1
:doitashimashite@.:,1
ğŸ”Œ,1
:kowaihanashi@mk.yopo.work:,1
:meow_sushiikura@misskey.io:,1
:bunpats@misskey.io:,1
:iizomottoda@maniakey.com:,1
:blobnod@misskey.design:,1
:bonus@.:,1
:heading_parrot@maniakey.com:,1
:dealwithitparrot@maniakey.com:,1
:yokutteyo@misskey.io:,1
:eenyade@maniakey.com:,1
:sugoihanashi@maniakey.com:,1
:igyo@misskey.design:,1
:blobhappybounce2@misskey.design:,1
:mousugutasukaruzo@misskey.io:,1
:erojan@misskey.io:,1
:zenra_taiki@misskey.io:,1
:iya_na_toki_ha_naxa__i__nigeta_tte_iinda_yo__i@misskey.io:,1
:nazo@misskey.art:,1
:nandekani@misskey.art:,1
ğŸ¤©,1
:miraini_ikiteru@misskey.io:,1
:shirankedo@.:,1
:eyes_fidgeting@misskey.art:,1
ğŸš™,1
:meow_heart_bongo@trpger.us:,1
:4244_love@misskey.gamelore.fun:,1
:iizomottoyare@trpger.us:,1
:odaijini@misskey.design:,1
:eroit@soukun.xyz:,1
:saikou@soukun.xyz:,1
:suki_heart@soukun.xyz:,1
:kansyo@.:,1
ğŸª¡,1
ğŸš¥,1
:kara@.:,1
:gyozanoohsho@misskey.art:,1
:blobfoxteacute@.:,1
:misskeynomisugi@misskey.art:,1
:huhuxtu@misskey.art:,1
:seyaroka@misskey.io:,1
:pokapoka@misskey.yukineko.me:,1
:4444_iina@misskey.gamelore.fun:,1
:oyasumisskey@soukun.xyz:,1
:noeskeychan_tiken_chicken@misskey.noellabo.jp:,1
:yosugiru@misskey.yukineko.me:,1
:oyuugi@.:,1
:kakoii@misskey.design:,1
ğŸ‘º,1
:oyasumi@tiri.ninja:,1
:ohayo@sushi.ski:,1
:matushigegoro@misskey.art:,1
:chargemanken@misskey.art:,1
:daiigyou@misskey.art:,1
:pistachian@.:,1
:wakaruwakaruwakaru@misskey.art:,1
:gozira@misskey.art:,1
:hoshii@misskey.art:,1
:shigoowa@.:,1
ğŸ¹,1
:blobcathungry@mi.mashiro.site:,1
:ifilter_mitete_hosii@misskey.io:,1
:doyaa@.:,1
:nullcatchan_erai@misskey.io:,1
:Shiropuyo_yukkuri_resonance@misskey.art:,1
:ablobcatbouncefast@misskey.art:,1
ğŸª¬,1
:champa@maniakey.com:,1
:blobfoxsnugowo@.:,1
:524d_gekiatsu2@misskey.gamelore.fun:,1
ğŸ¤’,1
:muron@.:,1
:gomenne@misskey.art:,1
:blob_hai@misskey.gamelore.fun:,1
:ohuton_kakete_agemasyoune@soukun.xyz:,1
:sitehosii@misskey.io:,1
:kirakira@misskey.io:,1
:tasukete@misskey.art:,1
:tere@misskey.io:,1
:furotera@misskey.io:,1
:satumaimo@misskey.io:,1
:blobcatheartbongo@fedibird.com:,1
:dareyo_sono_onna@misskey.io:,1
:honi@soukun.xyz:,1
:saikyou@soukun.xyz:,1
:ablobbonetada@calc.04.si:,1
:kakunin@trpger.us:,1
:ore@misskey.art:,1
:thums_up_parrot@fedibird.com:,1
:blobcatbirthday@fedibird.com:,1
:mega_@misskey.art:,1
:kakumei@misskey.design:,1
:blobfoxboop_w_@.:,1
:ablobcatheadbangfastultra@misskey.noellabo.jp:,1
â˜,1
:dokidoki@misskey.io:,1
:yuri_jan@misskey.io:,1
:mochiron@misskey.io:,1
:ayashii_nihongo@misskey.io:,1
:chasmo@misskey.io:,1
:echigoseika@misskey.art:,1
:blobfoxcomfyowo@.:,1
:uwa_xtu@mk.shumihub.net:,1
:sore_of_sore@mi.mashiro.site:,1
:tashikani@mojiskey.tarbin.net:,1
:murakamisan_tutinoko_nigiri@misskey.io:,1
:makotonokansha@misskey.io:,1
:letterpack_de@misskey.io:,1
:meowpuffyheadphones@misskey.io:,1
:babumi@misskey.io:,1
:_mi@misskey.io:,1
:6185_chu_heart@misskey.gamelore.fun:,1
:4844_eichi@misskey.gamelore.fun:,1
:_question_mark@misskey.io:,1
:tiltu@misskey.io:,1
:ablobcatfloofpat@kagamisskey.com:,1
ğŸ,1
:ohapuppu_@fedibird.com:,1
:clearing_cache_is_your_friend@sudo.mkdir.uk:,1
:jumyouganobita@misskey.design:,1
:468f_uwaaaa@misskey.gamelore.fun:,1
:sekiro_danger@nya.one:,1
:a@maniakey.com:,1
:6151_tiken_chiken@misskey.gamelore.fun:,1
:genkou@.:,1
:yasai_seikatsu@misskey.io:,1
:eyes_fidgeting@misskey.io:,1
:igyo@tiri.ninja:,1
:pistachio@.:,1
:meow_sushiikura@soukun.xyz:,1
:wakaru_wa@misskey.io:,1
:entiri@tiri.ninja:,1
:Shiropuyo_ganbare@misskey.art:,1
:thinkhappy@maniakey.com:,1
:ahhh@misskey.yukineko.me:,1
ğŸ”´,1
:4b6a_zariko_sad@misskey.gamelore.fun:,1
:misuhai@misskey.io:,1
:kaltu@misskey.io:,1
:batsugun@.:,1
:foxjump@misskey.io:,1
:blobfoxbongo@.:,1
:blobcathearts@soukun.xyz:,1
:blobglassesdown@misskey.io:,1
:okaeshi_mousu@misskey.io:,1
:omedetobomber@misskey.yukineko.me:,1
:inoti_daizini@misskey.io:,1
:ablobbonenodfast@calc.04.si:,1
:deltu@misskey.io:,1
:ai@.:,1
ğŸ†,1
ğŸ‘¨â€ğŸ‘©â€ğŸ‘¦â€ğŸ‘¦,1
:kinki@misskey.art:,1
:5d6e_sonokanouseiwaaru@misskey.gamelore.fun:,1
:mitegoran@misskey.io:,1
:6187_chou_dodeka_big_love@misskey.gamelore.fun:,1
:blobcat_heartbongo@misskey.gamelore.fun:,1
:utsukushii@uhouho.life:,1
:blobcataww@uhouho.life:,1
:Shiropuyo_naruhodo@misskey.04.si:,1
:tapioka@.:,1
ğŸ–Œ,1
:hyper_igyo@fedibird.com:,1
:blobcat_frustration@mi.mashiro.site:,1
:ohayo_hiragana@mi.mashiro.site:,1
ğŸ¦–,1
:wakarimi@fedibird.com:,1
âœ¡,1
:muscle_chance@side.misskey.productions:,1
:ai_nomming@misskey.io:,1
:iizo@soukun.xyz:,1
:party_gaming@misskey.art:,1
:tapioca_natadecoco_ramen@misskey.io:,1
:bugcattapioka@soukun.xyz:,1
:nyanparrot@misskey.art:,1
:muteki@misskey.io:,1
:tuyoi@maniakey.com:,1
:three_black_circles_with_white_outlines_are_too_simple_and_therefore_ineligible_for_copyright_protection__publicdomain@misskey.io:,1
:suki@sushi.ski:,1
:blobfoxmlem@.:,1
ğŸ––,1
:ablobcatheart@fedibird.com:,1
:mosa@misskey.io:,1
:sugoi2@soukun.xyz:,1
:sirikara_genyu@misskey.io:,1
:bubuntekini_sou@misskey.io:,1
:onaka_pekosugi_no_kei@misskey.io:,1
:blobcatnomcookie2@maniakey.com:,1
:oh_shi_mono@soukun.xyz:,1
ğŸ˜,1
:_mo@misskey.art:,1
:shuki_heart@misskey.io:,1
:cool__i@misskey.io:,1
:meowcomfycamera@soukun.xyz:,1
:blobcatheartbongo@soukun.xyz:,1
:muchi_situ@misskey.io:,1
:674b_dekai@misskey.gamelore.fun:,1
:mahoushounen@.:,1
:shosetsuaru@misskey.io:,1
:neko_kitui_scp_040_jp_j_snoj_Ikr_4185_cc_by_sa_3_0@misskey.io:,1
ğŸ,1
:superarigatou@misskey.design:,1
:musuko@.:,1
:kawaiine@fedibird.com:,1
:neko_dakedo_wakatta@soukun.xyz:,1
:blob_think_smart@misskey.yukineko.me:,1
ğŸ’Š,1
ğŸ”’,1
:Shiropuyo_apple@ck.c30.life:,1
:jigoku@side.misskey.productions:,1
:shinkan_arimasu@.:,1
:3725_zariko_cheers@misskey.gamelore.fun:,1
:gokiritsu_please@.:,1
:5d8c_sorehasou@misskey.gamelore.fun:,1
:radio_taisou_siyou@misskey.io:,1
:7b93_honshitsu@misskey.gamelore.fun:,1
:6a8b_naruhodo2@misskey.gamelore.fun:,1
:tennsai@misskey.yukineko.me:,1
ğŸ—‘,1
:kiatu_no_sei@uhouho.life:,1
ğŸ‡¯ğŸ‡µ,1
:byoin@misskey.art:,1
:omoshiroihanashi@misskey.yukineko.me:,1
:petthex_gozira@misskey.art:,1
:gozira_chara@misskey.art:,1
:donmai@misskey.io:,1
:goku_goku@misskey.io:,1
:blobcatdroolreach@tiri.ninja:,1
:ijin@misskey.design:,1
:matigainai@misskey.io:,1
:sake@misskey.io:,1
:souiuhimoaru@mi.mashiro.site:,1
:desuyone@misskey.io:,1
:okure@misskey.io:,1
ğŸ¦¢,1
â™¦,1
â†ª,1
:ougon_no_kaze@misskey.io:,1
:_ri@misskey.art:,1
:bugcatchompcomputer@soukun.xyz:,1
:5d46_sounano@misskey.gamelore.fun:,1
:igyoigyo@misskey.io:,1
:4a44_oideyo@misskey.gamelore.fun:,1
:iihanashi@misskey.art:,1
ğŸš,1
:ameowbongo@misskey.art:,1
:t_ganbae@fedibird.com:,1
ğŸ˜›,1
ğŸ«¦,1
âŒ¨,1
ğŸ”,1
:nazo2@soukun.xyz:,1
:nannmo_wakarannzu@misskey.io:,1
:akogare_ga_tomannnexeyo@misskey.io:,1
:kowaiwa@misskey.io:,1
:blobfoxcofemlem@.:,1
:chikara_power@misskey.io:,1
:rrsign_kisaragi@misskey.io:,1
:shirokuma_itterasshai@sushi.ski:,1
:blobcatartist@misskey.io:,1
:ablobhype@misskey.io:,1
:ablobtoofast@sushi.ski:,1
:suteki@misskey.yukineko.me:,1
:undou_ha_igyo@misskey.io:,1
:kowaihanashi@premis.one:,1
:loveandcry@misskey.design:,1
:sika_katan@.:,1
:wa_suteki_@my-sky.blue:,1
:usapoyo_run_gaming@misskey.art:,1
:iijan@misskey.design:,1
:777@misskey.io:,1
ğŸ§”,1
:subarac@misskey.io:,1
:blobcat_heart2@novelskey.tarbin.net:,1
:Shiropuyo_Photo@misskey.art:,1
:gyuttsu@misskey.art:,1
:un@misskey.io:,1
:shiropuyo_otukare@misskey.gamelore.fun:,1
:souiutokimoaru@misskey.io:,1
:headstone_rip@misskey.io:,1
:sonokanouseiwaaru@misskey.art:,1
:osuyami@misskey.art:,1
ğŸ§µ,1
ğŸª”,1
ğŸ‘¨â€ğŸ‘©â€ğŸ‘§â€ğŸ‘¦,1
ğŸ‡§ğŸ‡¶,1
:blobfoxcomfyterrified@.:,1
:ga@misskey.yukineko.me:,1
:ne@misskey.yukineko.me:,1
:nicotta@misskey.io:,1
:mosskau@misskey.io:,1
:amehuri_moist_bechocho@misskey.io:,1
ğŸ¤¢,1
:blobbonecoffee@calckey.jp:,1
:nakayoku_siyo@misskey.io:,1
:honmaya@misskey.io:,1
:ee@misskey.io:,1
:tenkuma_mu@.:,1
:e@misskey.yukineko.me:,1
:waki_fb_1@soukun.xyz:,1
:naruhodofes@misskey.io:,1
:bunhduwu@.:,1
:meow_peekneatral@trpger.us:,1
ğŸˆ²,1
:desuyone@fedibird.com:,1
:kasira@.:,1
:zissai_ni_yattemita@misskey.io:,1
:sore@sushi.ski:,1
:blobcat_meow_eye@misskey.gamelore.fun:,1
:blobcatsurprised@favcalc.com:,1
:blobcatsurprised@mi.seritude.com:,1
:meowsurprised@misskey.cf:,1
:meow_surprised@hvac-tf.net:,1
:meowsurprised@fedibird.com:,1
:goanzenni@misskey.io:,1
:resonyance@favcalc.com:,1
:meow_resonyance@misskey.yukineko.me:,1
:resonyance@maniakey.com:,1
ğŸ“®,1
:guhuhu@premis.one:,1
:sonnakotoarunda@misskey.io:,1
âœ³,1
:maku_kaisoku@misskey.io:,1
:nanikore@misskey.yukineko.me:,1
:micanpaihaiizo@calc.04.si:,1
:nanimoshinai@calc.04.si:,1
:melt_adzukibokobokonisitekihontekinakenriwoteisisiteaccountwokonponkarasyoukyositesonzaiwomassyou@misskey.art:,1
:mochimochi@misskey.io:,1
:koresuki@fedibird.com:,1
:majisuka@misskey.io:,1
:meowpensivepray@misskey.io:,1
:ojiichan@misskey.io:,1
:blobcatheartbongo@misskey.art:,1
ğŸ˜©,1
:usodausoda@misskey.io:,1
:oremoonajikimoti@trpger.us:,1
ğŸ’¢,1
:blobfoxwet@.:,1
:fuwafuwa@trpger.us:,1
âš±,1
:sumaho@.:,1
:inbow@misskey.io:,1
:bunhdgoogly@calc.rettuce.page:,1
:nani@misskey.io:,1
ğŸ‘«,1
ğŸ“”,1
:ablobtoiletflush@soukun.xyz:,1
:zenbu@maniakey.com:,1
:zenbu@soukun.xyz:,1
:blobcatgiggle@mi.mashiro.site:,1
ğŸ·,1
:blobfoxannoyed@.:,1
:blobcataww@maniakey.com:,1
:4a4a_ooiooi@misskey.gamelore.fun:,1
:maturi@misskey.io:,1
:sonnaa@misskey.io:,1
:hello_world@misskey.io:,1
:huhuxtu_nhuhuxtu_uhuhuhu_tententen@misskey.io:,1
:Shiropuyo_hayai_Resonance@misskey.art:,1
:blobcat_pizza@misskey.gamelore.fun:,1
:blobfoxfloofdevil@.:,1
âœ,1
:happy@misskey.design:,1
:meow_sweatflip@misskey.yukineko.me:,1
:meowcry@misskey.yukineko.me:,1
:goto_moving@misskey.art:,1
ğŸ‘—,1
:5000t_2@misskey.io:,1
:natsukashii@soukun.xyz:,1
:kusa@fedibird.com:,1
:dot_sanae@misskey.io:,1
:bacon_nosete_mita@misskey.io:,1
:mazuiwayo@misskey.io:,1
:wakaru@sushi.ski:,1
:ameownodfast@tiri.ninja:,1
:megane_kaketeagemashone@misskey.art:,1
:ai_tired_misskeyio@misskey.io:,1
:Shiropuyo_ohayou@mi-wo.site:,1
:blobcataww@mi-wo.site:,1
:Shiropuyo_oyasumi@mi-wo.site:,1
:inochinokiken@misskey.04.si:,1
:blobtoofast@misskey.art:,1
ğŸ‘,1
:kafun@.:,1
:net_literacy@misskey.io:,1
:yotimu_suki@misskey.io:,1
:ittare@side.misskey.productions:,1
:ureshii@side.misskey.productions:,1
:ega_umai@tiri.ninja:,1
:soukamo@tiri.ninja:,1
ğŸ™…,1
:sonnakotoarunda@misskey.noellabo.jp:,1
ğŸˆ‚,1
:tsuyoso@misskey.io:,1
:otintin_land_kaien@misskey.noellabo.jp:,1
:ahonoko@.:,1
:blobfoxevil@.:,1
:tukatta@misskey.io:,1
ğŸš¼,1
:suko@gyutte.site:,1
:kawaii@mi.mashiro.site:,1
ğŸ‡§ğŸ‡¹,1
ğŸª†,1
:ore_no_bun_ha@misskey.art:,1
:nandato@misskey.design:,1
:inochidane@misskey.art:,1
:do_sukebe@misskey.art:,1
:gojiai@mi.mashiro.site:,1
ğŸ‡©ğŸ‡ª,1
ğŸ˜‹,1
ğŸ‘¼,1
:blobcatthonking@fedibird.com:,1
:oltu@misskey.io:,1
:kyoumo_ii_penki@misskey.io:,1
:issue@misskey.io:,1
:sugoi@misskey.yukineko.me:,1
:sounano@misskey.yukineko.me:,1
:tiken@misskey.yukineko.me:,1
:yamete@misskey.art:,1
:siawase@misskey.io:,1
:kirasiteta@misskey.io:,1
:nyanpuppu@misskey.art:,1
:gyaopuppu@fedibird.com:,1
:ablobcatsweatsip@misskey.gamelore.fun:,1
:shinjiro@misskey.art:,1
:dot_youmu@misskey.io:,1
ğŸšš,1
:medetee@misskey.io:,1
:kami@misskey.yukineko.me:,1
:gojiaishite@misskey.art:,1
:blobfoxbreadsnoot2@.:,1
:tasuketefes@misskey.io:,1
ğŸ‘¨â€ğŸŒ¾,1
:zetubou@misskey.io:,1
:aru@misskey.design:,1
:yannya@misskey.design:,1
:makenee@side.misskey.productions:,1
:yokattara_tsukattene@side.misskey.productions:,1
ğŸ¥–,1
:meowblush@misskey.io:,1
:ablobcatwave@calc.rettuce.page:,1
:t_iroiroyabai@misskey.io:,1
:ablobcatblink@misskey.gamelore.fun:,1
:ablobcatblinkhyper@misskey.io:,1
:igyohyperbounce@misskey.art:,1
:blobyes@misskey.yukineko.me:,1
:watakushidattesoudesuwa@misskey.design:,1
:omu2@side.misskey.productions:,1
ğŸ“,1
:petthex_kin@side.misskey.productions:,1
ğŸ§ˆ,1
:bunhdhyperbounce@calc.bal.ovh:,1
:mutya@.:,1
:4f63_kuttare@misskey.gamelore.fun:,1
:mog_musya@misskey.art:,1
:ablobcatreachflip@ck.c30.life:,1
ğŸ¥­,1
:suki_hanko@fedibird.com:,1
ğŸ’•,1
:otacat@misskey.art:,1
:altu@misskey.art:,1
:tasukarumatsuri@misskey.design:,1
:meowmelt@misskey.io:,1
:master_igyo@soukun.xyz:,1
:otoge_hantei_pgreat@misskey.io:,1
:doomo@misskey.io:,1
:bunblanketkawaii@misskey.io:,1
ğŸ¦,1
:eyes_fidgeting@ck.c30.life:,1
:bap@ck.c30.life:,1
:maanantekoto@maniakey.com:,1
:too_many_kanji@misskey.io:,1
:hage@misskey.noellabo.jp:,1
:iihanashi_move@misskey.art:,1
:blob_super_nod@misskey.io:,1
ğŸš­,1
:abunhdcry@misskey.io:,1
:ablobcatangel@misskey.io:,1
:ai_akan@misskey.io:,1
:yattaze2@misskey.io:,1
â›ˆ,1
:genshin_paimon_nomming@misskey.gamelore.fun:,1
:p_otacry@side.misskey.productions:,1
:wakarimi@misskey.noellabo.jp:,1
:ablobcat_mudamuda@misskey.gamelore.fun:,1
:wakattenai@fedibird.com:,1
:angry_shibe@misskey.io:,1
ğŸ˜·,1
:nijihai@soukun.xyz:,1
:gold_zero0@fedibird.com:,1
ğŸ,1
ğŸŒ™,1
ğŸ¤£,1
ğŸª€,1
:meow_attention@trpger.us:,1
:hisshoudaruma@.:,1
:gorikai@.:,1
:duel_kaisixi__ii@misskey.io:,1
:imas_cute@misskey.io:,1
:petthex_meowsurprised@misskey.io:,1
ğŸ‘‘,1
ğŸ¨,1
:igyo@misskey.niri.la:,1
:blobcatyikes@misskey.flat.place:,1
:5f57_pixelzarigani_tashikani@misskey.gamelore.fun:,1
:zikan_wo_tokasu@misskey.io:,1
:oyasuminasai1@misskey.design:,1
:doyukoto_doyukoto@misskey.io:,1
:blobfoxo_o@.:,1
:partymusu_megido@misskey.gamelore.fun:,1
:watakushidattesoudesuwa@misskey.04.si:,1
:souiu_kotomo_aru@soukun.xyz:,1
:shibawhat@misskey.io:,1
:xtu@.:,1
:haiku_wo_yomu_gaii@misskey.io:,1
:5764_shitsuren@misskey.gamelore.fun:,1
:moukon_na_zikan@misskey.io:,1
:i_ya_yadayada@misskey.io:,1
:sensyuken@.:,1
:partyparrot@misskey.art:,1
ğŸ”·,1
:ookini@.:,1
:blobfoxboop@.:,1
:kousei_floofpat@.:,1
:8f4b_wakarimiga_fukasugiru@misskey.gamelore.fun:,1
:6d63_netori_terashi@misskey.gamelore.fun:,1
:ablobcatnodmeltcry@mi-wo.site:,1
ğŸŒ…,1
:otsukaresama@sushi.ski:,1
:meian_ni_gotu@misskey.io:,1
:t_wakarimitaro@misskey.io:,1
:petthex_japanesecake@misskey.io:,1
:blobcat_MUDAMUDAMUDA@maniakey.com:,1
:erait@misskey.yukineko.me:,1
:babubabu@side.misskey.productions:,1
:ablobgrin@soukun.xyz:,1
:ganbare@sushi.ski:,1
:hanamaru@misskey.io:,1
:blobcozynap@maniakey.com:,1
:wakiwaki@misskey.io:,1
:erai_kodomo@misskey.art:,1
ğŸš©,1
:tabe_houdai@misskey.io:,1
ğŸ˜,1
ğŸ§,1
:blob_present@tiri.ninja:,1
:ofuton_kakete_agemasyoune@soukun.xyz:,1
:matasetana@misskey.io:,1
:sorehauso@misskey.io:,1
:moshako@.:,1
ğŸ‘¦,1
ğŸ•˜,1
:resonyance@tokyoto.cyou:,1
:5000t_gpt_5000tyou@misskey.io:,1
ğŸ“»,1
:suteki@trpger.us:,1
ğŸ§¡,1
:utsukushii@misskey.yukineko.me:,1
:suki@trpger.us:,1
:nyanpuppu@fedibird.com:,1
:blobcatdroolreach@maniakey.com:,1
:bacon_nosete_mita@soukun.xyz:,1
:omizu_nonde@soukun.xyz:,1
:bump_of_tiken@misskey.io:,1
:abunhdhappyhop@trpger.us:,1
:nya_@misskey.art:,1
:guwaa_meshi_terro_ja@misskey.io:,1
:blobhai@premis.one:,1
:maybe_hira@trpger.us:,1
:itsumo@.:,1
ğŸ‡·ğŸ‡º,1
:otukarebomber@misskey.yukineko.me:,1
:megusurisashite@soukun.xyz:,1
:aruaru@mk.yopo.work:,1
:blobcatheartbongo@sushi.ski:,1
:yusho@misskey.io:,1
:maiyokoredesuwa@mk.shrimpia.network:,1
:erai@misskey.design:,1
:eeyan@misskey.04.si:,1
:hihou@.:,1
:bunsanta@fedibird.com:,1
:zyuuyou@misskey.io:,1
:zariko_call@misskey.gamelore.fun:,1
:daisuki@misskey.design:,1
:mama@misskey.io:,1
:resonyance@ck.c30.life:,1
ğŸŒ‘,1
:meow_noddies@misskey.yukineko.me:,1
:toutosi@misskey.io:,1
:eti@misskey.io:,1
:blobcatmlem@misskey.io:,1
:ablobsmile@misskey.io:,1
:yurusimasu@misskey.io:,1
:warai_tomannnexeyo@misskey.io:,1
:taihen_ne_@misskey.io:,1
:atsumori@misskey.io:,1
:extu@misskey.io:,1
:yes2@misskey.io:,1
ğŸšˆ,1
:blobfoxboopowo@.:,1
:suteki@misskey.design:,1
:m_slimebeth@fedibird.com:,1
:koresuki@misskey.noellabo.jp:,1
:4444_iito_omou@misskey.gamelore.fun:,1
:polarbear_hayasugi@misskey.io:,1
ğŸ‡¹ğŸ‡­,1
:kakkoii@misskey.noellabo.jp:,1
:honmaka@misskey.io:,1
ğŸ,1
:25b1_ohayougozaimasu_gif@misskey.gamelore.fun:,1
:mayonnaisekaketeagemashoune@misskey.io:,1
:hashtag_igyo@misskey.io:,1
:aisuice@misskey.art:,1
:usopuppu_@misskey.art:,1
:ablobcatfloofpat@fedibird.com:,1
:tanoshinde@trpger.us:,1
:t_ofuton@misskey.io:,1
ğŸ€,1
ğŸŒ®,1
ğŸº,1
:wakarimitaro@fedibird.com:,1
:igyo_gaming@fedibird.com:,1
:302f_pogo_stuck@misskey.gamelore.fun:,1
:shigotogahayai@misskey.design:,1
:konokashiwatashinokotoda@fedibird.com:,1
:poyonpuppu@misskey.io:,1
:niku@side.misskey.productions:,1
:seikai@misskey.art:,1
:erait@misskey.art:,1
:naruhodofes@misskey.art:,1
:t_oishiso@maniakey.com:,1
:blobcatsushi@maniakey.com:,1
:wakaru@fedibird.com:,1
ğŸŒº,1
ğŸ”Š,1
:oishii@misskey.yukineko.me:,1
:ii_nioi_sisou@misskey.io:,1
:saikou@trpger.us:,1
:bunhdhappy@.:,1
ğŸ”„,1
ğŸ”§,1
:usapoyo_dance@misskey.art:,1
:mugen@misskey.io:,1
:nonbiri@misskey.design:,1
ğŸ‘¨,1
:neyoune@misskey.yukineko.me:,1
:oshizukani@soukun.xyz:,1
:oyasumi@maniakey.com:,1
ğŸ’§,1
:tanosimi@misskey.io:,1
:goodmorning@fedibird.com:,1
:blobfoxsnugglare@.:,1
:sugoi@misskey.noellabo.jp:,1
:meowpats@misskey.io:,1
:waccha@misskey.io:,1
:kawaisugidaro@misskey.io:,1
:real_sushi@soukun.xyz:,1
ğŸ“œ,1
:5126_splatoon_sarmonrun@misskey.gamelore.fun:,1
:syake@misskey.io:,1
:at_kobayashi@misskey.io:,1
:gokitai_kudasai@misskey.io:,1
:yarujan@misskey.io:,1
:blobfoxuno@.:,1
:yattaruwa@misskey.io:,1
:blobyosanoakiko_rainbow@misskey.io:,1
:tashikani@side.misskey.productions:,1
:mahjong_ron@misskey.io:,1
:akan@misskey.io:,1
:abunhdhappy@calc.bal.ovh:,1
ğŸŒ,1
:tenkuma_katamari@.:,1
:mojibake@soukun.xyz:,1
:mochocho_db@misskey.io:,1
:parrot_sorena@fedibird.com:,1
:pakupakudesuwa@soukun.xyz:,1
ğŸ¬,1
:sonnaa@misskey.yukineko.me:,1
:ablobcatknitsweats@soukun.xyz:,1
:subetefiction@.:,1
:bunhdcomfyidle@.:,1
:mendako_redfloofpat@.:,1
:kawaiixtu@fedibird.com:,1
:blobcatastonished@fedibird.com:,1
:hokaeri@fedibird.com:,1
:miraijin@misskey.io:,1
:iiron@misskey.io:,1
:blob_hyper_nod@misskey.io:,1
:blobtoofast@fedibird.com:,1
:wakaru1000@tiri.ninja:,1
:ablobgoodnightreverse@fedibird.com:,1
:oyasumisskey@fedibird.com:,1
:sob_blood@misskey.io:,1
:4a8f_owa_desuwa@misskey.gamelore.fun:,1
:5d8c_sore@misskey.gamelore.fun:,1
:chao@side.misskey.productions:,1
:haisensu_mega@misskey.art:,1
:ne@trpger.us:,1
:Shiropuyo_headbang@misskey.04.si:,1
:suteki3@misskey.io:,1
ğŸ¤¸â€â™€ï¸,1
:blobcat_frustration2@misskey.gamelore.fun:,1
ğŸ›©,1
:blobfoxbreadsnootgoogly@.:,1
ğŸ™,1
:shou_@misskey.art:,1
:fire2@maniakey.com:,1
ğŸšœ,1
:sinri@misskey.io:,1
ğŸ‘¸,1
:Shiropuyo_igyo@calc.bal.ovh:,1
:otsucurry@side.misskey.productions:,1
:bunhdhyperbounce@misskey.io:,1
:peropero@misskey.io:,1
:4444_iiyo_love@misskey.gamelore.fun:,1
:watakushidattesoudesuwa@maniakey.com:,1
:blobhappythink@mi.mashiro.site:,1
:blobfoxreinderp@.:,1
:ablobcouple@fedibird.com:,1
:super_sentou@misskey.io:,1
ğŸ¡,1
:blobfoxfloofreach@.:,1
:yoi_@tiri.ninja:,1
:maintenance@.:,1
:428a_arigatofes@misskey.gamelore.fun:,1
:5d46_soukamo3@misskey.gamelore.fun:,1
:ablobcatfloofpat@mi.harumakizaemon.net:,1
:axtu2@misskey.io:,1
:atatamemasuka@side.misskey.productions:,1
ğŸ˜²,1
:yoi@misskey.delmulin.com:,1
:t_youkoso@fedibird.com:,1
:joubutsushite_clemence@misskey.io:,1
ğŸ˜´,1
:blobfoxlurkowonotice@.:,1
:tikutiku_kotoba@misskey.io:,1
:hirou@.:,1
:ohayougozaimasu@maniakey.com:,1
ğŸ˜“,1
ğŸ˜¤,1
:yuuga@misskey.io:,1
:hinna_hinna@misskey.io:,1
:blobcatmelt3@maniakey.com:,1
ğŸš‹,1
:blobcatmelt5@maniakey.com:,1
:blobcatfluffpout@maniakey.com:,1
:kami@trpger.us:,1
ğŸš®,1
:okaerinasai@trpger.us:,1
:6d53_nekochan@misskey.gamelore.fun:,1
ğŸ’”,1
:goltu@misskey.io:,1
:ablobcheer@maniakey.com:,1
:blobcat_frustration@premis.one:,1
:ablobgoodnightreverse@mi.mashiro.site:,1
:tasikanichan@misskey.design:,1
:blobfoxmegumin@.:,1
:4444_zariko_iigame@misskey.gamelore.fun:,1
:mareniyokuaru@misskey.io:,1
ğŸ‡±ğŸ‡»,1
:kawaiimatsuri@misskey.design:,1
:dadakone@.:,1
:shpongle2@misskey.io:,1
:blobcatuwu2@fedibird.com:,1
:12zikanneyou@misskey.art:,1
:bluebird_frozen@misskey.io:,1
ğŸ¤,1
ğŸ©´,1
:blobfoxmeltblush@.:,1
:blobcatblue@fedibird.com:,1
:8f4b_zari_sugoku_wakaru@misskey.gamelore.fun:,1
ğŸ™‰,1
:yattare@maniakey.com:,1
:zenbu@misskey.io:,1
:dareyo_sono_otoko@misskey.io:,1
:aa@soukun.xyz:,1
:vjtakagi_lookup@misskey.io:,1
:subarasii2@misskey.io:,1
:daijoubu@maniakey.com:,1
:blobcatcool@maniakey.com:,1
:blob_hug_blahaj@misskey.io:,1
:goanzenni@soukun.xyz:,1
:ablobdj@maniakey.com:,1
:shirokuma_wakaru@sushi.ski:,1
:iine@fedibird.com:,1
:ultrafastparrot@misskey.04.si:,1
:okaeri@trpger.us:,1
:gouyoku@misskey.io:,1
:kinoko_no_yama@misskey.io:,1
:watakushidattesoudesuwa@misskey.yukineko.me:,1
ğŸ™„,1
:thinking_rotate@misskey.io:,1
:resonyance@premis.one:,1
:blobfoxpeekcomfy@.:,1
:suteki@maniakey.com:,1
:blobfoxnompizzaterrified@.:,1
ğŸŒ¬,1
:hayasugite_mienai@misskey.io:,1
:ittare@misskey.design:,1
:attouteki_kansha@misskey.io:,1
:kinishinaide@misskey.io:,1
:maka_celery@misskey.io:,1
:tensainoshogyou@misskey.design:,1
:petthex_yotimu@misskey.io:,1
:igyo@misskey.sda1.net:,1
:6f4b_hakai@misskey.gamelore.fun:,1
:emppudding@misskey.04.si:,1
:ara_suteki@misskey.noellabo.jp:,1
ğŸ¥‘,1
:toki_to_baai_ni_yoru@misskey.io:,1
:subarasii_kanji@misskey.art:,1
âœ‹,1
:menme_tokeru@misskey.io:,1
:midyomidyo@soukun.xyz:,1
:hoshii_hoshii@misskey.art:,1
:tasikani@misskey.design:,1
:axtsu@fedibird.com:,1
:altu@misskey.yukineko.me:,1
:6a6b_nani@misskey.gamelore.fun:,1
:naruhodo@misskey.usbharu.dev:,1
:geki_kowa_hiehie_maru@misskey.io:,1
:thinkhappy@fedibird.com:,1
:blobfoxnomhotdog@.:,1
ğŸ±,1
:ablobcall@soukun.xyz:,1
:iinex2@favcalc.com:,1
:ablobcatheadbangfastultra@kagamisskey.com:,1
:kaogaii@misskey.art:,1
:youkoso@misskey.art:,1
:thai_kick@misskey.io:,1
:pudding_bedjump@misskey.art:,1
:pudding_human2@misskey.art:,1
:kinjitou@.:,1
:tasikanisou@misskey.art:,1
:ganbare@misskey.art:,1
:suki@misskey.design:,1
:blobcatuwu@misskey.io:,1
:social_is_local_and_follow@misskey.io:,1
ğŸ,1
:aruaru@maniakey.com:,1
:otoge_kaidan@misskey.io:,1
:daichuki@misskey.design:,1
:waito_mo_sou_omoimasu1@misskey.io:,1
:pakupakudesuwa@fedibird.com:,1
:t_hug@fedibird.com:,1
:ablobdjslow@misskey.io:,1
:supecialgoodnight@misskey.design:,1
:blobcatconfounded@misskey.io:,1
:geki_suki_raburabu_maru@misskey.io:,1
:blob_goggling@misskey.io:,1
:blob_disappointment@misskey.io:,1
:era_@misskey.io:,1
:mission_start@.:,1
:yattaa@misskey.yukineko.me:,1
:aruaru@misskey.art:,1
:daisuki_giga@misskey.art:,1
:toutoi@favcalc.com:,1
:desho@.:,1
ğŸš¶,1
:goblin_ozyou@misskey.io:,1
:blobfoxsignbaka@.:,1
:emergency@misskey.io:,1
:utukusii@misskey.io:,1
:attakai@misskey.design:,1
:sunday@soukun.xyz:,1
:sadblob@misskey.niri.la:,1
â˜ƒ,1
:googlepenguin@amayado.cloud:,1
ğŸ¡,1
:meow_ghostreach@misskey.io:,1
:wanpuppu@fedibird.com:,1
:kawaiimatsuri@misskey.delmulin.com:,1
:blobfoxterrified@.:,1
:meow_zippermouth@misskey.io:,1
:today_break@misskey.io:,1
:blobcataww@fedibird.com:,1
:kawaii@favcalc.com:,1
:bunhdthink@favcalc.com:,1
ğŸ¤¤,1
:kinnki@misskey.io:,1
:kin@misskey.io:,1
:hie@fedibird.com:,1
ğŸš«,1
ğŸŒ’,1
:daisukifes@misskey.io:,1
:blobfoxbreadsnoot@.:,1
:tiken@fedibird.com:,1
:4a84_oyasumi@misskey.gamelore.fun:,1
:Shiropuyo_ganbare@misskey.04.si:,1
:bunhdowo@.:,1
:sugosou@misskey.io:,1
:ichiriaru@misskey.io:,1
:maanantekoto@trpger.us:,1
:soudasouda@trpger.us:,1
:sounano@maniakey.com:,1
:yotimu_nomming@misskey.io:,1
:polarbear_crying@misskey.io:,1
:honamata@.:,1
:wa@maniakey.com:,1
:wakaran@misskey.niri.la:,1
:nanboattemoii@misskey.yukineko.me:,1
:bunhdlurkaww@cal.10rino.net:,1
:yume@misskey.io:,1
:na_ka_na_i_de@misskey.io:,1
:kaitare@maniakey.com:,1
:veryx2_sad@misskey.noellabo.jp:,1
:biseinen@misskey.design:,1
ğŸˆµ,1
:zurui@soukun.xyz:,1
:ablobcatheadbangfastultra@nekomiya.net:,1
:i_mode@misskey.io:,1
:supiritasu_irete_agemashoune@misskey.io:,1
:lunch_j@.:,1
:meow_puffy_melt@amayado.cloud:,1
:wakaranai@misskey.io:,1
:blobtoofast@minazukey.uk:,1
:comeon_@misskey.io:,1
:cuteblob_happy@misskey.yukineko.me:,1
:iikotoiu@misskey.io:,1
:petthex_ai@misskey.io:,1
ğŸ¦,1
:bugcatlickextreme@soukun.xyz:,1
:blobcat_fluffpout@misskey.gamelore.fun:,1
:_exclamation_mark@misskey.io:,1
:midyomidyo@misskey.io:,1
:ablobbonedance@calckey.jp:,1
:ablobcat_hai@misskey.gamelore.fun:,1
:abongoblob@trpger.us:,1
:blobcatwobble@maniakey.com:,1
:ab1nzyblob2@calckey.jp:,1
:taiko_hantei_ka@soukun.xyz:,1
:200IQ@soukun.xyz:,1
:hoshii@misskey.yukineko.me:,1
:Shiropuyo_oyasumi@misskey.art:,1
:424a_megamoji_pogo_ao@misskey.gamelore.fun:,1
ğŸ§¸,1
:wakaruwa_sensei@misskey.04.si:,1
:ai_bonk@misskey.io:,1
:seiheki_ziyuu_gata@misskey.io:,1
:ota@maniakey.com:,1
:ablobcat_bongopat@misskey.gamelore.fun:,1
:ablobcatfloofpat@misskey.niri.la:,1
:blobcatthinking@soukun.xyz:,1
:kaeritai@maniakey.com:,1
:igyo@premis.one:,1
:4863_ettt@misskey.gamelore.fun:,1
:ittera@soukun.xyz:,1
â¬,1
:ameowcomfywave@key.kubiwa.moe:,1
:bed_oide@misskey.yukineko.me:,1
:ameownodfast@key.kubiwa.moe:,1
:igyo@kodow.net:,1
:mogubye@misskey.art:,1
ğŸ““,1
:meow_coy@misskey.niri.la:,1
:bi@fedibird.com:,1
ğŸ‡®ğŸ‡±,1
:Shiropuyo_wakaru@misskey.04.si:,1
:ohayo_hiragana@amayado.cloud:,1
:nazo@misskey.io:,1
:petthex_menme@misskey.io:,1
:blobfoxsad@.:,1
:t_ohayo@misskey.cloud:,1
:ohayougozaimasu@misskey.cloud:,1
:wakarimi@mk.f72u.net:,1
:ara_taihen@misskey.io:,1
:blobfoxdealwithit@.:,1
ğŸ£,1
:sanchi_pinchi@trpger.us:,1
â›‘,1
ğŸ¿,1
:kami_kira@misskey.art:,1
:t_oishiso@fedibird.com:,1
:watanuki_4gatu1niti@misskey.io:,1
:fuckin_hot@misskey.io:,1
:_ne@misskey.art:,1
:saiko@fedibird.com:,1
:ara@fedibird.com:,1
:chotto_seiri_suruwane@.:,1
:souwayo_gaming@fedibird.com:,1
:powerrrrrrrrrrrr@misskey.io:,1
:hakurankai_gd@.:,1
:6187_kirasiteta@misskey.gamelore.fun:,1
:meow_ghostreach@misskey.yukineko.me:,1
:sorehadoukana@misskey.yukineko.me:,1
ğŸ«,1
:souda_souda@misskey.delmulin.com:,1
ğŸŒ©,1
:tanoshisou@misskey.io:,1
:hatumei@misskey.io:,1
:otukarefes@misskey.yukineko.me:,1
:super_igyo@amayado.cloud:,1
:konokashi_watashida@premis.one:,1
:wakaru@misskey.flat.place:,1
:atoha_yorosiku@misskey.io:,1
ğŸ¦¸â€â™‚ï¸,1
:5d8c_soremo_matayoshi@misskey.gamelore.fun:,1
:_6600_te@misskey.gamelore.fun:,1
:5f57_tashikani@misskey.gamelore.fun:,1
:mogu@misskey.04.si:,1
:murakamisan_tutinoko_smart4soku@misskey.io:,1
:bugcatcry2@soukun.xyz:,1
:ablobangel@fedibird.com:,1
:kowaiwa@soukun.xyz:,1
:ultrafastparrot@misskey.yukineko.me:,1
:gs_kei@maniakey.com:,1
:thinking_omurice@misskey.gamelore.fun:,1
:blebcat@misskey.art:,1
:ablobcatbongo@fedibird.com:,1
:blobcatcookienom@fedibird.com:,1
:meowsleeping@misskey.io:,1
:natsukashi@maniakey.com:,1
:murishinaide@misskey.yukineko.me:,1
:meowhuggies@misskey.io:,1
:omizu_nonde@misskey.noellabo.jp:,1
:honobono@.:,1
:insatsujo@.:,1
:nanbo_attemo_ii@fedibird.com:,1
:nero_burning_rom@key.kubiwa.moe:,1
ğŸ§¨,1
:erai@amayado.cloud:,1
â›„,1
:yasashii_sekai@misskey.io:,1
:otoku@misskey.io:,1
:meow_surprised@amayado.cloud:,1
:ai_nanzo@misskey.io:,1
:zangyou@.:,1
:matasetana@.:,1
:mu_hi_noesskey@misskey.noellabo.jp:,1
:yoki@misskey.io:,1
:kawaiii@soukun.xyz:,1
:iizo@misskey.04.si:,1
:bugcatflop@soukun.xyz:,1
:iroha_fav@misskey.io:,1
:stat_sake@misskey.io:,1
ğŸŒ¡,1
ğŸ‘½,1
:Shiropuyo_ohayou@misskey.04.si:,1
:parrot_dealwithit@trpger.us:,1
:suibotsu@misskey.io:,1
:tikutiku_kotoba@soukun.xyz:,1
ğŸ¥¥,1
:6d80_nemu@misskey.gamelore.fun:,1
:60fpsparrot@fedibird.com:,1
:blobcatyes@fedibird.com:,1
ğŸ§šâ€â™‚ï¸,1
:sakittyodakedakara@soukun.xyz:,1
:ogoride_yakiniku@misskey.io:,1
ğŸ“¢,1
ğŸ´,1
:doltu@misskey.io:,1
:waai@misskey.art:,1
:blobfoxangry@.:,1
:bugcatshining@soukun.xyz:,1
:blobcatdroolreach@ck.c30.life:,1
:kaibunsyo_kakuzo@.:,1
ğŸ‘µ,1
:ablobsmilehappy@misskey.io:,1
:bugcat100@soukun.xyz:,1
ğŸ‘¥,1
ğŸ§®,1
:meow_noddies@premis.one:,1
:spinthinking@misskey.art:,1
:kubiwa_with_lock_red@key.kubiwa.moe:,1
:ota_poison@misskey.io:,1
:ablob_carp_kangfubat@misskey.io:,1
ğŸ’€,1
:otintin_land_kaihei@misskey.noellabo.jp:,1
ğŸ³ï¸â€ğŸŒˆ,1
:8855_yosasou@misskey.gamelore.fun:,1
:akeome@misskey.io:,1
:hokahoka@misskey.io:,1
:kiwotsukete@misskey.art:,1
ğŸ•—,1
ğŸ¿,1
:mazeruna_kiken@misskey.io:,1
:blobcatchristmasglowsticks@soukun.xyz:,1
ğŸ˜±,1
:446e_inochi_daijini@misskey.gamelore.fun:,1
ğŸ•›,1
:take_ni_narou@misskey.io:,1
ğŸ••,1
ğŸƒ,1
:aruyo2@misskey.io:,1
:sugoihanashi@soukun.xyz:,1
:gubi@trpger.us:,1
:maku_hutuu@misskey.io:,1
:panpuppu@misskey.io:,1
:daiji@misskey.art:,1
:fukai@misskey.io:,1
:blobcatheartbongo@my-sky.blue:,1
:watasi_ki_ni_narimasu__i@misskey.io:,1
:kisai@.:,1
:iizo@misskey.art:,1
:shibaramen@soukun.xyz:,1
:ablobcall@misskey.gamelore.fun:,1
:wakarimi@misskey.usbharu.dev:,1
:ippannno_gokatei@misskey.io:,1
:tiken@sushi.ski:,1
:moshakonademachi@.:,1
:blobfoxsmug@.:,1
ğŸ—,1
:hoshii@misskey.io:,1
:iinele@premis.one:,1
:blobtoofast@premis.one:,1
:desyo@misskey.io:,1
:Shiropuyo_okaeri@calc.bal.ovh:,1
:ablobcatfloofpat@misskey.sda1.net:,1
:blobaww@k.lapy.link:,1
:gekopuppu@misskey.io:,1
:acceleratedclock@soukun.xyz:,1
:yokatta@misskey.art:,1
:ablobgoodnightreverse@misskey.art:,1
:kenkou2@misskey.io:,1
:tashikani@misskey.yukineko.me:,1
ğŸ¦¸â€â™€ï¸,1
:ablobcatsweatflip@kmy.blue:,1
:damedesu@misskey.io:,1
:soukamo@misskey.yukineko.me:,1
:blobopenmouth@misskey.m544.net:,1
:piyopiyosorena@misskey.takehi.to:,1
:tasukaru@misskey.io:,1
:kudasaru@.:,1
:suyarinko@misskey.io:,1
:_interrobang_mark@misskey.io:,1
:arigatougozaimsu@misskey.design:,1
:genshin_tighnari_thumbsup@madost.one:,1
ğŸŒ¿,1
ğŸ¶,1
:blobaww@misskey.m544.net:,1
:7b93_hontounisou@misskey.gamelore.fun:,1
:oshiraseyomou@.:,1
