â¤,1853
ğŸ‰,1333
:ablobcatfloofpat@.:,1099
ğŸ‘,577
:ohayoo@.:,420
ğŸ˜‡,331
ğŸ˜®,283
:sorena@.:,264
ğŸ˜†,256
:kawaii_xtu__i@.:,193
:blob_hyper_nod@.:,191
ğŸ¤”,190
ğŸ’™,188
:kawaii@.:,174
ğŸ˜¥,173
:oyasumi@.:,172
:ultrafastparrot@.:,125
:gannbare@.:,120
:supertada@.:,112
:wakaru@.:,107
:iine@.:,106
ğŸ§‚,103
:sorena_orange@.:,102
:kawaii2@.:,93
ğŸ¥º,92
:chotto_wakaru@.:,87
:e@.:,85
:kusa@.:,79
:oyasumi2@.:,77
:ohayougozaimasu@.:,73
:okaeri@.:,72
:oo@.:,72
ğŸ™Œ,71
:onajiku@.:,70
:sorena_blue@.:,69
:ohayou@mi.7mi.site:,67
:naruhodo@.:,66
:a@.:,65
:geki_suki_raburabu_maru@.:,63
:saiko@.:,60
ğŸ¤—,59
:hai@.:,58
:itterassyai@.:,57
:eltu@.:,55
:ohayo@.:,54
:murisezu@.:,53
:bearhug@.:,52
:blob3c@.:,52
:iie@.:,51
:totemokawaii@.:,51
â­•,50
:suki@.:,49
:sugee@.:,48
ğŸ®,45
:ohayoo@misskey.io:,44
:mettya_wakaru@.:,44
:totemo_kawaii@.:,43
:ablobhyperwubbel@.:,42
ğŸ«¶,41
:ablobmeltsoblove@.:,40
:ablobcatblinkhyper@.:,39
:rekishininokoru_daiigyo@.:,39
:kawaisugidaro@.:,39
:boku@.:,39
:nerupuppu@.:,38
:ablobcathyper@.:,38
:soudane@.:,36
:iizo@.:,34
:watakushidattesoudesuwa@.:,34
:hyper_igyo@.:,33
:watashi@.:,32
:nananana@.:,30
:sorehasou@.:,30
:nazo@.:,29
:ablobcall@.:,29
:okaerinasaimase@.:,28
:eenyade@.:,26
:erai@.:,26
:itterassyai2@.:,26
:blobcatthumbsups@.:,26
:arigatou_gozaimasu@.:,25
:kowaihanashi@.:,25
:sonkei@.:,25
:ablobcaramelldansen@.:,25
:koresuki@.:,25
:blob_super_nod@.:,25
:ablobpainpats@.:,25
ğŸ˜,25
:_znelfeqx_@.:,24
:taero@.:,24
ğŸ¤£,24
:ablobcatheart@.:,24
:yattare@.:,23
:ikite@.:,23
:gomenne@.:,23
:daisogen@.:,23
ğŸ£,22
:_pi@.:,21
:blobsleepless@.:,21
:honkowa@.:,20
ğŸš,20
â­,20
:sugoi@.:,19
:oyasumisskey@.:,19
ğŸ˜,19
â¤ï¸,19
ğŸ˜Š,19
:ryoukaidesu@.:,19
:uresikute_sinda@.:,19
:kiwamete_igyo@.:,18
:daichuki@.:,18
:suki_heart@.:,18
:kakkoii@.:,18
:tennsai@.:,18
:blobcatheartbongo@.:,18
:arigatofes@.:,17
:_ne@.:,17
:nasu@.:,17
:meowcoffeespitting@.:,17
:nadenade@.:,17
:meow_uwucry@.:,17
ğŸ¤,16
:odaijini@.:,16
:yosano_akiko_face@.:,16
ğŸ¥š,16
:daisuki@.:,16
:kami@.:,15
:attou_teki_sonzai_kan@.:,15
:yosano_akiko_is_always_watching_you@.:,15
:blobcatawwpat@.:,15
:hoshii@.:,15
:warai@.:,15
:0170@.:,14
:otukarefes@.:,14
ğŸ’¢,13
:blobcatdunno@.:,13
:kamo@.:,13
:_question_mark@.:,13
:yasashii@.:,13
:gomennasai@.:,12
:meowyey@.:,12
:saikou_sugiru@.:,12
:meowSurprised@.:,12
:blobeyes@.:,12
:yosano_akiko@.:,12
:majisuka@.:,12
ğŸ¥´,12
ğŸ˜,12
:toutoi@.:,12
ğŸ‘‹,12
:ablobcateyesflip@.:,11
ğŸ§Š,11
ğŸ¬,11
:sonna_banana@.:,11
:blobchain@.:,11
:huhuxtu_nhuhuxtu_uhuhuhu_tententen@.:,11
:moutasukaranaizo@.:,11
âœ¨,11
:wakarimi@.:,11
:ha@.:,11
:wakaranakumonai@.:,10
:mochiron@.:,10
:kandou@.:,10
:ablobblewobbleslow@.:,10
ğŸ¥³,10
:eyes_fidgeting@.:,10
:5000t_hosii@.:,10
ğŸ–•,10
:meowmelt@.:,10
:ureshii@.:,10
:blobtoofast@.:,9
:ablobcatattentionreverse@.:,9
:oishii@.:,9
:teikyo_heisei_university@.:,9
:blobhyperbounce@.:,9
:omaemokaa@.:,9
:ablobblinkhyper@.:,9
:ageblobcat@.:,9
:taishitamonodesune@.:,9
:yattaze2@.:,9
:iei@.:,9
ğŸ’•,9
:blobcatdead@.:,9
:ameowbongo@.:,9
:erojan@.:,8
:saikou@.:,8
:do_you_know_teikyoheiseiunivercity@.:,8
:e_hiragana@.:,8
:meow0_0@.:,8
:ablobcatangel@.:,8
ğŸ¤­,8
:doyakao@.:,8
:chasmo@.:,8
:youkoso@.:,8
:meowpensivepray@.:,8
:t_ohayo@.:,8
ğŸ¥Ÿ,8
:meigen@.:,7
:arigatougozaimasu@.:,7
:hie@.:,7
:mayonnaisekaketeagemashoune@.:,7
:arigato@.:,7
:_xz3s9ogh_@.:,7
:yattaze@.:,7
:nxjohaaz@.:,7
ğŸ¤Ÿ,7
:_gin5ytu6_@.:,7
:animeahhhhh@.:,7
:uwa_xtu@.:,7
:agooglehearts@umisskey.com:,7
:ohayo@misskey.io:,7
:usodaro@.:,7
:ablobaww@nekomiya.net:,7
:supertada@nekomiya.net:,7
:hiltu@.:,7
:doecchi@.:,7
:kanashimi@.:,7
ğŸ‘€,7
:meow_hungry_anim@.:,6
ğŸ©,6
:majikayo@.:,6
:kanzennisou@.:,6
:bikkuribikkuri_@simkey.net:,6
:gogo@.:,6
:meowdisappointed@.:,6
:oyasumisskey@misskey.io:,6
ğŸ¥—,6
:donmai@.:,6
:tuyoi@.:,6
:misuhai@.:,6
:meowbaka@.:,6
:_be@.:,6
:akeome1@.:,6
ğŸœ,6
:waai@.:,6
:shuki_heart@.:,6
ğŸ˜¶,6
:eti@.:,6
ğŸ¥²,6
:pleadingcry@.:,6
:igyo_gaming@.:,6
ğŸ†,5
:hou@.:,5
:daijyoubuda_mondainai@.:,5
ğŸ­,5
:edamame@.:,5
:mazika@.:,5
:geki_nemu_utouto_maru@misskey.io:,5
:ablobdizzy@nekomiya.net:,5
:kawaisugidaro@misskey.io:,5
:drake_like@.:,5
:kusa_2@.:,5
:amiya_crazy@.:,5
:shindoi@.:,5
:kanzennirikaisita@.:,5
:ultu@.:,5
:_su@.:,5
:lolicon2@.:,4
:geki_oko_punpun_maru@.:,4
ğŸ˜‰,4
ğŸ‘‰,4
:kakujikkensuruzo@.:,4
:ganbatta@.:,4
:nhked2@.:,4
:daizyoubu_kakujikkennsuru@.:,4
:kawaiii@sushi.ski:,4
ğŸ˜‹,4
:Souda_souda@.:,4
:hyakuriaru@.:,4
ğŸ¤,4
:ohayougozaimasu@misskey.cloud:,4
:kakkokawaii@.:,4
:igyo@.:,4
ğŸ§ˆ,4
:sore@.:,4
â‰,4
:blob_hyper_nod@nekomiya.net:,4
:desuwa@.:,4
:nachoneko_hyper@.:,4
ğŸ«,4
:meow_wink@.:,4
:akane@.:,4
:blobtorch@.:,4
:petthex@misskey.io:,4
ğŸ™‡â€â™‚ï¸,4
ğŸ‹,4
:youkoso_uso@.:,4
:hahaltu@.:,4
:geki_kowa_hiehie_maru@.:,4
:oltu@.:,4
ğŸ˜Œ,4
:ablobhyperwubbel@maniakey.com:,4
:blobcatlove@calc.menac.at:,3
ğŸŒ°,3
:meow_bite_ones_lip@.:,3
:maltu@.:,3
:oishii_pasta_tukutta_omae@.:,3
:oyasumi@sushi.ski:,3
:meowcry@.:,3
:yabee@.:,3
:omedetou@labo.wovs.tk:,3
:meowflower@.:,3
:ganbare@sushi.ski:,3
:ikiterudakede_daiigyo@.:,3
:blob_dance@.:,3
:blobcatsleep@wake.0am.jp:,3
:ablobaww@mattyaski.co:,3
:meow_unamused2@.:,3
ğŸ˜¯,3
:ohayo@misskey.life:,3
:moushiwakenai@.:,3
:pizzaparrot@.:,3
:oishii@misskey.yukineko.me:,3
:oishii@ojousama-tea.party:,3
:blob_hello@misskey.io:,3
:meowawauu@.:,3
:tanoshimi@.:,3
:siren@.:,3
:bunhdhyperbounce@.:,3
:claps@.:,3
:zako@.:,3
:reiwa_new@.:,3
:eyeroll@.:,3
:_ha@.:,3
:kawaii@submarin.online:,3
:waiwai@.:,3
:kawaii@p1.a9z.dev:,3
:not@.:,3
:ablobspin@.:,3
:_rmonn9ay_@nekomiya.net:,3
:agummyblobblewobble@.:,3
:ablob_headshakefaster@nekomiya.net:,3
:google_hart@labo.wovs.tk:,3
:mog@mk.shrimpia.network:,3
:mog@labo.wovs.tk:,3
:decomojimakasero@.:,3
:minahoshi_arigato@umisskey.com:,3
:sounano@.:,3
:altu@.:,3
ğŸ­,3
ğŸ˜§,3
ğŸ°,3
:haisouteishinooshirase@msk.hoshisaki-h.com:,2
:igyo@misskey.io:,2
:gyultu@.:,2
ğŸ˜­,2
ğŸ˜¢,2
:hasubetesagidesu@.:,2
:_gmbpvljh_@.:,2
:blob_nope@nekomiya.net:,2
:wakaru@sushi.ski:,2
:kusa@sushi.ski:,2
:blobcatscared@nekomiya.net:,2
:oltu@sushi.ski:,2
:parrot@msk.hoshisaki-h.com:,2
:miyano_trippin@.:,2
:isshoni_kakujikken_shiyo@.:,2
:mumu@.:,2
:ultimate_igyo@misskey.io:,2
:kawaii2@misskey.io:,2
:minna_kokoniiru@.:,2
:boku_to_keiyaku_siyou_yo@.:,2
:flanhyperwubbel@.:,2
ğŸ±,2
:daltu@.:,2
:thinking_garbled@.:,2
:Shiropuyo_doon@calc.bal.ovh:,2
:shibakuzo@wake.0am.jp:,2
:baka@wake.0am.jp:,2
:blobcatcode@.:,2
:ryokai@sushi.ski:,2
:kusa_rom@labo.wovs.tk:,2
ğŸ‘Œ,2
:tiltu@.:,2
:blob_hyper_nod@labo.wovs.tk:,2
:blobcat_floofpat@labo.wovs.tk:,2
ğŸŒ,2
:sadness@.:,2
:blobcatcomfcool@nekomiya.net:,2
:Shiropuyo_hayai_Resonance@mof.rorea.moe:,2
ğŸ§€,2
:waltu@.:,2
:sonnakotoarunda@sushi.ski:,2
:ore@sushi.ski:,2
:senko_disgust@.:,2
:nnltu@.:,2
:weewoo@.:,2
:shinanai_teidode@.:,2
:oxtu@.:,2
:panda_ofuton@wake.0am.jp:,2
:hyper_unarist_time@wake.0am.jp:,2
ğŸ˜…,2
:oyasumi@misskey.life:,2
:expack_500_is_economical@.:,2
:teikyo_heisei_university@misskey.io:,2
:multu@.:,2
:5000t_8@.:,2
:5000t_7@.:,2
:claps@nekomiya.net:,2
ğŸŒ,2
:ablobcry@nekomiya.net:,2
:ablobcatcry@nekomiya.net:,2
:polarbearwarping@.:,2
:Shiropuyo_Photo@mof.rorea.moe:,2
:meow_waitwhat@.:,2
:ablobcatfloofpat@mattyaski.co:,2
:_zi@.:,2
:ablobcall@nekomiya.net:,2
:blobcatyes@misskey.life:,2
:0190@.:,2
:seikai@.:,2
:kakutei@.:,2
:yoo__i@.:,2
:kawaiii@misskey.io:,2
:soukamo@.:,2
:iie@umisskey.com:,2
:sore@sushi.ski:,2
:senko_stop@.:,2
:heltu@.:,2
:supertada@umisskey.com:,2
ğŸ”,2
:kakugi_kettei@.:,2
:gomenne@misskey.sda1.net:,2
ğŸ¦‘,2
:sorena@sushi.ski:,2
:supertada@sushi.ski:,2
:ifilter_mitete_hosii@misskey.io:,2
ğŸ™,2
ğŸ˜³,2
:agooglehearts@uma.milkey.homes:,2
:yattenna@.:,2
:_wa@.:,2
:otukaresama@.:,2
:kusakusa_no_kusa@.:,2
:ablobcatattentionreverse@umisskey.com:,2
:_hoofl0dk_@nekomiya.net:,2
:ha_hiragana@nekomiya.net:,2
:furry_dance_darkgreen@.:,2
ğŸ†—,2
:neko_scp_040_jp_Ikr_4185_cc_by_sa_3_0@misskey.io:,2
:meowfiesta@.:,2
:kirakira@.:,2
:abloblurk@.:,2
:5000t_5000tyouen@.:,2
:panpuppu@.:,2
â˜º,2
:gurapat@.:,2
:ittera@.:,2
:meowsurprised@.:,2
:erai_@labo.wovs.tk:,2
:okaeri@misskey.io:,2
:tensai_@labo.wovs.tk:,2
:ultra_igyo2@.:,2
ğŸŒ­,2
:usodesu@.:,1
:haaku@.:,1
ğŸ˜,1
:god@labo.wovs.tk:,1
:tabunsou@.:,1
:send_money@.:,1
:nadenade_neko@msk.hoshisaki-h.com:,1
:moumuri@.:,1
:blobcatPhotobomb@.:,1
ğŸ’,1
:ablobcatfloofpat@misskey.io:,1
ğŸ™ˆ,1
:_ki@.:,1
ğŸ,1
:kawaiii@milkey.homes:,1
:meowhuggies@.:,1
:otsudesu@.:,1
:gomamayo@1042.info:,1
:comfyyes@misskey.io:,1
:tukatta@misskey.io:,1
:hidari@.:,1
:osu@.:,1
:blob_bye@labo.wovs.tk:,1
ğŸ³,1
:ablobwobroll@sushi.ski:,1
:blobpudding_smirk@.:,1
:petthex_nullcat@mk.yopo.work:,1
:supertada@wake.0am.jp:,1
:syokei@wake.0am.jp:,1
:_oiakswld_@nekomiya.net:,1
:kawaiixtu@nekomiya.net:,1
ğŸŠ,1
:oyasumi@labo.wovs.tk:,1
ğŸ¥°,1
ğŸ˜”,1
:shiropuyo_okaeri@mof.rorea.moe:,1
:igyo@mi.7mi.site:,1
:oyasumi2@misskey.io:,1
:omedetou@.:,1
:fumifumi@.:,1
:riltu@.:,1
:roltu@.:,1
:ameowthinkingsmirk@.:,1
:ohayougozaimasu@sushi.ski:,1
:nekochan@.:,1
:meow_attention@.:,1
:ohayo@misskey.yukineko.me:,1
âœ,1
:parrot_wave3@.:,1
:igyo@nekomiya.net:,1
:kawaiii@misskey.life:,1
:petthex_blobcatmeltcry@misskey.io:,1
:suki@sushi.ski:,1
:shirokuma_kami@misskey.life:,1
:otsu@.:,1
:ablobgoodnightreverse@nekomiya.net:,1
:monsterenergy@.:,1
:_vfq2lagu_@.:,1
:blob_yoshiyoshi@misskey.art:,1
:blobcatdisappointed@mof.rorea.moe:,1
:_kawaii@misskey.art:,1
ğŸ¥‘,1
:hito_sorezore@misskey.io:,1
:ablobcatbongopat@sushi.ski:,1
:meowblush@.:,1
ğŸ™„,1
:bunlove@sushi.ski:,1
:ageblobcat@misskey.art:,1
:_3mh2695k_@.:,1
ğŸ˜˜,1
:maguro@.:,1
:flutter_kirby@.:,1
:omedetou@sushi.ski:,1
:kono_kasi_watasi_no_kotoda@.:,1
:02peek@.:,1
:suyarinko@.:,1
:drake_dislike@.:,1
:ashitaga@.:,1
:zehi@.:,1
:Shiropuyo_bye@nekomiya.net:,1
:ore@umisskey.com:,1
:igyou@labo.wovs.tk:,1
:kamo@umisskey.com:,1
ğŸ˜¬,1
:iie@mattyaski.co:,1
:blobcatthinking@umisskey.com:,1
:iizo@submarin.online:,1
:meow_waitwhat@umisskey.com:,1
:tensaikou@.:,1
:gomenne@labo.wovs.tk:,1
:ablobhyperwubbel@mattyaski.co:,1
:itera@misskey.io:,1
:catroll@.:,1
:sukiya_frisbee@.:,1
:majisuka@sushi.ski:,1
:shirokuma_okaeri@sushi.ski:,1
:omedetou@misskey.io:,1
:blob_cat__rainbow@labo.wovs.tk:,1
:ittare@.:,1
:yosugi@misskey.io:,1
:kawaii_2@labo.wovs.tk:,1
:bun@sushi.ski:,1
:kawaiixtu@sushi.ski:,1
:honshitsu_jouhou@.:,1
:_n@.:,1
:8f8b_warui_otona@.:,1
:bonodori@.:,1
:atarimae@sushi.ski:,1
ğŸ¤«,1
:agooglehearts@.:,1
:ablobcatfloofpat@baldr-geek.net:,1
:ablobcatfloofpat@umisskey.com:,1
:wakaru@umisskey.com:,1
ğŸ‘ˆ,1
:erait@sushi.ski:,1
:emo@.:,1
:eltu@misskey.sda1.net:,1
:eltu@misskey.7ka.org:,1
:iizo@uma.milkey.homes:,1
:okaeri@misskey.life:,1
:polarbear_crying@.:,1
:chotto_chigau@.:,1
:tadachinieikyouhanai@.:,1
ğŸ’©,1
ğŸ’£,1
:facepalmz@.:,1
:meow_hungry_anim@misskey.io:,1
:5000t_hosii@misskey.io:,1
ğŸ¦,1
:soremo_igyo_dane@.:,1
:kansha@.:,1
:jigoku@.:,1
:blobexpressionless@.:,1
:hayai@.:,1
:5000t_gpt_5000tyou@.:,1
:5000t_kakuteisinkoku@.:,1
:_nu@.:,1
:hayaku_kaibunsyo_wo_kaku_sagyou_ni_modorunda@.:,1
:kakujikkenn_shippaishita@.:,1
:wooyeah@.:,1
:shirokuma_utyuu@misskey.life:,1
:okaeri____@labo.wovs.tk:,1
â™¥,1
:erait@labo.wovs.tk:,1
ğŸ«°,1
:kusa@nekomiya.net:,1
:boku@misskey.io:,1
:watakusi@sushi.ski:,1
:omae@sushi.ski:,1
ğŸ‘´,1
:syuki@.:,1
:haltu@nekomiya.net:,1
ğŸ¤®,1
:5000t_3@.:,1
:subarashii_koyu@nekomiya.net:,1
ğŸ˜¨,1
:ablobcatheadbangfastultra@nekomiya.net:,1
:kayowai@.:,1
:ameownodfast@.:,1
:misuhai_no_kagami@.:,1
:real_sushi_maguro@.:,1
:super_igyo@.:,1
:pleading_pointing@miruku.cafe:,1
:_e@.:,1
:dosukebe@.:,1
:ablobderpy@.:,1
:arigunyatogonyainyasu@.:,1
ğŸ,1
:blobtoofast@misskey.io:,1
:Shiropuyo_ittera@.:,1
:hai@uma.milkey.homes:,1
ğŸ˜‚,1
ğŸ« ,1
:misetehoshii@sushi.ski:,1
