:ablobcat_resonyance@.:,12787
:neko_nadenade_nya@.:,8562
:ohayougozaimasu@.:,8340
:kusa@.:,8005
:igyo@.:,7332
:neko_wao_nya@.:,5709
:sore@.:,5537
:blobcat_frustration@.:,5399
:ablobcat_cryingcute@.:,4096
:wakaru@.:,4011
:neko_clap_nya@.:,3984
:blobcat_rainbow@.:,3970
:ablobcat_bongopat@.:,3227
:neko_neru_nya@.:,2494
:ablobcat_blinkhyper@.:,2480
:neko_unun_nya@.:,2409
:ablobcat_headbangfastultra@.:,2215
:neko_mechanaki_nya@.:,2118
:ablobcat_nodmeltcry@.:,2076
:tiken_chiken@.:,1963
:watakushidattesoudesuwa@.:,1948
:neko_ouen_nya@.:,1920
:thinkhappy@.:,1887
:a@.:,1805
:ablob_call@.:,1727
:ablob_hungry@.:,1725
:neko_dancing_nya@.:,1695
:naruhodo@.:,1677
:iizo@.:,1672
:aruaru@.:,1665
:sugoi@.:,1637
:tashikani@.:,1577
:sorehasou@.:,1487
:soukamo@.:,1425
:neko_umasou_nya@.:,1326
:iihanashi@.:,1310
:wakarimi@.:,1290
:mog@.:,1272
:oyasumi@.:,1219
:neko_ase_nya@.:,1215
:kowaihanashi@.:,1202
:thinknyan@.:,1152
:neko_ocha_nya@.:,1136
:soudasouda@.:,1089
â¤,1064
:ne@.:,1020
:neko_tuntun_nya@.:,999
:neko_memo_nya@.:,979
:ablobcat_wobroll@.:,975
:neko_purupuru_nya@.:,975
:yattare@.:,971
:neko_unun2_nya@.:,952
:kawaiii@.:,944
:sounanda@.:,936
:erai@.:,931
:gojiai@.:,925
:explosion@.:,892
:blobcatpnd_pukupuku@.:,882
:blobcat_awauu@.:,783
:ota_cry@.:,783
:neko_kitai_nya@.:,770
:blobcat_aww@.:,760
:tsuyoi@.:,733
:gopher@.:,724
:oh@.:,708
:neko_uchu_neko_nya@.:,702
:watashiga_tabeta@.:,700
:eyes_fidgeting@.:,673
:neko_medetai_nya@.:,667
:hai@.:,653
:ablob_blewobble@.:,636
:sonokanouseiwaaru@.:,605
:hello_world@.:,601
:kawaiine@.:,592
:neko_hai_nya@.:,575
:neko_nyaan_nya@.:,572
:hosii_silver@.:,567
:blob_hyper_nod@.:,546
:whiteblob_sleeping@.:,545
:neko_isogu_nya@.:,531
:blob_super_nod@.:,489
:sorehahontounisou@.:,478
:kyouno_hakai@.:,476
:ablobcat_floofpat@.:,458
:blob_hai@.:,457
:sorena@.:,456
:neko_komata_nya@.:,455
:iiyo@.:,455
:blobcat_sweatflips@.:,449
:eyes_blink@.:,436
:neko_banzai_nya@.:,432
:neko_ra_nya@.:,432
:ore@.:,426
:kamo@.:,410
:dekai@.:,410
:pakupakudesuwa@.:,400
:neko_mu_nya@.:,400
:aramaa@.:,382
ğŸ‰,379
:otukaresama@.:,372
ğŸ˜®,370
:blobhusky_megumi2@.:,363
:blobcat_blue@.:,361
ğŸ‘,358
ğŸ—,353
:ningenha_oroka@.:,352
:sonnakotonai@.:,345
:soreijouwa_ikenai@.:,340
:neko_jito_nya@.:,339
:genbaneko@.:,337
:blobcat_policepeek@.:,337
:neko_naruhodo_nya@.:,336
:blobcat_comfy@.:,333
:blobfox_sign_yes@.:,330
:neko_juutai_nya@.:,327
:neko_good_nya@.:,326
:neko_hate_nya@.:,317
:ablobcat_nod@.:,313
:souiutokimoaru@.:,313
:wakarimiga_fukasugiru@.:,302
:blobhusky_banzai@.:,297
:ai_nomming@.:,293
:neko_naki_nya@.:,290
:muzukashiihanashi@.:,289
ğŸ¤”,288
:aaaa@.:,286
:neko_jii_nya2@.:,283
:sonnakotoarunda@.:,281
:watasimo@.:,278
:hidoi_hanashi@.:,276
:gekiatu@.:,275
:blobcat_point@.:,274
:horoboshimashou@.:,273
:ablobcatpnd_money_kyomisinsin@.:,272
:uni_@.:,269
:teiki@.:,267
:blob_hyperbounce@.:,265
:aru@.:,257
:neko_ha_nya@.:,256
:ablobcat_attention_reverse@.:,254
:kuttare@.:,250
:whiteblob_pat2@.:,250
:rip_tomestone@.:,250
:ablobcat_reachflip@.:,249
:blob_thumbsup@.:,248
:partygopher@.:,247
:neko_fire_nya@.:,245
:koresuki@.:,242
ğŸ§,235
:love_iine@.:,233
:shouganaihanashi@.:,232
:ablobcat_bongo@.:,229
:neko_buttobu_nya@.:,229
:blobdog@.:,229
:kininaru@.:,227
:otoku@.:,224
:bunhd_aww@.:,223
:neko_hyun_nya@.:,219
:inochinokiken@.:,218
:blobcatpnd_onaka_nade@.:,216
:blobhusky_happy@.:,215
:imasugu@.:,215
:ablobcat_mudamuda@.:,210
:neko_spring_nya@.:,208
:ablob_headshakefaster@.:,205
:neko_tere_nya@.:,204
:neko_beer_nya@.:,203
:neko_niyari_nya@.:,203
:ablob_dj@.:,202
:neko_hueta_nya@.:,202
:eltu@.:,202
:blobhusky_fx@.:,200
:omae@.:,199
:neko_orz_nya@.:,198
:yoito_omoimasu@.:,198
:blob_caramelldansen@.:,195
:neko_sayonara_nya@.:,195
:mushiru@.:,193
:neko_patari_nya@.:,192
:wakarimitaro@.:,191
:daitai_atteru@.:,191
:nyaan@.:,190
:hie@.:,189
:ai_yay@.:,188
:blobhusky_kirakira@.:,185
:neko_maccho_nya@.:,182
:murishinaide@.:,181
:neko_daijoubu_nya@.:,181
:hontouni@.:,180
:neko_pien_nya@.:,179
:ablob_slurp@.:,179
:kakkoii@.:,176
:iie@.:,176
:natsukashii@.:,175
:kami@.:,174
:neko_gohan_nya@.:,172
:sekiro_death@.:,172
:tokuni_omae@.:,172
:dare@.:,172
:oisisou@.:,171
:meowbreadappear@misskey.io:,170
:arigatougozaimasu@.:,168
:galtu@.:,166
:desuyone@.:,165
:sonnakotodekinai@.:,165
:neko_okita_nya@.:,162
:ore_mo@.:,161
:blebcat@.:,160
:ippannno_gokatei@.:,159
:abunhd_hyperbounce@.:,159
:blobcat_droolreach@.:,158
:komeda_ikinasai@.:,157
:ittare@.:,157
:arigatofes@.:,155
:neko_totugeki_nya@.:,154
:omizu_nonde@.:,154
:saikyo@.:,154
:gyu@.:,151
:blobcat_3c@.:,150
:neko_melty_nya@.:,150
:ablob_goodnightreverse@.:,149
:5000cho@.:,146
:demo_omae@.:,144
:blob_cry@.:,144
:komeda_fes@.:,143
:blobhusky_cry@.:,143
:blobcatpnd_yochien@.:,143
:roujinkai@.:,142
:sokoni_nakereba_naidesune@.:,142
:chanto_tabero@.:,141
:tensai@.:,140
:motto@.:,139
:bunhd_sadpat@.:,138
:owa_desuwa@.:,138
:mochimochi@.:,137
:mama@.:,137
:honshitsu_joho@.:,136
:65535@.:,136
:hayasugite_mienai@.:,136
:blobcatpnd_namidagadechau@.:,136
:blobcat_meltnomblobcat_melt@.:,135
:murikamo@.:,135
:soreda@.:,134
:blobhusky_fumu2@.:,134
:ablobcatpnd_gorogoro@.:,134
:neko_byebye_nya@.:,133
:ablobcat_wobwork@.:,131
:neko_ho_nya@.:,131
:blobhusky_hai@.:,131
:neko_seya_nya@.:,130
:okaeri@.:,129
:goanzenni@.:,128
:ai_trippin@.:,127
:daiji_jouhou@.:,127
:neko_miru_nya@.:,127
:souomou@.:,126
ğŸ˜‡,124
:static_polarbear_inverted@.:,124
:blobcat_meow_eye@.:,123
:zurui@.:,123
:sushi_gaming@.:,122
:ofuton@.:,122
:matsuri@.:,121
:zenbu@.:,121
:blobcatpnd_wakaran_zenbu@.:,120
:odaijini@.:,119
:neko_samui_nya@.:,119
:souiuhimoaru@.:,119
:blobcat_frustration@misskey.io:,119
:yosasou@.:,118
ğŸ¤¯,118
:neko_itsumo_sumanai_nya@.:,117
:5000chouen_hoshii@.:,117
:5000t_death@.:,117
:blobhusky_kira@.:,117
:neko_angel_nya@.:,116
:gyultu@.:,116
:safe@.:,116
:yahari_sounano_desune@.:,115
:neko_scream_nya@.:,114
:ablobcatpnd_okuchimisete@.:,114
:shingi@.:,112
:yabai@.:,112
:majisuka@.:,111
:jouhourouei@.:,111
:akanyatsuya@.:,109
:naruhodofes@.:,109
:blob_bongo_cat_keyboard@.:,109
ğŸ§«,109
:okaerikudasaimase@.:,109
:neko_sosogu_nya@.:,109
ğŸ’¯,108
:neko_uum_nya@.:,108
:ablobcatpnd_iyaiya_znsn@.:,108
:dog_smile@.:,107
:ablobcatpnd_angri@.:,106
:neko_guruguru_nya@.:,106
:kokomade_subete_mousou@.:,106
:blaze@.:,104
:thinking_rotate@.:,103
:docchimo@.:,103
:neko_massage_nya@.:,103
:sounano@.:,103
:ablobcatpnd_purupuru_znsn@.:,103
:nanka_sugosou@.:,102
:ablobcatpnd_kikazaru@.:,102
:ikusaga_hazimaru@.:,101
:ablobcat_coffee@.:,101
:null@.:,101
:shosetsu@.:,101
:blob_nope@.:,100
:souiukoto@.:,99
:ablob_spinfast@.:,99
:neko_bakushou_nya@.:,99
:ojousama@.:,99
:nekochan@.:,98
:onikutabenasai@.:,97
:attaka_i@.:,96
:gomenne@.:,96
:arisou@.:,96
:ablobcat_sweatsip@.:,95
:polarbear_fire@.:,95
:yattane@.:,95
:blobcat_aco@.:,95
:blobhusky_drill@.:,95
:sonnamonoarunda@.:,93
:blobcat_stretchbottom@.:,93
:bed_oide@.:,93
:ablobcatpnd_bunbun@.:,93
:piropiro@.:,93
:neko_lgtm_nya@.:,91
:bap@.:,91
:genbaneko_yoshi@.:,90
:henpin@.:,90
:bunhd_knife@.:,89
:blobhusky_sweatflips@.:,89
:tsuratan@.:,88
:neko_hokkori_nya@.:,88
:ganbare@.:,88
:issue@.:,88
:blobhusky_tehe@.:,88
:saikou@.:,88
:oishii@.:,88
:blobhusky_furi@.:,87
:neko_chira_nya@.:,86
:blobcat_mudamudamuda@.:,86
:watashi@.:,86
:uni@.:,86
:nazo@.:,86
:arigato@.:,85
:ohayoo@misskey.io:,85
:neko_gorua_nya@.:,84
:honmaka@.:,84
:nanka_chotto_wakaru@.:,84
:neko_inu_nya@.:,83
:ablobcat_angel@.:,83
:blobhusky_ofuro@.:,83
:eeyan_2@.:,81
:nai@.:,81
:ee@.:,81
:chikara_power@.:,80
:neko_eiei_o_nya@.:,80
:java@.:,80
:raku@.:,80
:neko_ittari_kitari_nya@.:,80
:neko_pray_nya@.:,80
:neko_tekuteku_nya@.:,79
:blobhusky_fumu@.:,79
:nanmowakaran@.:,79
:blobhusky_oyasumi@.:,79
:blobhusky_pukupuku@.:,78
:abunhd_owohop@.:,77
:ablobcat_snowjoy@.:,76
:souka@.:,76
:watakushiha_soudeha_arimasenwa@.:,75
:tanoshisou@.:,75
:blobhusky_angry@.:,74
:sonnaa@.:,74
:wailing@.:,73
:maanantekoto@.:,73
:ablob_aww@.:,73
:oiyamero@.:,73
:iina@.:,73
:neko_think_nya@.:,73
:neko_kamon_nya@.:,72
:gyakudatta_kamo_shirenee@.:,72
:ohayougozaimasen@.:,72
:honmaya@.:,71
:hayai@.:,71
:neko_thanks_nya@.:,71
:neko_gohan_taberu_nya@.:,70
:ayashii_nihongo@.:,70
:kiatu_no_sei@.:,70
:nullpointerexception@.:,69
:suibotsu@.:,69
:saikou_desuwa@.:,68
:ablobcatpnd_snow@.:,68
:yametare@.:,68
:blobhusky_hana@.:,68
:fakenews@.:,67
:yokatta@.:,67
:cool_doggo@.:,66
:face_woozy_sad@.:,66
:polarbear_hayasugi@.:,66
:blobhusky_karikari@.:,66
:okaerinasaimase@.:,65
:zibunde_tsukurou@.:,65
:ablobcatpnd_hugme@.:,65
:ai_bonk@.:,64
:nannmo_wakarannzu@.:,64
:neko_mada_nya@.:,64
:okometabenasai@.:,63
:yabaiwayo@.:,63
:neko_tel_nya@.:,63
:kanashiihanashi@.:,63
:sokoni_attemo_naidesune@.:,62
:kinisunna@.:,62
:tasukarufes@.:,62
ğŸ’¢,62
:jisseki_kaijyo@.:,62
:ablobcatpnd_ojigi@.:,61
:majikayo@.:,60
:yasashii_sekai@.:,59
:blobhusky_fun@.:,59
:byouin_ikinasai@.:,59
:neko_pool_nya@.:,59
:blobcatdroolreach@calc.bal.ovh:,58
:bi_beauty@.:,58
:blobcat_heartbongo@.:,57
:neko_raja_nya@.:,57
:naruhodo_souka@.:,57
:mazide@.:,57
:nattare@.:,57
:arukamo@.:,56
:neko_hare_nya@.:,56
:neko_nakayoshi_nya@.:,56
:erajan@.:,56
:nandato@.:,55
:bunhd_smug@.:,55
:neko_sore_nya@.:,55
:tasukaru@.:,55
:taero@.:,55
:hou@.:,54
:sugoihanashi@.:,54
:blobhusky_scared@.:,54
:ablob_hype@.:,53
:whiteblob_angry@.:,53
:blobcat_noplease@.:,53
:ablob_maracas@.:,53
:daisuki@.:,53
:nekodesu@.:,53
:sore_575@.:,53
:kattare@.:,53
:neko_kyapi_nya@.:,53
ğŸ˜¥,52
:neko_kaze_tuyoi_nya@.:,52
:neko_kyomu_nya@.:,52
:sukebe_2@.:,52
:fake@.:,52
:blobfox_cheer@.:,52
ğŸ˜­,51
:osimee_desuwa@.:,51
:ablobcat_whackyfast@.:,51
:hentai_laminated@.:,51
:blobcat_confounded@.:,50
ğŸœ,50
:satsuki_chan@.:,50
:kiaide_nantoka_shiro@.:,50
ğŸ‘€,50
:yuushou@.:,49
:bunny_eyes@.:,49
:golang@.:,49
:vs@.:,49
:error@.:,49
:neko_seiza_taiki_nya@.:,49
:blobhusky_resonance@.:,49
:thonk_roll@.:,48
:neko_pokan_nya@.:,48
:kfc@.:,48
:iyann@.:,48
:blobcat_meow_zzz_sleep@.:,47
:neko_ji_nya@.:,47
:neko_bikkuri_nya@.:,47
:ya_ya_nano@.:,47
:ablobcat_blink@.:,47
:yorosiku_onegai@.:,47
:hoshii@.:,47
:ojiichan@.:,47
:yabaidesuwa@.:,46
ğŸ‘Š,46
:my_new_gear@.:,46
:tokushu@.:,45
:ablob_smile@.:,45
:blobfox_signnoublush@.:,45
:gyoi@.:,45
:kanjouganai@.:,44
:static_polarbear@.:,44
:mofumofu@.:,44
:blob_risinghand@.:,44
ğŸŸ,44
:arigato_2@.:,44
:thinking_panic@.:,44
:soumitai@.:,44
:igyo@misskey.io:,43
:true@.:,43
:ablobcatpnd_orooro@.:,43
:blobhusky_thinking@.:,43
:daijyoubuda_mondainai@.:,42
:neko_tehe_nya@.:,42
:naikamo@.:,42
:blobcat_meow_tilt@.:,42
:twitter@.:,42
:blobcat_evil@.:,42
:blob_camera@.:,42
:neko_doron_nya@.:,42
:yasai_seikatsu@.:,41
:shiyoudesu@.:,41
:iikotoiu@.:,41
:ittera@.:,41
:ablobcatfloofpat@misskey.io:,41
:not_a_number@.:,41
:neko_atsui_nya@.:,41
:judai_incident@.:,41
:honsore@.:,41
:neko_doya_nya@.:,41
:yurushite_kamisama@.:,41
:bikkuri_hatena@.:,41
:darega_umaikotoieto@.:,41
:css_kanzen_rikai@.:,40
:kenko_daiichi@.:,40
:blabcatpeek@.:,40
:blobcat_meltlove@.:,40
:atode_kesu@.:,40
ğŸ¥Ÿ,40
:moutasukaranaizo@.:,40
:blob_thinking@.:,40
:blob_cozynap@.:,39
:genkai_toppa@.:,39
:sonnnano_iranai@.:,39
:kyounosouzou@.:,39
:blobcat_woozy@.:,39
:daizyoubu_kakujikkennsuru@.:,39
:neko_zutsu_nya@.:,39
:blobcat_tea@.:,39
ğŸµ,39
:bunhd_cry@.:,39
:taihensou@.:,38
:daijoubu@.:,38
:ariyorinoari@.:,38
:neko_ng_nya@.:,38
:nigete@.:,38
:blobcat_wave@.:,38
:bokumo@.:,38
:suteki@.:,38
:blobcat_huggies@.:,38
:omae_ga_tsukure@.:,38
:javascript_with_coffeecup@.:,37
ğŸ›,37
:odayakajya_naiwane@.:,37
:yakinikunotare@.:,37
:blob_exploding_head@.:,37
ğŸ˜†,37
:rustacean@.:,37
:tabun_sou@.:,37
:sasuga@.:,37
:nero@.:,37
:neko_kuro_juutai_nya@.:,37
:ossan@.:,37
:ablob_dundundun@.:,36
:gijutu_kanou@.:,36
:neko_naisho_nya@.:,36
:omoshiroi_hanashi@.:,36
:neko_kaminari_nya@.:,36
:mada@.:,36
ğŸ’¸,36
:neko_jiken_nya@.:,35
:type_local@.:,35
:ablobcat_wave@.:,35
:sonohassouha_nakatta@.:,35
:ablobcatpnd_muzumuzu@.:,35
ğŸš€,35
:blob_sleepy@.:,35
:nenaito_shinu@.:,35
:souiutoshigoro@.:,35
:zenbu_kae@.:,35
:pan_jan@.:,34
:blob_hello@.:,34
:neko_nihonshu_nya@.:,34
:warui_otona@.:,34
:motto_yare@.:,34
:ablobcatpnd_terewarai@.:,34
:youkoso@.:,34
:setafunyo@.:,34
:neko_zuko_nya@.:,34
:blobcat_nomblob_doggo@.:,34
:nekojan@.:,33
ğŸŸ¥,33
:blobhusky_megumi@.:,33
:neko_jito2_nya@.:,33
:sonnakotodekirunda@.:,33
:ablobcatpnd_oonaki_nade@.:,33
:ablobcatpnd_nemunemu@.:,33
:shark_syukka@.:,33
:ablobfox_loading@.:,33
:dosukebe@.:,33
âš”,32
ğŸ¹,32
:loading@.:,32
:blobcat_ghostdead@.:,32
:ablobcatpnd_tokenaki@.:,32
:nondare@.:,32
:sou_omouyona@.:,32
ğŸ¦Œ,32
ğŸ§ ,32
:arara@.:,32
:woozy_sob@.:,32
:eidan@.:,32
:ablobcatpnd_heart_happy@.:,32
:ablobcatpnd_wanttoeat@.:,32
:blobhusky_3c@.:,32
:kanzenni_rikai@.:,31
ğŸ¶,31
:sumimasendesita@.:,31
:seyana@.:,31
:bugdesu_bagudesu@.:,31
:indojinwo_migini@.:,31
:ablobcat_box@.:,31
ğŸ,31
:blobcat_melt2@.:,31
:blobcat_bigsob@.:,31
:atode_miru@.:,31
:tako@.:,31
:bunny_glitch@.:,30
:polarbear_tomarikake@.:,30
:ablobsadpats@.:,30
:ippaisusi@.:,30
:keshikaranjanaika@.:,30
:nyancat@.:,30
:neko_usagi_nya@.:,30
:meigen@.:,30
:mazeruna_kiken@.:,30
:kinosei@.:,30
:ablobcatpnd_shy@.:,30
:konni_tiha@.:,30
:ahhai@.:,30
:neko_trick_or_treat2_nya@.:,30
:linux@.:,29
:kahun_nya@misskey.iorar.net:,29
:neko_holiday3_nya@.:,29
:laptopparrot@.:,29
:blob_broken@.:,29
:tabun_ugokuto_omoukara_release_siyouze@.:,29
:gomamayo@.:,29
:otaku@.:,29
:blobcat_green@.:,29
:azure@.:,28
:bunhd_lurkaww@.:,28
:neko_kossori_nya@.:,28
:blobcat_stretchmiddle@.:,28
:desuwayo@.:,28
:blobcatpnd_tokenemu@.:,28
:thonk_spin@.:,28
:ablobcatpnd_runnynose@.:,28
ğŸ¤,28
:aza@.:,28
:mou3jidashi_daisanjittekanji@.:,28
:saikidouha_subetewo_kaiketsusuru@.:,28
:neyoune@.:,28
ğŸ§ª,28
:zen_thinking@.:,28
:neko_jikan_nya@.:,28
:blobhusky_kuta@.:,28
:neko_katatsumuri_nya@.:,27
:misskey@.:,27
:bunhd_kagamimochi@.:,27
:neko_docchidemo_ii_nya@.:,27
:abunhd_happyhop@.:,27
:sonnakoto_itte_iinoka@.:,27
:makasero@.:,27
:neko_ooame_nya@.:,27
:bunhd_sleep@.:,27
:neko_ok_nya@.:,27
:jyoukyusya_muke@.:,27
:neko_bow_nya@.:,27
:jinsei@.:,27
:blobcatpnd_oooo@.:,27
:bubuntekini_sou@.:,27
:rubber_duck@.:,26
:buy_home_server@.:,26
ğŸ®,26
:pacochi_wakaru_cat@fedibird.com:,26
:thinking_woozy@.:,26
ğŸ€„,26
:nanu@.:,26
:muteki@.:,26
â¬›,26
:yokoni_narinasai@.:,26
:neko_gerokowa_nya@.:,26
:mou1ji_ichidaiji_ttekanji@.:,26
:nanikore@.:,26
:ablobcatpnd_tsuyatsuya@.:,26
:chick_wink_heart@.:,25
:zettaini_iru@.:,25
ğŸ†,25
:chatgpt@.:,25
ğŸ•,25
:kainasai@.:,25
:dokidoki@.:,25
:neko_suki_nya@.:,25
:nekokan@.:,25
:5000en_hoshii@.:,24
:blobfox_signnou@.:,24
â˜•,24
ğŸ™,24
:docker@.:,24
:iroiroyabai@.:,24
:bakedmochocho_real@.:,24
:dekiru@.:,24
âœˆ,24
:tsumeta_i@.:,24
:blob_congaroll_bounce@.:,24
ğŸ–,24
:chottonaniitterukawanannai@.:,24
:kfc_ikinasai@.:,24
:meowbath@misskey.io:,24
:fact@.:,24
:blobhusky@.:,24
:mukityoueki@.:,24
:blobhusky_nadenade@.:,24
:daijoubu_ask@.:,23
:blobcat_awwpat@.:,23
:neko_wink_nya@.:,23
:000@.:,23
ğŸ’ª,23
ğŸ‘,23
:blobcat_photobomb@.:,23
:monsterenergy@.:,23
:musume@.:,23
ğŸš©,23
:ohayou@.:,23
:kami_desukedo@.:,23
:neko_wine_nya@.:,22
:ameow_blinkreverse@.:,22
:attouteki_kansha@.:,22
:papa@.:,22
:anzen_daiichi@.:,22
:shinriteki_anzensei@.:,22
ğŸ¥·,22
:kashikokunattawa@.:,22
:x_twitter@.:,22
ğŸ¥¨,22
:blobfox_sign_baka@.:,22
:polarbear_superslow@.:,22
:blobhusky_a_pity@.:,22
:blobcatpnd_ryo@.:,22
:ablob_smilehappy@.:,22
:yattaru@.:,22
:tenshokuha_subetewo_kaiketsusuru@.:,22
:wanchan@.:,21
:blobcatdroolreach@misskey.io:,21
:kaikigenshou@.:,21
:blobcat_ok_sign@.:,21
:blobcatcomfy@misskey.io:,21
:netdeshinjitsu@.:,21
:whiteblob_pat1@.:,21
:saba@.:,21
:waruihanasi@.:,21
:onajikimoti@.:,21
ğŸ¥š,21
:blobcatcozynyap@misskey.io:,21
:exploding_woozy@.:,21
:bun@.:,21
ğŸ™,20
ğŸ§¶,20
:blob_hyperthink@.:,20
:oyurushikudasai@.:,20
ğŸ”,20
:yasai_tabenasai@.:,20
:banyanya@.:,20
:jigatiisasugitemienai@.:,20
:neko_love_nya@.:,20
:polarbear_crying@.:,20
:blobfox_teamlem@.:,20
:blobcat_blink@.:,20
â­,20
:ikasune@.:,20
:otukarefes@misskey.io:,19
:spam@.:,19
:polarbear_fast@.:,19
:hitsuyouna_giseideshita@.:,19
:kiaide_nantoka_shita@.:,19
ğŸ«–,19
:blobcat_reachmelt@.:,19
:neko_nemui_nya@.:,19
:blobcat_meataww@.:,19
:00@.:,19
ğŸ¦€,19
:neko_stretch_nya@.:,19
:clock@.:,19
:blobcat_shrug@.:,19
ğŸ’¥,19
:doushitekounatta@.:,19
:redbull@.:,19
:reactparrot@.:,19
:blobcat_flip@.:,19
ğŸ”,19
:110@.:,19
:ablobcatpnd_throw_kiss@.:,19
:ablobcatpnd_pettori_tonton@.:,19
:ablobcatpnd_yummy_znsn@.:,19
:haskell@.:,19
:wakuwaku@.:,19
:blob_think_smart@.:,19
:out@.:,19
ğŸ°,18
ğŸº,18
:take_a_break@.:,18
ğŸ¦,18
:makemashita@.:,18
:shiblob_thumbsup@.:,18
:yareba_dekiru@.:,18
ğŸ¤,18
:acceleratedclock@.:,18
:bluebird_frozen@.:,18
:undefined@.:,18
:neko_thinking_nya@.:,18
:neko_oko_nya@.:,18
ğŸ©,18
:blobhusky_keirei@.:,18
:need_for_sleep@.:,18
:misskey_systems_icon@.:,18
ğŸ¤–,18
:bunhd_googly@.:,17
:neko_yabai_nya@.:,17
ğŸ”«,17
:blobcat_stretchtop@.:,17
:ochitsuke@.:,17
:resonyance@misskey.io:,17
:makotoniossharutooridesuwa@.:,17
ğŸ¨,17
:joubutsu@.:,17
:jikoha_okorusa@.:,17
:blobcat_cofesip@.:,17
:polarbear_bongocat@.:,17
ğŸ¦‘,17
:nervouscursor@.:,17
:ablob_peekjohnny@.:,17
:angry_ai@.:,17
:conflict_fes@.:,17
:ablobcatpnd_horihori@.:,17
:ikinasai@.:,17
:reino_are@.:,17
:ablobcatpnd_yurayura@.:,17
:kuwashiku@.:,17
:chottodannshii@.:,17
:nainai@.:,17
:tateni_narinasai@.:,17
:blob_yum@.:,17
:doge@.:,16
:whiteblob_happy@.:,16
ğŸ§Š,16
:wakarikake@.:,16
ğŸ¾,16
:typescript@.:,16
:woozytoocold@.:,16
ğŸš,16
:donmai@.:,16
:ittan_shinkokyu@.:,16
ğŸ£,16
:tasukete@.:,16
:konbanha@.:,16
:v_scode@.:,16
:angry_shiba@.:,16
:syo_ga_nai@.:,16
â˜„,16
:blobhusky_question@.:,16
ğŸš˜,15
:blobfox_0_0@.:,15
ğŸ±,15
:blobfox_sign_thx@.:,15
ğŸ•›,15
:naruhodo_wakaran@.:,15
ğŸ,15
ğŸ„,15
:blob_amused@.:,15
:blobcat_stop@.:,15
ğŸ,15
ğŸ’°,15
:ablobcatpnd_nightmare@.:,15
:yabaidesukoto@.:,15
:son@.:,15
:blobcatpnd_longlong_b@.:,15
:neko_oblate_nya@.:,15
â™¾,15
:blobfox_aww@.:,15
:oneechan@.:,15
:neko_suzusi_nya@.:,15
ğŸš‚,14
:sitteta@.:,14
:orega_aisu@.:,14
:contribution_chance@.:,14
ğŸš°,14
:redhatparrot@.:,14
:abunny_hd_cry@.:,14
*âƒ£,14
ğŸ¦‹,14
:eclipse@.:,14
â™¨,14
:abunhd_happy@.:,14
:blobcat_fluffpout@.:,14
:hanko_sumi@.:,14
:slack@.:,14
ğŸ¤§,14
:bunny_lewd@.:,14
:ablobcatpnd_icecream@.:,14
:blebcat@misskey.io:,14
:neko_holiday2_nya@.:,14
:blobcat_sleep_with_blahaj@misskey.io:,14
:blobcat_pensive@.:,14
:punya__i@misskey.io:,14
:blobcat_photo@.:,14
:kyle@.:,14
:shirete_erai@.:,14
:oshii@.:,14
:neko_buriburiburiburi_muchaburi_nya@.:,14
ğŸ¦ˆ,14
:false@.:,14
:ablobcatpnd_stomachache@.:,14
:kakin_sanzai@.:,14
:nantokanaru@.:,14
ğŸ°,14
ğŸ¶,14
:ablobcatpnd_headache@.:,14
:neko_peace_nya@.:,14
:blobcatpnd_fluffyscarf@.:,14
:neko_basketball_nya@.:,14
:neko_guiter_nya@.:,14
â˜º,13
:whiteblob_bored@.:,13
â¤ï¸,13
ğŸ†—,13
:shinchoku_bad@.:,13
ğŸš—,13
:ippantekinikaimononiikutotukaretesimaimasu@.:,13
:blob_squish@.:,13
:bunny_blanketkawaii@.:,13
:04@.:,13
:microsoft@.:,13
:nandesuno@.:,13
:oyasumisskey@misskey.io:,13
:www_kusa@.:,13
:done@.:,13
:what_is@.:,13
:whiteblob_handshake@.:,13
ğŸ“›,13
:blobcat_meow_why@.:,13
:bunny_jump@.:,13
ğŸ²,13
:jouhouryuushitsu@.:,13
:daijoubuda_mondainai@.:,13
ğŸ¯,13
:neko_yutai_ridatsu_nya@.:,13
:404notfound@.:,13
ğŸ¸,13
:blobfox_computer@.:,13
:daikansha@.:,13
ğŸ¥,13
:erojan@.:,13
:blobhusky_think_smart@.:,13
:hate_speech@.:,12
:ruby@.:,12
:shiblob_photo@.:,12
:stamp_nemui@.:,12
:gyafun@.:,12
:blobcatpnd_miage@.:,12
ğŸŒ§,12
:polarbear_warping@.:,12
:neko_niko_nya@.:,12
:shukkin@.:,12
:bunny_back@.:,12
:important_css@.:,12
:blob_devil@.:,12
ğŸ”¥,12
ğŸ´,12
:arigunyatogonyainyasu@.:,12
ğŸ‘,12
ğŸŒ²,12
:ososugite_mieppanashi@.:,12
:aws@.:,12
ğŸ¥”,12
:shitenainoha_omaedake@.:,12
:neko_kuro_ng_nya@.:,12
:radioactive@.:,12
:ablobcatpnd_mizaru@.:,12
:polarbear_sunglasses@.:,12
:stamp_nattoruyarogai@.:,12
ğŸƒ,12
ğŸš¿,11
â˜ ,11
:blob_glassesdown@.:,11
ğŸ…,11
ğŸª,11
ğŸªš,11
ğŸš‹,11
ğŸ°,11
:blabcatbea@.:,11
:ablob_thinkingzerogravity@.:,11
:neko_nadenade_nya@fedibird.com:,11
:doukan@.:,11
â™»,11
:koreha_tukaesou@.:,11
:thinking_framing@.:,11
:half_closed_eyes_woozy@.:,11
:blob_present@.:,11
:sounanda@misskey.io:,11
:dosi_2@.:,11
:konyanyachiwa@.:,11
:blobcat_sentou_with_murakamisan_tutinoko@misskey.io:,11
ğŸ¦,11
:blob_disappointment@.:,11
:blob_bongo_cat_keyboard@misskey.io:,11
:vim@.:,11
:ablobcat_nowloading@.:,11
:tanoshii@.:,11
:sasuga_neet@.:,11
:mondaihanashi@.:,11
:blobhusky_hai2@.:,11
:github@.:,11
ğŸ‡°ğŸ‡µ,11
ğŸ¦­,11
:blob_highfive@.:,11
:bunhd_heart@.:,10
â˜”,10
2âƒ£,10
:blobcat_telephone@msk.ilnk.info:,10
:wakaru@misskey.io:,10
:soremiryoku@.:,10
:misskey_io@.:,10
:hyper_vibecat@.:,10
:nantokashiro@.:,10
:blob_idea@.:,10
:server_tashinasai@.:,10
:urayama@.:,10
:katakana_ga_oosugiru@.:,10
:souzyanai@.:,10
ğŸ ,10
:igyo@fedibird.com:,10
ğŸŒ©,10
:vueparrot@.:,10
:miesugite_miushinaigachi@.:,10
â˜€,10
:polarbear_@.:,10
ğŸŒ,10
ğŸ§‘â€ğŸ³,10
:ie_browser@.:,10
:sikyuu_kaihuu_c@.:,10
:edge@.:,10
:ablobcat_photobomb@.:,10
:blobcat_shock@.:,10
ğŸ›€,10
:matareyo@.:,10
ğŸ£,10
:souhanaranyaro@.:,10
ğŸ«,10
:tetsugaku@.:,10
:ablobcatpnd_techo@.:,10
:netabare@.:,10
:kugyou@.:,10
:java_dl@.:,10
:phparrot@.:,10
:100minuspts@.:,10
ğŸª„,10
ğŸ›,10
:gg@.:,10
ğŸ˜¡,10
ğŸ€,10
ğŸ,10
:blobhusky_good@.:,10
ğŸŸ¡,9
ğŸ’µ,9
:nemu@.:,9
:shiblob_cool@.:,9
:blob_gamer@.:,9
ğŸ¤œ,9
:firefox@.:,9
:taikin@.:,9
âœ,9
:macos@.:,9
:c_sharp@.:,9
:ubuntu@.:,9
ğŸ•º,9
:job@.:,9
:tonkotsu@.:,9
:blobcatpnd_longlong_a@.:,9
:blob_cool@.:,9
ğŸŒ,9
:cyber_hacking@.:,9
:neko_kyun_desu_nya@.:,9
ğŸ§‚,9
âœ‚,9
:trojan@.:,9
:sintou_mekkyaku@.:,9
:postgresql@.:,9
:moresou@.:,9
:python@.:,9
:oregawarui@.:,9
:octocat@.:,9
ğŸ”ª,9
ğŸ™,9
:index_out_of_range@.:,9
:heiomachi@.:,9
:taninnokotobaja_dame@.:,9
:neko_onaka_suita_nya@.:,9
:ablobcatpnd_kotsuyudo@.:,9
:chrome@.:,9
:shigoto_shiro@.:,9
:blob_goggling@.:,9
:blobcat_orange@.:,9
ğŸ‚,9
ğŸ’,9
ğŸ‘,9
:atono_matsuri@.:,9
:tameninattane@.:,9
ğŸ›¥,9
ğŸ,9
:sandwich_meet_on_cheese@.:,9
ğŸš¨,8
ğŸ¦´,8
:dlang_dman@.:,8
:otukaresama@misskey.io:,8
ğŸ,8
:woozytoohot@.:,8
:neko_help_nya@.:,8
:bunny_fliprev@.:,8
:otonagai@.:,8
:neko_mesareta_nya@.:,8
:kyokutan@.:,8
:hametsu@.:,8
ğŸ»,8
:ohayougozaimasu@misskey.io:,8
:benri@.:,8
:stackoverflow@.:,8
ğŸ«°,8
:neko_nadenade_nya@iksky.ikasoba.net:,8
:sotti@.:,8
ğŸ¥›,8
:blobcat_nomwatermelon@.:,8
:jissai_yasui@.:,8
:ippaisusi_heart@.:,8
:jisaba_tatenasai@.:,8
ğŸ“‰,8
:blobcat_googlytrash@.:,8
â¬œ,8
ğŸŠ,8
ğŸš’,8
ğŸ“,8
:blobcat_meow_shh@.:,8
:whiteblob_loveletter@.:,8
:bunny_rainbow@.:,8
ğŸ¦,8
âœ¨,8
âš™,8
ğŸŒ³,8
:ponkotu_me@.:,8
:blob_hug_blahaj@.:,8
:neko_togetoge_nya@.:,8
ğŸ‡©ğŸ‡ª,8
:ehehe@.:,8
ğŸ¦µ,8
:mogesou@.:,8
:souiutokoyazo@.:,8
:miku_dance@.:,8
ğŸº,8
:whiteblob_hug@.:,8
:sandwich_meet@.:,8
ğŸ’£,8
ğŸ,8
:souiugamezyaneekara_kore@.:,8
:0@.:,8
ğŸš“,8
:physical@.:,8
:damasaretana@.:,8
:naniwoitteru_nokawakarimase_n@.:,7
ğŸ« ,7
:neko_kuro_ok_nya@.:,7
:murakamisan_yoshi@misskey.io:,7
â‰,7
:sudo_sandwich@.:,7
:shinanai_teidode@.:,7
ğŸ“´,7
:warui_kodomo@msk.ilnk.info:,7
ğŸ¥¶,7
:lisp_alien@.:,7
:kaeroune@.:,7
ğŸ“,7
:makotonokansha@.:,7
:cr_edge@.:,7
:nekodesu_kitsui@.:,7
:janoute@.:,7
:fuete@.:,7
:blob_surprise_blush@.:,7
:abunhd_hop@.:,7
:tehepero@.:,7
ğŸ¸,7
:jinseikan_kawaruyo@.:,7
:whiteblob_sobbing@.:,7
:vlc@.:,7
:dekinu@.:,7
:taihen_imaokimashita@.:,7
:kusa@misskey.io:,7
:blobfox_cry@.:,7
:shiblob_lurk@.:,7
:oracle@.:,7
ğŸ ,7
:blobcatpnd_longlong_c@.:,7
ğŸ¦„,7
:siranke_do@.:,7
ğŸ³,7
:realtek@.:,7
:discord@.:,7
:neko_wao_nya@iksky.ikasoba.net:,7
:douzo_douzo@.:,7
:yasumikibunnga_nukeppanashi@.:,7
:blobcat_mlem@.:,7
:neko_bow_nya2@.:,7
:petthex@chpk.kur0den.net:,7
:gyakukara_yondemo@.:,7
:neko_wao_nya@fedibird.com:,7
:vrc@.:,7
ğŸ«,7
:neko_oblate_nya2@.:,7
:koukishinnahiru@.:,7
ğŸŸ ,7
:iizo@fedibird.com:,6
:wakaru@fedibird.com:,6
:vue@.:,6
:yousyutten@.:,6
:gimp@.:,6
â›„,6
:blobcat_fu_ahe@msk.ilnk.info:,6
ğŸ¢,6
ğŸ,6
ğŸ¤¤,6
:ablobfox_dundundun@.:,6
:blobfox_heart@.:,6
ğŸ†’,6
ğŸš„,6
:zosu@nonos-kitchen.net:,6
:genbaneko@nonos-kitchen.net:,6
ğŸ¥¬,6
:javascript@.:,6
ğŸ•¶,6
:owo_ai@.:,6
:blobhai@misskey.io:,6
:ablobcat_resonyance@fedibird.com:,6
:ablobfox_bongo@.:,6
:intellij@.:,6
:mataraishuu@.:,6
ğŸ¥,6
:shikkouyuuyo@.:,6
:opera@.:,6
:kimwipe@.:,6
:kimitachi_mounenasai@.:,6
:ora600@.:,6
:win_computer@.:,6
:soundcloud@.:,6
ğŸ‡ºğŸ‡¸,6
:neko_issue_mada_nai_nya@.:,6
:miku_love@.:,6
:neko_tennis_nya@.:,6
ğŸ§£,6
:vivaldi@.:,6
:long_pancakes_middle@.:,6
ğŸ‡§ğŸ‡·,6
â—»,6
:thinking_omurice@.:,6
ğŸ‡¬ğŸ‡§,6
ğŸ’‡,6
:sonnnasoubide_daijoubuka@.:,6
:neko_kenkou_shindan_nya@.:,6
ğŸ«˜,6
ğŸŒ•,6
:neko_yoga_nya@.:,6
ğŸª¤,6
ğŸš½,6
:neocat_aww@chpk.kur0den.net:,6
:blobhusky_banzai@kaoism.xyz:,6
:higorono_okonai@.:,6
:galtu@misskey.io:,6
ğŸš²,6
:nemuiwayo@.:,6
:blobcat_sign@.:,6
:ponkotsu@.:,6
:neko_summer_nya@.:,6
:jenkins_fire@.:,6
ğŸš¢,6
:ai_blink@.:,6
:nvidia@.:,6
:tsukawazaruwo_enai@.:,6
:ablobcatpnd_iwazaru@.:,6
ğŸ‡¨ğŸ‡³,6
ğŸ„,6
ğŸŸ¢,6
ğŸ«³,6
:downlo_do@.:,6
:share@.:,6
:ablobcatfloofpat@misskey.damnx.net:,5
:soudasouda@fedibird.com:,5
:wakarimi@misskey.io:,5
ğŸ“€,5
:sinngikyohi@.:,5
:ablobcatcryingcute@misskey.io:,5
ğŸˆ,5
ğŸ€,5
ğŸ†š,5
ğŸ«§,5
ğŸ˜–,5
:ablobbathtub@msk.ilnk.info:,5
âœ¡,5
:bossgakita@.:,5
:kawaiii@msk.ilnk.info:,5
ğŸ‡«ğŸ‡·,5
:blobcat_fu_pink@msk.ilnk.info:,5
ğŸ«¶,5
:imasugu@nonos-kitchen.net:,5
ğŸŒ½,5
ğŸ¤,5
:tarikihonganji@.:,5
:naruho_do@misskey.io:,5
ğŸ’’,5
ğŸ—»,5
:ablob_call@fedibird.com:,5
:hololive@.:,5
â¡,5
:blobcat_artist@.:,5
ğŸ‘¹,5
:thonk@.:,5
ğŸ‘¶,5
:flutter@.:,5
ğŸ,5
:meow_sushihamachi@misskey.io:,5
:bunny_pats@.:,5
ğŸ¥“,5
:vscode@.:,5
:blobcat_boopblush@.:,5
ğŸ¹,5
:blobfox_heartcute@.:,5
:blob_hammer@.:,5
ğŸ‡®ğŸ‡©,5
ğŸ¥–,5
:blobcat_frustration@fedibird.com:,5
âš¾,5
ğŸ§¦,5
:resonyance@kaoism.xyz:,5
:mysql@.:,5
ğŸŒ ,5
ğŸ’Š,5
ğŸ”™,5
:neko_kiriri_nya@.:,5
ğŸŒƒ,5
ğŸ,5
ğŸ®,5
:neovim@.:,5
:woozy_angry@.:,5
â­•,5
:desho@.:,5
:douita@.:,5
ğŸŒ«,5
:nijisanji@.:,5
:cpp_logo@.:,5
:kotlin@.:,5
ğŸ’©,5
ğŸ§Ÿâ€â™‚ï¸,5
:mareni_yokuaru@.:,5
ğŸ¥—,5
ğŸ¯,5
:neko_mask_nya@.:,5
:neko_neru_nya@misskey.damnx.net:,5
ğŸ©,5
:chottodekiru@.:,5
:boku@.:,5
âš¡,5
ğŸ©¸,5
:tvchan@.:,5
:danboard@.:,5
:ippaicyuki@.:,5
ğŸ¥§,5
ğŸ’,5
6âƒ£,5
ğŸ¥,5
ğŸ§…,5
ğŸ†•,5
ğŸ›©,5
:ablobcatpnd_ribbonsippo@.:,5
:neko_kuchibue_nya@.:,5
:boron@misskey.io:,5
:sore@fedibird.com:,4
:watakushidattesoudesuwa@misskey.io:,4
:oh@fedibird.com:,4
ğŸ™…â€â™‚ï¸,4
ğŸ‹,4
:internetkemutukasisaconcours@.:,4
âš ,4
:bunhdlurkaww@misskey.io:,4
ğŸ—¼,4
:misskey11@.:,4
:blobcatreachmelt@calc.bal.ovh:,4
ğŸ“,4
:blob_caramelldansen@fedibird.com:,4
:iine@fedibird.com:,4
:sugoi@fedibird.com:,4
:nodejs@.:,4
:otsukare@fedibird.com:,4
:missririca@.:,4
:ultimate_igyo@misskey.io:,4
ğŸ™…,4
:bunhd_sleep@calc.bal.ovh:,4
ğŸª,4
ğŸˆ¶,4
ğŸ•,4
ğŸ—º,4
ğŸŸ©,4
:sottikayo@.:,4
â“,4
ğŸ’™,4
ğŸˆ,4
ğŸ¯,4
ğŸ“¿,4
:neko_ouen_nya@fedibird.com:,4
:emoji_too_much@.:,4
ğŸŠ,4
:meowthinksurprised@msk.ilnk.info:,4
:shiblob@.:,4
ğŸ‘©â€ğŸ¦²,4
ğŸŒ‹,4
:shiblob_ok@.:,4
ğŸ‡,4
ğŸ‘»,4
:mendou@.:,4
:dame@msk.ilnk.info:,4
:gege_ltu@msk.ilnk.info:,4
:blobcat_fu_whatsthis@msk.ilnk.info:,4
:Shiropuyo_headbang@msk.ilnk.info:,4
:kamo@msk.ilnk.info:,4
:milktea@.:,4
:negi@.:,4
:blobfox_box@.:,4
ğŸ¸,4
ğŸ§™â€â™€ï¸,4
:blobfox_confused@.:,4
:super_igyo@misskey.io:,4
:thinkhappy@misskey.io:,4
ğŸ¥¤,4
ğŸ¥©,4
ğŸƒ,4
ğŸ‘®,4
:blabcatverifiedfake@.:,4
:syouso@.:,4
:kae@.:,4
ğŸ¥Š,4
ğŸ”¦,4
:sonnakotodekitanda@.:,4
:ohuton_kakete_agemasyoune@misskey.io:,4
:bap@mi.cbrx.io:,4
â„,4
:oniichan@.:,4
:meijitsutomonitaikin@.:,4
:lgtm@.:,4
ğŸ¤š,4
:meow_sushiikura@misskey.io:,4
:rinpuppu@misskey.io:,4
ğŸ¦«,4
:neko_nyaan_nya@kaoism.xyz:,4
ğŸ§™â€â™‚ï¸,4
ãŠ—,4
:seyaroka@.:,4
:steam@.:,4
:mouissyoniha_ikenai@.:,4
ğŸšš,4
:sore@misskey.io:,4
ğŸ”¢,4
:kochirakoso@.:,4
:nodeparrot@.:,4
:smile_woozy@.:,4
ğŸ›³,4
ğŸ¥ª,4
:chikyuuheimensetsu@.:,4
:reaction_shooting@.:,4
:whiteblob_tart@.:,4
ğŸ¤˜,4
ğŸ”,4
ğŸˆ,4
ğŸ©¹,4
:neru@.:,4
:blaze@misskey.io:,4
:android@.:,4
:gekijouban_misskey_mugenmenntehenn@.:,4
:ablob_hammer@.:,4
:ablobcat_dadakko@mkkey.net:,4
ğŸŒ¿,4
:ff14_hq@.:,4
:neko_nigawarai_nya@.:,4
ğŸ‡·ğŸ‡º,4
:souiuhimoaru@misskey.damnx.net:,4
:neko_trick_or_treat_nya@.:,4
âœŒ,4
:ukiashidattesoudesuwa@.:,4
:kowaihanashi@misskey.io:,4
ğŸ™ˆ,4
ğŸœ,4
:mongodb@.:,4
ãŠ™,4
:ohayou_gozaimasu@misskey.io:,4
:blob_eating_ehoumaki@.:,4
:meow_floof_pat@mi.tsujigoya.net:,4
ğŸ”ˆ,4
ğŸ”“,4
:ore@misskey.sanao.dev:,4
ğŸ§€,4
ğŸª©,4
:long_pancakes_top@.:,4
ğŸ¥°,4
:blobhusky_megumi2@kaoism.xyz:,4
:ohayoo@chpk.kur0den.net:,4
:neko_merry_chri2_nya@.:,4
:excel@.:,4
:java_duke@.:,4
:yarukiga_denai@.:,4
:barista_nya@.:,4
ğŸ‡¨ğŸ‡´,4
ğŸ‘‚,4
:mataashita@.:,4
:ablobcat_jumpking@misskey.gamelore.fun:,4
ğŸ¬,4
:arienai@.:,4
ğŸ›Ÿ,4
:opensuse@.:,4
:ohayou_gozai_masu@ojousama-tea.party:,3
:aruaru@fedibird.com:,3
:erai@fedibird.com:,3
:heisei2@.:,3
:misskey_systems_icon_v1@.:,3
:yattane@misskey.io:,3
ğŸ§šâ€â™‚ï¸,3
ğŸŒ€,3
ğŸ”Ÿ,3
:neko_yossha_nya@.:,3
:kusa@fedibird.com:,3
:erait@fedibird.com:,3
:kamo@misskey.sda1.net:,3
:sorena@misskey.betaful.life:,3
ğŸ–¼,3
ğŸ”‡,3
ğŸ‘®â€â™€ï¸,3
ğŸ¤‘,3
:rec@.:,3
:ablobaww@misskey.io:,3
:sandwich_tomato@.:,3
:kinsi_card@.:,3
:shiblob_reach@.:,3
:blobfox_winkmlem@.:,3
:kaeritai@.:,3
:iihanashi@misskey.io:,3
ğŸš”,3
:nemudaru_blobcat_resonyance@msk.ilnk.info:,3
:thinking__ai@.:,3
ğŸ•š,3
:shinchoku_good@.:,3
ğŸŒŒ,3
:polarbear_mambo_no5@.:,3
ğŸ,3
ğŸ™‚,3
ğŸ¼,3
ğŸ§¹,3
:ablobcall@misskey.io:,3
ğŸ§¼,3
ğŸª“,3
:helve_surprised@msk.ilnk.info:,3
ğŸ˜”,3
î”Š,3
ğŸ§¨,3
:ablob_keyboard@.:,3
ğŸª,3
ğŸ“,3
:ablobcatblinkhyper@misskey.io:,3
:ai_nomming@misskey.io:,3
ğŸ¦ª,3
:blob_spy@.:,3
:blobcatthink@msk.ilnk.info:,3
:blobcatthinkowo@msk.ilnk.info:,3
8âƒ£,3
:resonyance@mk.shrimpia.network:,3
:cloudflare@.:,3
ğŸ¥ˆ,3
:Shiropuyo_amused@msk.ilnk.info:,3
ğŸ’‹,3
ğŸŒ¬,3
:blobfox_outage@.:,3
:neko_mechanaki_nya@fedibird.com:,3
0âƒ£,3
:neko_benkyou_nya@.:,3
ğŸŸ¨,3
ğŸ‰,3
:atode_kiku@.:,3
:atom@.:,3
â³,3
:and@.:,3
:comfyyes@misskey.io:,3
:ablobcat_cryingcute@fedibird.com:,3
:blobfox_drool@.:,3
:sleeping_ai@.:,3
ğŸ•³,3
:react_js@.:,3
ğŸ¥’,3
:icon_syuilo@.:,3
:meow_sushi@misskey.io:,3
ğŸ’³,3
ğŸŒ‰,3
ğŸ“±,3
:parrot_kaonashi@fedibird.com:,3
ğŸ§,3
:bunhd_kadomatsu@.:,3
ğŸ¤,3
:tiken@misskey.io:,3
ğŸ’,3
:ameownod@misskey.io:,3
:youtube@.:,3
:neko_clap_nya@iksky.ikasoba.net:,3
:at_kobayashi@.:,3
:neko_kochira_nya@.:,3
:saba_server_karinasai@.:,3
:akirameruna@.:,3
:monster_absolutely_zero@.:,3
:pdf@.:,3
:bunny_thinking@.:,3
:desu@.:,3
ğŸ»,3
:heyakata@.:,3
ğŸ«²,3
ğŸ“ˆ,3
ğŸ³,3
:rust@.:,3
:ablobcat_blinkhyper@fedibird.com:,3
:blobhusky_happy@kaoism.xyz:,3
:aruaru@misskey.io:,3
:meow_sushi_murakamisan_tutinoko@misskey.io:,3
:ablobcatblink@mkkey.net:,3
:ablobcat_resonyance@iksky.ikasoba.net:,3
ğŸŒ»,3
:ablobcat_osuyatsu@mkkey.net:,3
:thinking_clap@.:,3
:karadasu@.:,3
:sore@misskey.sanao.dev:,3
7âƒ£,3
:neko_raja_nya@iksky.ikasoba.net:,3
ğŸ¦,3
:blobfox_worried@.:,3
ğŸŒŸ,3
ğŸŒ,3
:neko_clap_nya@fedibird.com:,3
ğŸ¡,3
:yoi_yumewo@chpk.kur0den.net:,3
:blobfox_eyes@.:,3
ğŸ’¡,3
1âƒ£,3
:blobfox_astronout@.:,3
ğŸ”¨,3
ğŸŸ,3
:naruhodo@misskey.sanao.dev:,3
ğŸ–•,3
:ablobcall@misskey.gamelore.fun:,3
:aiscript@misskey.io:,3
:kakutei@.:,3
:dlsite@.:,3
:ablobcatpnd_buranko@mkkey.net:,3
:blobhusky_kirakira@kaoism.xyz:,3
:kawaii2@misskey.io:,3
ğŸ“¹,3
:ablobcall@chpk.kur0den.net:,3
ğŸ§„,3
ğŸ¦ ,3
ğŸ¦†,3
ğŸ˜,3
ğŸ”­,3
:calendar_nya@.:,3
:hituji_nya@.:,3
ğŸ’®,3
ğŸ˜¢,3
:omaegawarui@.:,3
ğŸ§½,3
ğŸ¦¢,3
:neko_pecori_nya@.:,3
:ohayougozaimasu@mk.yopo.work:,3
:bunhd_couple@.:,3
:neko_nadenade_nya@misskey.sanao.dev:,3
ğŸ‘‘,3
:nand@.:,3
:suyarinko@misskey.dog:,3
:reiwa@.:,3
ğŸ“¦,3
ğŸ‡¸ğŸ‡±,3
â›©,3
:reiwadazo@.:,3
:coffee_nya@mi.nekonet.cyou:,3
:elephpant@.:,3
:parrot_sorena@fedibird.com:,2
ğŸ¥„,2
:pakupakudesuwa@fedibird.com:,2
:neko_naki_nya@fedibird.com:,2
:kowaihanashi@fedibird.com:,2
ğŸšª,2
:sandwich_buns_top_a@.:,2
:wakarimi@fedibird.com:,2
ğŸ˜˜,2
:neko_nyaan_nya@fedibird.com:,2
:ablobcatfloofpat@misskey.7ka.org:,2
:igyo@misskey.noellabo.jp:,2
:taisetu@misskey.io:,2
:yabaiwayo@misskey.io:,2
:mala@minazukey.uk:,2
:blobcataww@misskey.io:,2
ğŸ‘©â€âš•ï¸,2
:wakuwaku@misskey.io:,2
:paimon_nomming@fedibird.com:,2
:kamo@fedibird.com:,2
ğŸ¥‚,2
ğŸ±,2
:tashikani@misskey.io:,2
:blobfox_angry@.:,2
:blobtoofast@misskey.io:,2
ğŸ˜©,2
:blobcatsweatflips@misskey.io:,2
:docchimo@misskey.io:,2
:erait@misskey.io:,2
:odaizini@misskey.io:,2
:hsp@.:,2
ğŸ¥¯,2
:tiken_chiken@fedibird.com:,2
:ablobcatheadbangfastultra@misskey.io:,2
:oyasumi@fedibird.com:,2
:ablobcatnodmeltcry@misskey.io:,2
:blob_hello@misskey.io:,2
:iterm2_logo@.:,2
âŒ,2
â“‚,2
ğŸ§,2
:safari@.:,2
:gnu@.:,2
:petthex_japanesecake@misskey.damnx.net:,2
:ameownodfast@misskey.io:,2
:Shiropuyo_headbang@calc.bal.ovh:,2
:agoogleoctopus@fedibird.com:,2
ğŸŒˆ,2
ğŸ­,2
:ablobhungry@misskey.io:,2
ğŸ§¸,2
âœ,2
:bunhdhyperbounce@calc.bal.ovh:,2
:naruhodo@fedibird.com:,2
ğŸ¥•,2
:t_ohayo@fedibird.com:,2
ğŸ’‰,2
:petthex@misskey.io:,2
:oherb@nijimiss.moe:,2
:ohhohhohho@nijimiss.moe:,2
:blobcatreepat@fedibird.com:,2
:misskey2022@.:,2
ğŸ’…,2
ğŸ›,2
:thinking_face_both@.:,2
ğŸ§‘â€âš–ï¸,2
:sugoi@misskey.io:,2
:Shiropuyo_aseri@calc.bal.ovh:,2
:mayonnaisekaketeagemashoune@.:,2
ğŸ•Š,2
ğŸ¤›,2
ğŸ”–,2
ğŸ¿,2
â›±,2
ğŸŒŠ,2
:watakushidattesoudesuwa@fedibird.com:,2
:hou@misskey.io:,2
:watashi@fedibird.com:,2
:neko_donmai_nya@.:,2
:kawaiii@fedibird.com:,2
:kokodakeno_hanashi@.:,2
:ablobcat_nodmeltcry@fedibird.com:,2
:deno@.:,2
:sonokanouseiwaaru@misskey.io:,2
:agummyattentioncat@msk.ilnk.info:,2
:ablobcat_nowloading2@.:,2
:red_shell@msk.ilnk.info:,2
:kyouiku@nonos-kitchen.net:,2
:Shiropuyo_wow@msk.ilnk.info:,2
ğŸš‰,2
â™£,2
ğŸš,2
:kasikoi@misskey.io:,2
:kawaiine@msk.ilnk.info:,2
ğŸŠâ€â™€ï¸,2
ğŸ·,2
:ggrks_search@.:,2
:powerpoint@.:,2
:meow_hungry_anim@misskey.io:,2
:nao_maniawanmoyou@nonos-kitchen.net:,2
:blobcat_fu_sorry4@msk.ilnk.info:,2
:ijo@.:,2
ğŸ˜,2
:microsoft_windows_xp_logo@msk.ilnk.info:,2
:blob3c@misskey.m544.net:,2
:yarimasu@.:,2
:neko_akeome_nya@.:,2
:not@.:,2
:blobcat_fu_melt3@msk.ilnk.info:,2
:nishimura_toru_chan@msk.ilnk.info:,2
:blobcatchristmasglowsticks@msk.ilnk.info:,2
ğŸ‡¨ğŸ‡¬,2
ğŸƒ,2
:sushi_gaming@fedibird.com:,2
:blobcatflower@msk.ilnk.info:,2
:ya_ya_nano@nonos-kitchen.net:,2
:omae@nonos-kitchen.net:,2
:konnichiha_korosuzo@nonos-kitchen.net:,2
:matakimika@.:,2
:senko_stop@iksky.ikasoba.net:,2
ğŸ”Œ,2
ğŸª›,2
:ablobcatattention@msk.ilnk.info:,2
ğŸ‚,2
:blobcat_fu_fearful@msk.ilnk.info:,2
:tsuyosugi@misskey.takehi.to:,2
ğŸ“‘,2
ğŸ¦•,2
ğŸ‡»ğŸ‡³,2
:miku_hau@.:,2
ğŸ¿,2
ğŸ,2
:Shiropuyo_ohayou@fedibird.com:,2
ğŸŒ´,2
ğŸ‘,2
ğŸŒ,2
:innocent_ai@.:,2
:neko_dancing_nya@misskey.sanao.dev:,2
:muzukashiihanashi@misskey.io:,2
ğŸ‘“,2
ğŸ› ,2
ğŸ’´,2
:eyes_fidgeting@misskey.io:,2
:sounanda@fedibird.com:,2
:blobfox_facepalm@.:,2
:ablob_hungry@fedibird.com:,2
:doihii@.:,2
:revbunhdsmug@misskey.io:,2
ğŸ§‘â€ğŸ¦²,2
:kamo@misskey.io:,2
:dame@mkkey.net:,2
ğŸ¦â€â¬›,2
ğŸŒ¶,2
:zutsuuga_itai@.:,2
ğŸ¦–,2
:ablobcat_fukifuki@mkkey.net:,2
ğŸ°,2
:neko_hate_nya@misskey.damnx.net:,2
:shiblob_melt@.:,2
:itai_no_itai_no_tondekee__i@misskey.io:,2
:activitypub@.:,2
:neko_kata_koru_nya@.:,2
:blobhusky_tehe@kaoism.xyz:,2
ğŸ,2
:ablobcatnodmeltcry@si.okin-jp.net:,2
:neko_hai_nya@kaoism.xyz:,2
ğŸŠ,2
:meowWave@mkkey.net:,2
âš½,2
:arigato2@msk.ilnk.info:,2
:surprised_ai@.:,2
:blobfox_disputed@.:,2
ğŸ§,2
:nukumority@.:,2
ğŸš›,2
:kono_kasi_watasi_no_kotoda@misskey.backspace.fm:,2
ğŸŒ°,2
ğŸªŸ,2
ğŸ¼,2
:netscape_logo@.:,2
ğŸ“·,2
ğŸ¤,2
:whiteblob_cutheart@.:,2
ğŸ“»,2
ğŸ‡ªğŸ‡¹,2
:7eleven@misskey.io:,2
ğŸ«ƒ,2
:blender@.:,2
ğŸ‡¸ğŸ‡ª,2
ğŸ”„,2
ğŸ¥£,2
ğŸ†“,2
â°,2
ğŸ›¢,2
â—,2
:mi_@misskey.damnx.net:,2
:ohayougozaimasen@misskey.damnx.net:,2
:aws@misskey.damnx.net:,2
:otukareisama@misskey.io:,2
ğŸ‘ˆ,2
:blobcatphotobomb@mkkey.net:,2
:blobclosefearful@mkkey.net:,2
:ete_fuete@.:,2
:petthex_blobcatmeltcry@misskey.io:,2
ğŸ›µ,2
ğŸ¦,2
:osusume@.:,2
ğŸ›¬,2
:nullcatchan_nod@misskey.io:,2
ğŸ¦,2
ğŸŒ,2
ğŸ“,2
:blobcatyes@fedibird.com:,2
ğŸ¥¦,2
:neko_okita_nya@misskey.damnx.net:,2
ğŸ¤—,2
ğŸ¥‡,2
:tsuyoi@misskey.io:,2
:iizo@misskey.io:,2
:ablobcatgooglymlem@fedibird.com:,2
:yattaa@misskey.io:,2
:blabcatpeek@misskey.sanao.dev:,2
:souiutokimoaru@misskey.damnx.net:,2
âœ‰,2
ğŸ’¿,2
:ablobcat_cheer@misskey.io:,2
:static_polarbear@misskey.damnx.net:,2
:polarbear_patpolarbear_@.:,2
:honzitu_no_igyo@misskey.io:,2
:neko_nyaan_nya@iksky.ikasoba.net:,2
:kami@misskey.sanao.dev:,2
:segmentation_fault@.:,2
:ohayougozaimasu@fedibird.com:,2
ğŸˆâ€â¬›,2
âš«,2
:ablobcatpnd_dancing2@iksky.ikasoba.net:,2
:kinsokujikou@.:,2
ğŸŒ¸,2
ğŸ•µ,2
:syoki_no_sata@.:,2
:nanodesu@.:,2
:petthex_blobcat_frustration@misskey.io:,2
:blobcatpnd_artist@.:,2
:monster_ultra@.:,2
:ohayougozaimasu@misskey.sanao.dev:,2
ğŸ,2
:neko_barista_nya@.:,2
:ohayoo@jiskey.dev:,2
ğŸ‘,2
:blobcatmeataww@misskey.io:,2
:neko_niyari_nya@misskey.sanao.dev:,2
:ablobcatpnd_money_kyomisinsin@misskey.damnx.net:,2
:neko_ocha_nya@kaoism.xyz:,2
ğŸ‘¼,2
â˜,2
:blobcat_igyo@chpk.kur0den.net:,2
:ablobcat_sleepingtonton@chpk.kur0den.net:,2
ğŸ¥œ,2
ğŸ,2
:blobcatrainbow@misskey.damnx.net:,2
:4b8f_kawaiine@misskey.gamelore.fun:,2
ğŸ•Ÿ,2
:yareyare@.:,2
:ablobcatfloofpat@mk.f72u.net:,2
:ttewake@.:,2
:internal_serve_rerror@.:,2
ğŸ¬,2
â™,2
ğŸŒ¹,2
:neko_kitakitakitakita_kitakitsune_nya@.:,2
ğŸ‘²,2
ğŸŒ˜,2
:blobcatxd@minazukey.uk:,1
:dare@mi.sunset0916.net:,1
:static_polarbear@mi.sunset0916.net:,1
:flying_money@misskey.io:,1
:nadenade_nya@ojousama-tea.party:,1
:t_ganbae@fedibird.com:,1
:Shiropuyo_syobon@calc.bal.ovh:,1
:horoboshimashou@misskey.io:,1
ğŸªº,1
:kawaii@fedibird.com:,1
ğŸ¥º,1
:ne@misskey.io:,1
:notlikemiya@misskey.io:,1
ğŸ§‘â€ğŸ¨,1
:medetai_nya@misskey.betaful.life:,1
ğŸ¥‹,1
:ablobcatbongo@fedibird.com:,1
â˜¢,1
ğŸš,1
:blobcat_meow_pats@.:,1
:murakamisan_tutinoko_otacry@misskey.io:,1
:wakarunaa@misskey.io:,1
:wakarimiga_fukasugiru@misskey.yukineko.me:,1
:shibasorena@misskey.yukineko.me:,1
:wakarimiga_fukasugiru@misskey.noellabo.jp:,1
:oremoonazikimochi@misskey.yukineko.me:,1
:bug_@fedibird.com:,1
:sashimi_mori@fedibird.com:,1
:dekitara_yatteru@misskey.io:,1
:hidoihanashi@misskey.io:,1
:towa@.:,1
:suru_to_zouki_hason_de_sinimasu@misskey.io:,1
:siri_ni_air_compressor@misskey.io:,1
:doyukoto_doyukoto@minazukey.uk:,1
:soukamo@minazukey.uk:,1
:ehehe@misskey.io:,1
:wake_no_wakaranai_mono@misskey.io:,1
ğŸ’¤,1
:kininaru@minazukey.uk:,1
:sore@minazukey.uk:,1
:tikutiku_kotoba@minazukey.uk:,1
:byebye_nya@misskey.betaful.life:,1
:sonnakotonai@misskey.io:,1
:yabaidesuwa@fedibird.com:,1
:blobcatchristmasglowsticks@fedibird.com:,1
:dosbox@misskey.io:,1
:kami@misskey.io:,1
:resonyance@mfmf.club:,1
:hayai@misskey.io:,1
:chotto_wakaru@misskey.io:,1
ğŸŒµ,1
:sihukuno_toki@.:,1
:thinking_rotate@misskey.io:,1
:igyo@ojousama-tea.party:,1
:t_odaiji@fedibird.com:,1
:ohapuppu_@fedibird.com:,1
ğŸ˜„,1
:ablobcat_resonyance@misskey.betaful.life:,1
:Shiropuyo_doon@calc.bal.ovh:,1
ğŸ›¡,1
ğŸ–Œ,1
ğŸŒ¦,1
:ablobcat_attention_reverse@misskey.damnx.net:,1
:otukaresama@ojousama-tea.party:,1
:sonnakotoarunda@obak-key.com:,1
:kane@misskey.io:,1
:vue_hira@simkey.net:,1
:ablobcall@fedibird.com:,1
:koresuki@misskey.io:,1
ğŸ¤´,1
ğŸ¥­,1
:blobcathungry@misskey.7ka.org:,1
:kyawatan@obak-key.com:,1
ğŸ‚,1
:bochibochi_ikoune@misskey.io:,1
:panee_nngk@obak-key.com:,1
:kirakira@misskey.io:,1
:sugoi@misskey.flat.place:,1
:blobcatfearful@fedibird.com:,1
:odaizini@fedibird.com:,1
:resonyance@fedibird.com:,1
â›°,1
ğŸª¥,1
:wakaru@p1.a9z.dev:,1
:hinata_acid@simkey.net:,1
:5000t_5@misskey.io:,1
:thinkhappy@fedibird.com:,1
:ohayo@misskey.io:,1
:oishisou@misskey.io:,1
ğŸ˜‹,1
:vivaldi_red@misskey.damnx.net:,1
:iihanasi@mi.okin-jp.net:,1
:blobcatcry2@fedibird.com:,1
:yattare@fedibird.com:,1
:ablobcatnodblink@fedibird.com:,1
ğŸ¥ƒ,1
:neko_beer_nya@fedibird.com:,1
:blobcataww@fedibird.com:,1
:ablobcatfloofpat@reax.work:,1
:blobsweats@misskey.io:,1
:wakarimi@misskey.betaful.life:,1
â›³,1
:igyo@kodow.net:,1
:matsurika@oflosky.com:,1
:gedoh@oflosky.com:,1
:polarbear_sdvx@.:,1
:mofumofu@fedibird.com:,1
ğŸ˜·,1
:blobcatcry3@fedibird.com:,1
:ablobcat_attention_reverse@fedibird.com:,1
ğŸ,1
â˜,1
:sushi_mori@fedibird.com:,1
:odaijini@misskey.yukineko.me:,1
:bunny_cowboy@.:,1
:zawa__ooo@misskey.io:,1
ğŸ ,1
:gitlab@.:,1
:blobcat_amused@misskey.otsumami.bar:,1
:tiken@mfmf.club:,1
:sugoi_ex@reax.work:,1
:tsuratan@fedibird.com:,1
:notepad_plus_plus@.:,1
:meow_resonyance@misskey.yukineko.me:,1
:ee@misskey.io:,1
ğŸ¹,1
:happymac@misskey.io:,1
:soukamo@fedibird.com:,1
:ota_cry@fedibird.com:,1
:yorosiku_onegai@misskey.io:,1
:oyoo@misskey.io:,1
:ablobsadpats@fedibird.com:,1
:hiltu@misskey.io:,1
:blob_super_nod@misskey.io:,1
:blobcat_aww@misskey.betaful.life:,1
:yattaze2@misskey.io:,1
ğŸŒ±,1
:abunhdhappy@calc.bal.ovh:,1
:yosasou@fedibird.com:,1
:Shiropuyo_thinking@calc.bal.ovh:,1
:sorehasou@fedibird.com:,1
:mi2@misskey.io:,1
:soukamo@misskey.faidra.net:,1
:iremono@nijimiss.moe:,1
:seisaba@nijimiss.moe:,1
:icon_murakamisan@.:,1
:exploding_woozy@misskey.io:,1
:tasikani@misskey.betaful.life:,1
:intel@.:,1
:ne@mfmf.club:,1
:psychedelic_fits@misskey.io:,1
:igyo@misskey.betaful.life:,1
:megamoji@misskey.betaful.life:,1
:genbaneko_yoshi@misskey.io:,1
:neko_pien_nya@fedibird.com:,1
:thinknyan@mfmf.club:,1
:ota@misskey.io:,1
:ablobnodfast@misskey.7ka.org:,1
:kawaii@misskey.betaful.life:,1
:igyo@mk.shrimpia.network:,1
:wakarimi@mfmf.club:,1
:tsurainagare@reax.work:,1
:ablobcatfloofpat@mfmf.club:,1
:ohayou@misskey.io:,1
:Shiropuyo_wobble@calc.bal.ovh:,1
:Shiropuyo_drink_tea@calc.bal.ovh:,1
:eyes_blink@misskey.betaful.life:,1
:monster_cuba_libre@.:,1
:aramaki_yoko@mi.nxsux.xyz:,1
:igyo_of_igyo@misskey.io:,1
:mappin@.:,1
:eltu@misskey.io:,1
:goanzenni@misskey.yukineko.me:,1
:punch_left_fast@misskey.io:,1
:kowaiwa@misskey.io:,1
:cryblood@fedibird.com:,1
:watakusidattesoudesuwa@fedibird.com:,1
:watakushiha_soudeha_arimasenwa@fedibird.com:,1
ğŸ•·,1
:gahaha@misskey.io:,1
:scp_foundation_cc_by_sa_3_0@misskey.io:,1
:done_is_better_than_perfect@misskey.io:,1
ğŸ³,1
:mareniyokuaru@misskey.io:,1
:polarbear_fire@fedibird.com:,1
:blobcat0_0@fedibird.com:,1
:taiyaki@fedibird.com:,1
:arigatofes@fedibird.com:,1
:densetu@misskey.io:,1
:sonnakotoarunda@minazukey.uk:,1
:waai@misskey.io:,1
:angular_js@.:,1
:gojiai@fedibird.com:,1
ğŸ–¥,1
:hentai_laminated@fedibird.com:,1
:koresuki@fedibird.com:,1
:oyasumi@misskey.io:,1
:bunhdcomfysleep@calc.bal.ovh:,1
:ablobcatnodmeltcry@skaya.ligun.net:,1
:oyasu@misskey.io:,1
:ai_acid_misskeyio@misskey.io:,1
:sonomama_fuuton_de_neteore@misskey.io:,1
:ofuchobetto_shita_tefu_wo_mabugaddo_shite_ritto_ni_suru_yousu@misskey.io:,1
:purupuru_nya@misskey.betaful.life:,1
:parrot_sad@fedibird.com:,1
:blobcatsadpats2@fedibird.com:,1
:zyuuyou@fedibird.com:,1
:zyuuyou@misskey.io:,1
:1f00_zariko_hatena@misskey.gamelore.fun:,1
:blobcat@fedibird.com:,1
:petthex_carotene@misskey.io:,1
:usapyonpyon@misskey.io:,1
:tabetai@misskey.io:,1
:neko_isogu_nya@fedibird.com:,1
:nero@misskey.io:,1
:dog_smile@misskey.io:,1
:honmaka@misskey.damnx.net:,1
:smiling_face_with_a_lot_of_hearts@.:,1
â€¼,1
:soukamo@reax.work:,1
:Shiropuyo_oO@calc.bal.ovh:,1
:soudasouda@misskey.io:,1
:blob_flushed@misskey.io:,1
:sounanda@misskey.damnx.net:,1
:iihanashi@fedibird.com:,1
:fes@misskey.io:,1
:igyofes@misskey.io:,1
:tyuumon_ga_oosugiru@misskey.io:,1
:thinknyan@misskey.io:,1
:meow_xd@cal.vino.blue:,1
:abunhd@calc.bal.ovh:,1
:blobcatheartbongo@misskey.io:,1
:petthex_blobcatmeltcry@misskey.damnx.net:,1
ğŸ§œâ€â™‚ï¸,1
ğŸ¡,1
:ai_umai@misskey.io:,1
:kuttare@misskey.io:,1
ğŸ™ƒ,1
:kanneiyahataseitetsusyo@misskey.io:,1
:Shiropuyo_tiken@cal.10rino.net:,1
:tashikani@fedibird.com:,1
:parrot@misskey.io:,1
:namennayo@.:,1
:kininaru@misskey.io:,1
ğŸ‘¾,1
:ouen_nya@misskey.betaful.life:,1
:blobcat_photo@misskey.damnx.net:,1
ğŸ¦ƒ,1
:gakuseikibunga_nukesugi@.:,1
ğŸ¤²,1
:resonyance@minazukey.uk:,1
:oobannyaki@misskey.io:,1
:blobfox_uwu@.:,1
:hai@misskey.04.si:,1
ğŸŒ®,1
:wakarimiga_fukasugiru@fedibird.com:,1
:538c_koresuki@misskey.gamelore.fun:,1
:ningenha_oroka@fedibird.com:,1
:oishiine@misskey.io:,1
:sadblob@fedibird.com:,1
:sadblob@misskey.io:,1
:ganbare@misskey.io:,1
:meowfacepalm@misskey.io:,1
:hosii_silver@fedibird.com:,1
:ablobcatfloofpat@cal.vino.blue:,1
:git@.:,1
:_4e00_gi@misskey.gamelore.fun:,1
:okaeri@misskey.io:,1
:otukaresama@misskey.04.si:,1
:iihanashi@misskey.sda1.net:,1
:javascript_with_coffeecup@misskey.sda1.net:,1
:genbaneko_dousite@misskey.io:,1
:juudai_incident@misskey.io:,1
:iihanashi_move@misskey.io:,1
:ohayoo@skaya.ligun.net:,1
:ablobcall@reax.work:,1
:ablob_smile@fedibird.com:,1
ğŸ¹,1
:neko_pokan_nya@fedibird.com:,1
:curry_pudding@misskey.damnx.net:,1
â¬…,1
:itterassyai@misskey.io:,1
:githubparrot@fedibird.com:,1
ğŸ”,1
ğŸª–,1
:Shiropuyo_naruhodo@calc.bal.ovh:,1
ğŸ¦™,1
:docker_ga_dokan@misskey.sda1.net:,1
:sore_of_sore@misskey.io:,1
:soreijouwa_ikenai@fedibird.com:,1
ğŸ‘¨â€ğŸ³,1
:mitsu@.:,1
â˜£,1
:fortran@.:,1
:blobcatnoplease@misskey.io:,1
:aruaru@misskey.damnx.net:,1
ğŸ’€,1
:twitter@misskey.damnx.net:,1
:neko_unun2_nya@fedibird.com:,1
ğŸ”©,1
:son_unicodelike@misskey.sda1.net:,1
:blob_congaroll_bounce@misskey.damnx.net:,1
:ganbaru_ka_tyou_ganbaru_ka_no_2taku_de_kangaete_kudasai@misskey.io:,1
:chikara_power@misskey.io:,1
:ablobcatgooglypartyfast2@msk.ilnk.info:,1
ğŸ¢,1
ğŸ¢,1
:syounin_yokkyuu_monster@msk.ilnk.info:,1
:neko_unun_nya@kaoism.xyz:,1
:neko_neru_nya@kaoism.xyz:,1
:neko_ha_nya@kaoism.xyz:,1
â•,1
ğŸª­,1
:akusaa@misskey.io:,1
:ablobcatcoffee@fedibird.com:,1
:3d_blobcat_policewatchingyou@msk.ilnk.info:,1
ğŸ‘,1
9âƒ£,1
:blobcat_fu_smile@msk.ilnk.info:,1
:petthex_libre_s905d3@koliosky.com:,1
ğŸˆ,1
:crt_blue_screen@.:,1
ğŸ‘³,1
ğŸ”,1
:a@misskey.io:,1
:hunikideyatteru@misskey.io:,1
:photoshop@.:,1
:blobcat_watchyou@fedibird.com:,1
:neko_miru_nya@fedibird.com:,1
:blobtanuki_moneyslap@misskey.7ka.org:,1
:niku2@fedibird.com:,1
:niku2@misskey.io:,1
:sore@mi.ghz00.net:,1
:iinee@misskey-square.net:,1
:oisyo_2@nonos-kitchen.net:,1
ğŸ¤®,1
:sou@mi.sunset0916.net:,1
ğŸ«¸,1
:nazo@mi.sunset0916.net:,1
ğŸ‡¦ğŸ‡º,1
:meow_yikes@mkkey.net:,1
ğŸ§¤,1
:ieniirunoni_kaeritai@fedi.kugetsu.blog:,1
ğŸ§¯,1
:bitwarden@.:,1
:wowowyeiyeiye@msk.ilnk.info:,1
:uni@misskey.04.si:,1
:blabcatpeek@misskey.io:,1
:Shiropuyo_gaan@msk.ilnk.info:,1
ğŸ‘,1
:ai_yay@msk.ilnk.info:,1
ğŸ—¾,1
:blobcat_hello@misskey.gamelore.fun:,1
:_ne@koliosky.com:,1
:soremomatajinsei@koliosky.com:,1
ğŸ™„,1
ğŸ‘½,1
:static_polarbear@honi.club:,1
:ablobcatfloofpat@mi.halu.ink:,1
:woxin__chang__dan1904_id@msk.ilnk.info:,1
ğŸŸ¦,1
:shiblob_heart@.:,1
:resonyance@msk.ilnk.info:,1
ğŸ„,1
ğŸ‘¨â€ğŸ‘¨â€ğŸ‘¦,1
ğŸ‘¨â€ğŸ‘¨â€ğŸ‘¦â€ğŸ‘¦,1
:blob_super_nod@fedibird.com:,1
:spokoinoi_nochi@msk.ilnk.info:,1
ğŸ§º,1
:blobreach@misskey.m544.net:,1
:eyes_blink@misskey.io:,1
:eeyan@misskey.io:,1
:bunny_cry@.:,1
ğŸ•¥,1
:super_igyo@misskey.cloud:,1
:aruaru@papi.n1l.dev:,1
ğŸ¥²,1
:bunhd@.:,1
:parrotnotfound@.:,1
:neofox_blush_hide@msk.ilnk.info:,1
ğŸ›¶,1
ğŸ’¾,1
:windows_notepad@.:,1
:gnu_nano@.:,1
:onaka_pekosugi_no_kei@.:,1
ğŸª«,1
:qc_abandoned@.:,1
ğŸ³,1
:thinking_bread@msk.ilnk.info:,1
ğŸ•”,1
ğŸª†,1
:Unun_ai@papi.n1l.dev:,1
:sake_nonde_sleep@nonos-kitchen.net:,1
:partyk8s@.:,1
:nanmowakaran@misskey.io:,1
:blobtanuki_sticks@misskey.7ka.org:,1
:neko_tuntun_nya@kaoism.xyz:,1
:wakarux3_premis@premis.one:,1
:pblobangel@mi.halu.ink:,1
:spotify_logo@msk.ilnk.info:,1
:or@.:,1
â›·,1
ğŸ•,1
:ikaga_desita_ka__q@misskey.io:,1
:Shiropuyo_sugoi@msk.ilnk.info:,1
ğŸ¦·,1
:tiken@jiskey.dev:,1
:sasuga@misskey.io:,1
:eyes_fidgeting@koliosky.com:,1
:kukkukku_nya@summary.ink:,1
ğŸ³ï¸â€ğŸŒˆ,1
:nko_innocent_cat@misskey.betaful.life:,1
:blobcat_mudamudamuda@misskey.io:,1
ğŸ¤,1
ğŸ–,1
ğŸ‰,1
:meow_police@misskey.04.si:,1
:nikonikokirin@misskey.io:,1
:oyoo@misskey.7ka.org:,1
:ebi@misskey-square.net:,1
ğŸ“¸,1
:meow_aww@mi.tsujigoya.net:,1
ğŸ†–,1
:polarbear_partyhat@.:,1
:wasabi@.:,1
:muzukashiihanashi@fedibird.com:,1
:motimoti@mfmf.club:,1
:sakenome@nonos-kitchen.net:,1
:seigi@misskey.io:,1
:blobhyperbounce@mkkey.net:,1
:puyuyu@nonos-kitchen.net:,1
:murakamisan_hai@misskey.io:,1
:hutomomo@.:,1
:sandwich_buns_top_b@.:,1
:orenobunha@mkkey.net:,1
:neyoune@mkkey.net:,1
:Shiropuyo_wakaru@misskey.backspace.fm:,1
:blabcatbea@misskey.io:,1
:kanji_kata@.:,1
:ablobcatsnowjoy@misskey.damnx.net:,1
:ohayougozaimasu@misskey.damnx.net:,1
:agooglehearts@misskey.io:,1
:neko_hai_nya@iksky.ikasoba.net:,1
:okaeriiii__iiii@jiskey.dev:,1
:ablobcatangel@misskey.io:,1
:taiho@misskey.04.si:,1
:iya_desuwa@misskey-square.net:,1
:nchahano@nonos-kitchen.net:,1
:naruhodo@jiskey.dev:,1
:blobcat_meow_headphone@.:,1
:meowOh@mkkey.net:,1
:usa_smile@misskey.io:,1
:wakaru@msk.ilnk.info:,1
:meowhuggies@kokt.club:,1
:sonnakotodekinai@kokt.club:,1
:ablobcatattentionreverse@msk.ilnk.info:,1
ğŸ…¿,1
:aruaru@jiskey.dev:,1
:blobcatyes@misskey.m544.net:,1
:ablobcatnodveryfast@misskey.04.si:,1
ğŸ¥´,1
:ifilter_misetehoshii@msk.ilnk.info:,1
:mokomoko@mkkey.net:,1
:ayashii_nihongo@msk.ilnk.info:,1
:blobsleepless@misskey.io:,1
ğŸ“«,1
:komeda@nonos-kitchen.net:,1
:bugcat17@iksky.ikasoba.net:,1
:sadmac@.:,1
ğŸ¤¸â€â™‚ï¸,1
ğŸ™‡â€â™€ï¸,1
:neofox_facepalm@msk.ilnk.info:,1
:murakamisan_sleeping@misskey.io:,1
:mitai@msk.ilnk.info:,1
:strong0@nonos-kitchen.net:,1
:rec@nonos-kitchen.net:,1
:neko_naruhodo_nya@iksky.ikasoba.net:,1
:neko_inu_nya@iksky.ikasoba.net:,1
:5000chouen_hoshii@misskey.damnx.net:,1
:goziai_kudasaimasi@misskey.io:,1
:senko_stop@honi.club:,1
:Shiropuyo_hayai_Resonance@misskey.takehi.to:,1
ğŸš´,1
:wakaru@misskey.backspace.fm:,1
:blobcat_fu_lookingyou6_c@misskey-square.net:,1
:blobcat_kasikoi@misskey.backspace.fm:,1
:oremo@misskey.dog:,1
:uwa_xtu@minazukey.uk:,1
:neofox_scream_stare@msk.ilnk.info:,1
ğŸ…,1
:ablobcatangel@msk.ilnk.info:,1
:meowsurprised@mogeko.monster:,1
:woozy_2x@momo.dosuto.net:,1
:kusa@jiskey.dev:,1
:misskey@msk.ilnk.info:,1
:blob_nope@mkkey.net:,1
ğŸ‡¨ğŸ‡¦,1
:Everyone_is_amazing@msk.ilnk.info:,1
:shiblob_ban@.:,1
:blobtanuki_fire@fedibird.com:,1
ğŸ’»,1
ğŸ¦»,1
:sounanoka@fedibird.com:,1
ğŸ£,1
:sorehasou@koliosky.com:,1
:wakaru@koliosky.com:,1
:haaku@.:,1
:ohayougozaimasu@misskey.04.si:,1
:neko_memo_nya@fedibird.com:,1
:naruhodo@msk.ilnk.info:,1
:kusa@9ineverse.com:,1
:eyes_fidgeting@msk.ilnk.info:,1
ğŸ”‘,1
:blobclosefearful@msk.ilnk.info:,1
:happy_happy_happy_yonezu@msk.ilnk.info:,1
:kusa@msk.ilnk.info:,1
:sheep_relax_84@misskey.7ka.org:,1
:suteki2@misskey.io:,1
:sore@msk.ilnk.info:,1
:surprised_ai@misskey.io:,1
:sounano@misskey.io:,1
ğŸ»,1
:kumapu_ome@misskey.io:,1
:a@misskey.7ka.org:,1
ğŸ¦,1
:oyasumi@mkkey.net:,1
ğŸ‰,1
:gege_ltu@.:,1
ğŸª»,1
:ittare@iksky.ikasoba.net:,1
â®,1
:blob_hyperbounce@misskey.sanao.dev:,1
:polarbear_fire@misskey.io:,1
:ohayoo@fedibird.com:,1
:meowmeltcry@misskey.io:,1
ğŸª•,1
3âƒ£,1
:syuiloneko_face@misskey.io:,1
ğŸ˜’,1
:sounanda2@misskey.io:,1
ğŸ‡²ğŸ‡­,1
:blobcatmeltthumbsup@mi.ap-log.net:,1
:azamasu@.:,1
ğŸ†,1
ğŸ‘·â€â™€ï¸,1
:ios@.:,1
:moutukarecyatte@mkkey.net:,1
:neko_kitai_nya@kaoism.xyz:,1
â¤ï¸â€ğŸ”¥,1
:iiyone__ooo@misskey.io:,1
:blobtoofast@mkkey.net:,1
ğŸ—,1
:bunhd_aww@fedibird.com:,1
:kiritanpo@voskey.icalo.net:,1
:meowcry@misskey.io:,1
ğŸš¬,1
:neko_maccho_nya@fedibird.com:,1
:neko_mita_nya@kaoism.xyz:,1
:neko_inai_nya@kaoism.xyz:,1
:neko_clap_nya@kaoism.xyz:,1
:bugcatdance8@iksky.ikasoba.net:,1
ğŸ¤¼â€â™‚ï¸,1
ğŸ¦›,1
ğŸ±,1
:ablobcatpnd_ofton_kake@mkkey.net:,1
:vaccine@.:,1
ğŸ¸,1
:koukyuu@misskey.io:,1
:unun@mkkey.net:,1
:aooon@misskey.dog:,1
ğŸ«…,1
:blobhusky_cry@kaoism.xyz:,1
:hatobot@misskey.7ka.org:,1
:neko_juutai_nya@kaoism.xyz:,1
:mitsu_desu@.:,1
ğŸ”Š,1
:1f00_blobtakosan_question@misskey.gamelore.fun:,1
:blobhyperbounce@misskey.io:,1
ğŸ‰‘,1
:ablobpats@.:,1
:yubico@.:,1
:ycombinator@.:,1
â—¼,1
ğŸªˆ,1
:ultra_igyo@misskey.io:,1
:spinnycatfaster@mkkey.net:,1
:neko_test_mada_nai_nya@.:,1
:oltu@misskey.io:,1
:sinwa@misskey.io:,1
:warning_male_x_male@misskey.io:,1
:oisisou@misskey.io:,1
:araa@misskey.io:,1
:blobcat_cry@misskey.gamelore.fun:,1
:chun_petpet_een@chunchun.world:,1
ğŸ¥¢,1
:v_scode@misskey.damnx.net:,1
:yokuaru@fedibird.com:,1
ğŸƒ,1
:kamo@misskey.04.si:,1
:blobcat_long_dark_flame_beam@mkkey.net:,1
:meowawauu@misskey.io:,1
:yotimu_hai@misskey.io:,1
ğŸ§µ,1
:nakaama@misskey.io:,1
:meow_noddies@mi.tsujigoya.net:,1
:wakaru@chpk.kur0den.net:,1
:ohayou_Shiropuyo_dragon@misskey-square.net:,1
:meow_droolreach@mi.tsujigoya.net:,1
:radeon@mi.miyaco.moe:,1
:chrome@misskey.io:,1
:shark_syukka@misskey.io:,1
ğŸ,1
:blobbonecry@fedi.kugetsu.blog:,1
:blobfox_3cevil@.:,1
:sandwich_buns_bottom@.:,1
ğŸ–¤,1
:bouryoku@misskey.io:,1
:kirasiteta@.:,1
:ablobcatfloofpat@mi.okin-jp.net:,1
:ameownodfast@mi.seanut.app:,1
:blobthumbsup@onsen-musume.fun:,1
:meow_noddies@misskey.niri.la:,1
:5000t_wakaru@misskey.io:,1
:blobcatdroolreach@reax.work:,1
:darlinghq@.:,1
:ablobcatnodmeltcry@nr.akarinext.org:,1
:petthex_aShiropuyo@papi.n1l.dev:,1
:ameownod@k.lapy.link:,1
:iine@misskey.cloud:,1
:neko_nadenade_nya@kaoism.xyz:,1
:kore@misskey.io:,1
:blobfox_cute@.:,1
:static_polarbear_inverted@mi.starlamp.su:,1
:uneune@misskey.io:,1
â›²,1
ğŸ§â€â™‚ï¸,1
:hexe__ooo__kawaiine@misskey.io:,1
:blobshibafloofpat@mfmf.club:,1
ğŸ‡¯ğŸ‡²,1
:hashtag_ga_oosugiru@.:,1
ğŸ‘”,1
:blobfox_tsundere@.:,1
:blaze@misskey.damnx.net:,1
:sorehasou@misskey.io:,1
:eyes_fidgeting@iksky.ikasoba.net:,1
ğŸ‘¤,1
:wainohanashi@onsen-musume.fun:,1
:blobhusky_megumi2@mi.nekonet.cyou:,1
:emacs@.:,1
:blobhusky_hana@kaoism.xyz:,1
:blobhusky_oyasumi@kaoism.xyz:,1
:miku_smile@.:,1
:ablobcatpnd_gorogoro@misskey.damnx.net:,1
:swift@.:,1
ğŸ”†,1
:ablobaww@mkkey.net:,1
:iinaa2@misskey.io:,1
:iina_@mkkey.net:,1
:sonnakotoarunda@mkkey.net:,1
â˜ƒ,1
:ablob_blewobble@fedibird.com:,1
:ofuton@misskey.damnx.net:,1
:ai_yaysuperfast@misskey.io:,1
:eyes_fidgeting@chpk.kur0den.net:,1
:blobhusky_keirei@kaoism.xyz:,1
:blobcatfrustrationtilt@mi.tsujigoya.net:,1
:cuteblob_pat2@mfmf.club:,1
:meow_noddies@m.tkngh.jp:,1
:ablobcatheadbangfastultra@love.xn--vusz0j.life:,1
:ablobcatnodveryfast@mi.tsujigoya.net:,1
:meow_meltmelt@mi.tsujigoya.net:,1
:blobcatfrustrationtiltmelt@misskey.damnx.net:,1
:waves@.:,1
ğŸ˜¨,1
âš’,1
:takasini@mi.taichan.site:,1
:neko_toratoratoratora_trouble_nya@.:,1
ğŸªƒ,1
:tsuyoizo@reax.work:,1
:neko_nakayoshi_nya@iksky.ikasoba.net:,1
:neko_kiriri_nya@iksky.ikasoba.net:,1
:uneune@misskey.backspace.fm:,1
:sokoni_nakereba_naidesune@mkkey.net:,1
:chinchin@misskey.io:,1
ğŸµ,1
:ablobcat_iyaiya@misskey.gamelore.fun:,1
:ablobcatnod@misskey.gamelore.fun:,1
ğŸµ,1
ğŸ‡®ğŸ‡³,1
:sugoi2@misskey.io:,1
:sonnnani@fedibird.com:,1
:sonnnani@misskey.io:,1
:debian@.:,1
:ablobcatheadbangfastultra@maniakey.com:,1
:blobcat_long_beam_destory_something@mkkey.net:,1
:blobhusky_hohou@kaoism.xyz:,1
:blobcatreachmelt@chpk.kur0den.net:,1
:o@msk.seppuku.club:,1
:dekiraa@misskey.io:,1
ğŸ’ƒ,1
:zako@yumk.xyz:,1
:is_all_scam@misskey.io:,1
:blobcat_aww@fedibird.com:,1
:nasai@.:,1
:blobhusky_ofuro@kaoism.xyz:,1
âœ‹,1
ğŸ‡¾ğŸ‡ª,1
:ablobcatcoffee@misskey.io:,1
:yabai@misskey.io:,1
:icon_agamingskey@.:,1
:eyes_fidgeting@fedibird.com:,1
:b_awabeer@misskey.damnx.net:,1
:blobtanuki_ohuro@fedibird.com:,1
âœ…,1
ğŸ“®,1
:meow_bite_ones_lip@misskey.io:,1
:naigachi@misskey.io:,1
:kawaiine@misskey.io:,1
:meow_heart_melt@kblue.10rino.net:,1
:ameow_nod_hyper@ddoskey.com:,1
:ablobcat_mugyumugyu@trpger.us:,1
:molotov_kakete_agemasyoune@chpk.kur0den.net:,1
:ablobcatpnd_ofton_kake@chpk.kur0den.net:,1
:ablobcatbouncefast@firefish.ranranhome.info:,1
:saikou@misskey.io:,1
ğŸ‡¹ğŸ‡·,1
:ablobcatattentionreverse@mkkey.net:,1
:guwaa_meshi_terro_ja@misskey.io:,1
ğŸ˜¹,1
:wakarimi@misskey.04.si:,1
:attakai_mono_nonde@misskey.io:,1
ğŸ„â€â™€ï¸,1
ğŸš•,1
:mechanaki_nya@summary.ink:,1
ğŸ´â€â˜ ï¸,1
:dosbox@.:,1
:blobcat_ofton@chpk.kur0den.net:,1
:neko_uchu_neko_nya@kaoism.xyz:,1
:blobcatpnd_pukupuku@misskey.damnx.net:,1
:soudayo@mkkey.net:,1
:autumn_nya@.:,1
:ame_nya@.:,1
ğŸŠ,1
:murishinaide@mkkey.net:,1
:blobhyperbounce@misskey.damnx.net:,1
:watashi@mi.miyaco.moe:,1
:perl@.:,1
ğŸŒ–,1
:deep_arigatou_hukakukansya@misskey.io:,1
:regretcar@mkkey.net:,1
:ablobcatpnd_wanttoeat@misskey-square.net:,1
ğŸ›,1
:iessa@.:,1
:kusa@chpk.kur0den.net:,1
:ablobcatpnd_ofton_kake@papi.n1l.dev:,1
:imashime@.:,1
:iihanashi@kaoism.xyz:,1
:neko_tuntun_nya@fedibird.com:,1
ğŸ¥¥,1
:kawaiii@misskey.omhnc.net:,1
:neko_maccho_nya@misskey.sanao.dev:,1
:explosion@fedibird.com:,1
:blobcatthinkingsmirk2@nagisa.town:,1
ğŸ¦’,1
:meowcry@mkkey.net:,1
:kawaiimatsuri@misskey-square.net:,1
:puro@misskey.io:,1
â°,1
:blobcat_droolreach@mkkey.net:,1
:ablobcat_eieio@mkkey.net:,1
:ablobcatpnd_zyare@post.naskya.net:,1
:ansible@.:,1
:neko_venyas_nya@iksky.ikasoba.net:,1
ğŸŒ¾,1
ğŸ’¨,1
:blobcat_surprised@misskey.backspace.fm:,1
:ippai@misskey.io:,1
:ohayoo@mk.shrimpia.network:,1
:ameow_happypaws@post.sup39.dev:,1
:ohayoo@focalorus.io:,1
:ablobaww@mk.noyaskey.net:,1
ğŸ‘¨â€ğŸ«,1
:kirei@misskey.io:,1
ğŸ§,1
ğŸ˜¦,1
ğŸ¢,1
ğŸ‡¯ğŸ‡µ,1
:sandwich_lettuce@.:,1
ğŸ§,1
ğŸ‡¨ğŸ‡±,1
:is_all_scam@sudo.mkdir.uk:,1
:netscape@sudo.mkdir.uk:,1
ğŸ”š,1
:yatta_anm@akkoma.flyerdonut.net:,1
ğŸ’Œ,1
:ablobgoodnightreverse@mk.yopo.work:,1
ğŸ‡¸ğŸ‡¿,1
:hayakukoreninaritai@fedibird.com:,1
:blobcmereyou@msky.crawling-with-love.com:,1
:yoakeniha_shiyou@.:,1
:github@misskey.sanao.dev:,1
ğŸ,1
:neko_mechanaki_nya@kaoism.xyz:,1
:meow_ghostreach@misskey.io:,1
:blob_grin@nemudaru.uk:,1
:meowblue@misskey.damnx.net:,1
:iihanashi@nagisa.town:,1
ğŸ”º,1
:blobhusky_karikari@kaoism.xyz:,1
:neko_uchu_neko_nya@fedibird.com:,1
:ablobcat_wobwork@misskey.damnx.net:,1
:neko_dancing_nya@iksky.ikasoba.net:,1
:neko_mechanaki_nya@iksky.ikasoba.net:,1
:mogumogu_desuwa@mkkey.net:,1
:twitter@misskey.io:,1
:red_light@yumk.xyz:,1
:azarigani_dancing@misskey.gamelore.fun:,1
:inu_no_yosa@misskey.dog:,1
:igyo2@misskey.io:,1
:zetsubou_nya@mi.nekonet.cyou:,1
:mettya_wakaru@jiskey.dev:,1
:neko_unun2_nya@iksky.ikasoba.net:,1
:eyes_fidgeting@mk.shrimpia.network:,1
:blobcataww@mi.okin-jp.net:,1
â›,1
:kiken_ga_abunai@misskey.io:,1
:ne@fedibird.com:,1
:waruihanasidesuwane@mkkey.net:,1
:ablobcat_googly_mlem@misskey.7ka.org:,1
:mohaya_koremade@mkkey.net:,1
:petthex@jiskey.dev:,1
:wakarimi@jiskey.dev:,1
:ablobwobwobbleguitar@misskey.damnx.net:,1
:nikkou_abinasai@.:,1
ğŸ§Ÿâ€â™€ï¸,1
:bitcoin@.:,1
ğŸ™‰,1
:hou@fedibird.com:,1
:static_polarbear@nagisa.town:,1
:otukaresamadesuwa@mkkey.net:,1
âº,1
:blob_bongo_cat_keyboard@misskey.damnx.net:,1
:daijoubu_ask@misskey.io:,1
:kamo@mk.f72u.net:,1
:neko_dancing_nya@misskey.damnx.net:,1
:crt_noise@.:,1
:a@chpk.kur0den.net:,1
:yattane@fedibird.com:,1
:skype@.:,1
ğŸ’‡â€â™‚ï¸,1
:henkin@.:,1
:blob_cat_oh_no@misskey-square.net:,1
ğŸ‘,1
ğŸ©º,1
ğŸ‘¯,1
â›ª,1
:ai_pudding_taberu@misskey.io:,1
:ablobcat_nadenadeyou@mkkey.net:,1
:kyounookazuhasenroyo@mkkey.net:,1
:watashihausagidehanainode@mkkey.net:,1
:gotsugoushugi@mkkey.net:,1
:ohayohusky@kaoism.xyz:,1
:utsu@.:,1
:word@.:,1
:yumei@.:,1
ğŸ”µ,1
ğŸ˜µ,1
:matane@.:,1
:super_chat_500yen@misskey.io:,1
,1
:blob_goggling@mkkey.net:,1
