:noeskeychan_ohayo@.:,1443
:noeskeychan_igyo@.:,1017
:ablobcatfloofpat@.:,688
:sore@.:,605
:kawaii@.:,557
:saikou@.:,541
:kowaihanashi@.:,490
:yattare@.:,405
:ne@.:,383
:erait@.:,377
:uwa_xtu@.:,365
:iine@.:,359
:wakarimi@.:,348
:iihanashi@.:,345
:noeskeychan_pat@.:,340
:t_youkoso@.:,330
:saikyou@.:,329
:axtsu@.:,325
:oishisou@.:,324
:tashikani@.:,308
:resonyance@.:,305
:naruhodo@.:,297
:kusa@.:,294
:ameownodfast@.:,281
:tsuyoi@.:,280
:blobhai@.:,279
:mog@.:,267
:blobcataww@.:,266
:very_sad@.:,264
:noeskeychan_oyasumi@.:,237
:watakushimodesuwa@.:,229
:soudasouda@.:,229
:noeskeychan_kawaii@.:,225
:odaijini@.:,209
:sore_of_sore@.:,204
:oremoonajikimochi@.:,189
:nyanpuppu@.:,187
:ikite@.:,180
:syokubeni@.:,175
:makotoni@.:,170
:death_jpn@.:,165
:nekochan@.:,163
:blobcatbook@.:,163
:ore@.:,160
:ameownod@.:,157
:wakaru@.:,157
:okaeri@.:,157
:tiken@.:,154
:atui_kion@.:,154
:noesukimura@.:,147
:honshitsu_jouhou@.:,144
:konnichiwa@.:,141
:igyo@.:,138
:murishinaide@.:,136
:hai@.:,133
:veryx2_sad@.:,132
:sugoi@.:,127
â‰,127
:wakarimiga_fukasugiru@.:,124
:potato_100@.:,119
:meow_resonyance@.:,116
:kakkoii@.:,114
:wanpuppu@.:,114
:kami@.:,108
â¤,106
:noeskeychan_wakaru@.:,106
:ota@.:,102
:sounanda@.:,102
:ikirikids@.:,100
:thinkhappy@.:,97
:tyunpuppu@.:,96
:daijoubu_ask@.:,96
:ablobdj@.:,96
:zan_kiru@.:,95
:neyoune@.:,94
:ai@.:,93
:natu_kisetu@.:,84
:nanixth@.:,84
:ohayougozaimasu@.:,83
:ahiru@.:,82
:blobcatpolice@.:,80
:natukasii@.:,80
:buffcat@.:,77
:sorehasou@.:,76
:blobcatjustright@.:,74
â“,71
:fire2@.:,71
:daisuki@.:,71
:blobcathungry@.:,69
:blobcatgreen@.:,69
:muzukashiihanashi@.:,68
:noeskeychan_tiken_chicken@.:,67
:sonokanouseiwaaru@.:,67
:ablobcatheart@.:,66
:genbaneko_yoshi@.:,66
:yoroshiku@.:,64
:otsukaresamadseu@.:,64
:suama_tabero@.:,63
:blobcatyes@.:,63
â­•,60
:ichiriaru@.:,58
:goanzenni@.:,58
:imopuppu@.:,58
:kinisunna@.:,58
:ablobcheer@.:,57
:kanashii@.:,56
:souiutokimoaru@.:,56
:t_omae@.:,56
:ablobcatheadbangfastultra@.:,55
:yattah@.:,55
:iinoyo@.:,55
:kamo@.:,54
:sounano@.:,54
:suama_move@.:,54
:overthink@.:,54
:funsouwokaishi@.:,54
:chickencurry@.:,53
:wakatta@.:,52
:ae@.:,52
:oisisou@.:,49
:kaibunsyo_itadakimasita@.:,48
:noeskeychan_ohayo@fedibird.com:,48
:yabaidesuwa@.:,48
:omizu_nonde@.:,48
:wakarimi@misskey.io:,47
:ganbare@.:,47
:doudarou@.:,46
:blobcatfacepalm@.:,46
:kowaiwa@.:,45
:tensai@.:,45
:nattare@.:,45
:blobcatbreadpeek@.:,45
:t_ganbae@.:,44
:kawamura@.:,44
:fukai@.:,43
:ablobcall@.:,43
:omae_wo_miteiru@.:,43
:inochinokiken@.:,42
:fried_shrimp_l@.:,42
:chemical_suama_red@.:,42
:ablobcatfloofpat@fedibird.com:,40
:tvchan@misskey.io:,40
ğŸ§‚,40
:desuwa@.:,40
:blob_turtle@.:,40
:ablobcatnodmeltcry@misskey.io:,39
:ok__i__zyuusei@.:,39
:tabunsou@.:,39
ğŸ¨,38
:ablobcatlurk@.:,38
:aruaru@.:,38
:mochimochi@.:,37
:oh@.:,36
:eeyan@.:,36
:parrot_ohayo@.:,35
:gomenne@.:,35
:blobcatno@.:,34
:utsukushii@.:,34
:kaibunsyo@.:,32
:dare@.:,31
:kaere@.:,31
ğŸ‘€,30
:blobcat_frustration@.:,30
:wanchan@.:,30
:color_soldier@.:,30
:ablobhologram@.:,30
:yokatta__@.:,30
:usodausoda@.:,30
:suama_moji@.:,30
ğŸ—,29
:majisuka@.:,28
ğŸ«µ,28
:zako_zako_yowasugi@.:,27
:oishiine@.:,26
â™¨,26
ğŸ‰,26
:explosion@misskey.io:,26
:nuu@.:,26
:ii@.:,26
:parrot_thumbup@.:,26
:ohayoo@misskey.io:,25
:umai@.:,25
:sxn_shaky_breath@.:,25
:daijoubu_exc@.:,24
:donmai@.:,24
ğŸ¥”,24
:damare@.:,24
:iie@.:,24
:blobcatdrool@.:,24
:yokuaru@.:,24
:sabakan@.:,24
:un@.:,24
:erait@misskey.yukineko.me:,23
:tsuyoso@.:,23
:oltu@.:,23
:bochibochi_ikoune@misskey.io:,22
:ablobcatwobble@.:,22
:blobcatpop@.:,22
:bochibochi_ikoune@.:,22
:ekechen@.:,22
:urayama@.:,21
:blobcatthinking2@.:,21
âœ‚,21
:idai@misskey.io:,21
ğŸ¤,21
:rollsafe@.:,21
:yoito_omoimasu@misskey.io:,21
:blob_tremble@.:,21
:blobcatsweatflips@misskey.io:,21
:soukamo@.:,21
ğŸ£,20
:ittare@.:,20
:kawaii@akkoma.jasminetea.uk:,20
:kawaii@misskey.yukineko.me:,20
:kawaii@reax.work:,20
:love@misskey.io:,20
:blobcatastonished@.:,20
:odaijini@misskey.yukineko.me:,20
:nyanpuppu@misskey.yukineko.me:,20
:yabaidesuwa@fedibird.com:,20
:ai_wave@misskey.io:,20
:blobcatninja@fedibird.com:,20
:kininaru@.:,20
ğŸ,20
:menkoi@.:,20
ğŸŸ,20
:saezuruna@.:,20
:kan@.:,20
:ablobsadpats@.:,20
ğŸ¤”,20
:tasukarufes@.:,20
:ablobcatblinkhyper@.:,20
:ablobcatfloofpat@misskey.io:,19
ğŸ•”,19
:osoyoo@misskey.io:,19
:otsukare@.:,19
:arigato@.:,19
:blobcatawauu@.:,19
:blobcat_usingspice@.:,18
:blobcatcomfslep@fedibird.com:,18
:parrot_ultra_fast@.:,18
:puppu@.:,18
:sugoi@misskey.io:,18
:jigoku@.:,18
:blobcatscared@.:,18
:blobhappythink@misskey.yukineko.me:,17
:blobcatsweat@.:,17
:veryx2_sad_suama@.:,17
:blobcat_flamethrower@.:,17
:hokkuhoku@.:,17
:blobcatmeataww@.:,16
:okometabenasai@misskey.io:,16
:nandakoitsu@.:,16
:arupuppu@.:,16
:dosukebe@.:,16
:ryoriha_kagaku@.:,16
ğŸ¤,16
ğŸ”¥,16
:polarbear_fire@.:,16
:blobhai@misskey.io:,16
ğŸŒ½,16
:chemical_suamapat@.:,15
:ha@.:,15
:moyashite_nedayaso@.:,15
ğŸ”¢,15
:go@.:,15
:arigatofes@.:,15
:makotoniossharutooridesuwa@.:,15
:ablobdundundun@.:,15
:ohapuppu_@fedibird.com:,14
:yattare@fedibird.com:,14
:blobcatdonutnom@.:,14
:blobcatthinkowo@.:,14
:samui_kion@.:,14
:resonyance@misskey.io:,14
:chemical_suama@.:,14
:ablobcatknitsweats@.:,13
:yurusenai@.:,13
:kowai@misskey.io:,13
:t_sorena@.:,13
:blobcatchristmasglowsticks@.:,12
:oyasumi@fedibird.com:,12
:noesky_siteru_baaika@.:,12
:yokuaru@misskey.io:,12
:blobcatthinkOwO@.:,12
ğŸ†š,12
:parrot_beer@.:,12
:blobcatpeek@.:,12
:chinchin@.:,12
ğŸ’©,12
:blobcatnight@.:,12
:ablobcatnodmeltcry@.:,12
:blobcatcaged@.:,11
ğŸ‰,11
:gokigenyou@.:,11
:blobcatsipsmile@.:,11
:blobcatfingerguns@.:,11
:watakushidattesoudesuwa@misskey.io:,11
:tsumeta_i@misskey.io:,11
:soremomatajinsei@.:,11
:ablobcatcoffee@fedibird.com:,10
:ablobcatgooglymlem@.:,10
:igyo@fedibird.com:,10
:yoki@fedibird.com:,10
ğŸš,10
3âƒ£,10
:oishii@.:,10
:tsuyoi@misskey.io:,10
:kawaii@misskey.io:,10
:suteki2@akkoma.jasminetea.uk:,10
:kawaii_2@fedibird.com:,10
:eeyan@akkoma.jasminetea.uk:,10
:ablobcall@misskey.io:,10
:souiuhimoaru@misskey.io:,10
:kono_kasi_watasi_no_kotoda@.:,10
:blobcat_frustration@misskey.yukineko.me:,10
:hage@.:,10
:blobcathammer@.:,10
:namesuzo@.:,10
:shuranokuni@.:,10
:blobcatterrified@.:,10
:yasasisa_simiru@.:,10
:blobcatnotlikepat@.:,10
:bisyounen@.:,9
ğŸ˜,9
:sugo_sou@.:,9
:kuttare@.:,9
:abunhdsadpat@.:,9
:otintin_land_kaien@.:,9
:c_yunou@fedibird.com:,9
:aide_nantoka_natta@.:,9
:mojibake@.:,9
:hidoihanashi@.:,9
ğŸ‘Š,9
:igyo@misskey.yukineko.me:,8
:veryx2_sad_blood@.:,8
:kiaide_nantoka_naru@.:,8
ğŸ« ,8
:blobcathyper@.:,8
:pacochi_wakaru_cat@.:,8
ğŸ˜,8
:cat_ktrk_la@.:,8
:watakushidattesoudesuwa@.:,8
:kanasiihanasi@misskey.io:,8
:honmaya@.:,8
:blobcatnomouth@.:,8
:kusoatui2@misskey.io:,8
:shinri@.:,8
:hou@.:,8
:attakai@misskey.yukineko.me:,8
ğŸ–,8
:kawaiifes@.:,8
ğŸ·,7
:portalblueparrot@.:,7
:SuperFastSpin@.:,7
:oyaji_medama@.:,7
:ablobcatheadbangfastultra@fedibird.com:,7
:sore_of_sore@fedibird.com:,7
:blobcatthink@.:,7
:blobthinksmart@.:,7
:yurusanai@.:,7
:ganbare@misskey.io:,7
:blobcatjedi@.:,7
:ablobcatcry@.:,7
:parrot_ohayo_static@fedibird.com:,6
:oxtsu@fedibird.com:,6
â­,6
:blobcat_MUDAMUDAMUDA@.:,6
ğŸŒŠ,6
:kinnnikumorimorimachoman@.:,6
2âƒ£,6
:honshitsu_jouhou@misskey.io:,6
:suamasamano_gokago@.:,6
:cryblood@.:,6
:atsumori@misskey.yukineko.me:,6
:comfymusic@akkoma.jasminetea.uk:,6
:soudesuka@.:,6
:hou@akkoma.jasminetea.uk:,6
:ameownodfast@misskey.io:,6
:meow_noddies@misskey.yukineko.me:,6
:kowaihanashi@fedibird.com:,6
:ablobnod@akkoma.jasminetea.uk:,6
:blobhai@fedibird.com:,6
:igyo@misskey.io:,6
:syouki_desuno@.:,6
:suteki@misskey.io:,6
:blobcathungry@fedibird.com:,6
:genbaneko_yoshi@fedibird.com:,6
:kusodekauu_full@.:,6
:kenkyo@.:,6
:resonyance@fedibird.com:,6
:okaerinasaimase@misskey.cf:,6
ğŸš½,6
:nani@.:,6
:blobcatgooglyshrug@.:,6
:soudasouda@misskey.io:,6
:gyakudatta_kamo_shirenee@.:,6
:omaenolifeworezinitehangaku@.:,6
:oyasumi@.:,5
:iyadesu@.:,5
:ablobcatcoffee@.:,5
:bunhdheart@.:,5
:subwaytooter@.:,5
:sodane@.:,5
:muzukashiihanashi@misskey.io:,5
:ameownodfast@fedibird.com:,5
:bochibochi_ikoune@akkoma.jasminetea.uk:,5
:honsorebomba@misskey.yukineko.me:,5
:blobcatred@.:,5
:ablobcatheartsqueeze@.:,5
ğŸ’¯,5
:yasashii@.:,5
ğŸ†•,4
:ecchi@.:,4
:kiaide_nantoka_shiro@.:,4
:otoge_hurimuki@misskey.io:,4
:soudane@mkkey.net:,4
:wakarunaa@misskey.io:,4
:blobcatdevil@.:,4
:saikou@misskey.io:,4
:iihanashi@misskey.io:,4
:iihanashi_move@misskey.io:,4
:blobcatsobby@akkoma.jasminetea.uk:,4
ğŸ©,4
:soudasouda@misskey.yukineko.me:,4
:t_iroiroyabai@fedibird.com:,4
:iyadesuwa@.:,4
ğŸª¦,4
:ameowsadrain@.:,4
:aruaru@misskey.yukineko.me:,4
:blobcateyes2@.:,4
:end@.:,3
ğŸ½,3
:ohuton_kakete_agemasyoune@.:,3
:blobcatadorablepinkpat@fedibird.com:,3
:wakaru@misskey.io:,3
ğŸ¥š,3
:ultimate_igyo@misskey.io:,3
:zzzsushi@.:,3
:blobcatfearful2@.:,3
:cat_ktrk_hunt@.:,3
:polarbear_hayasugi@.:,3
:kowaihanashi@misskey.io:,3
:stableparrot@.:,3
:wakaranai@.:,3
:blobcatsleep@.:,3
:meow_resonyance@misskey.yukineko.me:,3
ğŸ˜‡,3
:gotoilet@.:,3
:igyosugiru@misskey.io:,2
:blobcatanime@.:,2
ğŸ®,2
:nyanpuppu@misskey.io:,2
:kawaiine@misskey.io:,2
:igyo@misskey.7ka.org:,2
:blobcatcoffee@.:,2
0âƒ£,2
:oki_wo_tukete@misskey.io:,2
:blobbonecry@calckey.jp:,2
:ne@misskey.io:,1
:blobcatfearful@.:,1
:yabaiwayo@misskey.io:,1
:good_knight@.:,1
:blobcatafternoon@.:,1
:ohayougozaimasu@fedibird.com:,1
:supergoodmorning@misskey.design:,1
:ohayou@misskey.yukineko.me:,1
:ohayo@mi.204.jp:,1
:blobcathero@.:,1
:blobcatgun@.:,1
:wulian@.:,1
ğŸ‘‹,1
:ohayougozaimasu@misskey.io:,1
:fuckin_cold@misskey.io:,1
ğŸŒ…,1
:guchari_blob@misskey.design:,1
:masurao@misskey.design:,1
:poayoo@misskey.io:,1
:dodekaichidaisotsu@.:,1
:omae_ga_tsukure@.:,1
:sleepingparrot@.:,1
:parrot@.:,1
ğŸ¦µ,1
ğŸ•,1
:suteki2@misskey.io:,1
:thums_up_parrot@.:,1
