:kusa_akarisou@.:,3174
:petthex@.:,2017
:uwa_xtu@.:,1825
:honshitsu_jouhou@.:,1312
:wakari_yukari@.:,1108
:soreha_hountouni_sou@.:,1050
:taiho@.:,1043
:interrobang_tubomi_akari@.:,976
:scp_504@.:,966
:igyo@.:,942
:kawaiii@.:,809
:hai@.:,800
:sonokanouseiwaaru@.:,743
:yattare@.:,737
:tiken@.:,673
:igyo_akane@.:,669
:understand_100@.:,638
:sorehasou_rostn@.:,602
:porno_poron@.:,596
:mottokatatte@.:,594
:5000t_hosii@.:,497
:onuaaaa@.:,491
:tsuyoi@.:,487
:kowaihanashi@.:,459
:ohayoo_akane@.:,446
:yoigainen_wide@.:,440
:vohai@.:,436
:kawaiifes@.:,430
:kandou_sita@.:,419
:questionmark_scroll_left@.:,417
:ee_fee@.:,393
:inochinokiken@.:,380
:a_toutoi_shinu@.:,370
:kanasiihanasi@.:,362
:akari_exv_mogumogumogu@.:,359
:watakushidattesoudesuwa@.:,358
:iihanashi_move@.:,355
:owattawa_yuki@.:,353
:omae_igyo@.:,352
:sounano@.:,349
:pat_light_dot@.:,347
:naruhodo@.:,344
:koresuki@.:,341
:akari_harapeko@.:,315
:hiltu@.:,311
:sorena_yuru@.:,308
:akari_exv_sugoi@.:,303
:ya_a@.:,303
:voskey_icon@.:,297
:oyasumi_zundamon@.:,294
:saikyou@.:,285
:igyo_fes@.:,284
:ohayou_hayo_helloplanet@.:,274
:tasikani_akane@.:,273
:wakarimiga_fukasugiru@.:,272
:igyo_wide_yuru@.:,272
:yattaa@.:,272
:kono_kasi_watasi_no_kotoda@.:,270
:igyo_ultimate@.:,263
:umasou_akari@.:,253
:ojiichan@.:,253
:aru_aru@.:,251
:umaaaai_akari@.:,247
:ohayougozaimasu@.:,247
:mama@.:,244
:kitai_wide@.:,242
:akane_fes@.:,240
:wakarimi@.:,235
:wakatta@.:,227
:aoi_excite@.:,223
:question_akane@.:,223
:suyaa_akane@.:,219
:yabaihanashi@.:,216
:otsu_tsumugi@.:,216
:zikuu_no_yugami@.:,212
:nante@.:,212
:aliexpress_mistranslation@.:,208
:nyaruhodo_itako@.:,205
:futago_shimai_yuri@.:,198
:sorena_zundamon@.:,197
:sonnakotonai@.:,197
:naita_kotone@.:,196
:karaageaaaaaa@.:,195
:kowaiwa@.:,188
:nemutte_gomakase_lagtrain@.:,188
:yametoke_yametoke@.:,183
:waa@.:,183
:tabunsou_bubuntekinisou@.:,183
:kawaii_hanashi@.:,176
:iihanashi@.:,175
:soudane@.:,174
:kekkon_siro@.:,172
ğŸ’¯,172
:soremo_seisyun_dane@.:,172
:eeyan_akane@.:,170
:tasikani@.:,167
:erojan@.:,166
:matukarisk_aaaaaaaaaaa@.:,166
ğŸ”‡,163
:kakkoii@.:,162
:tanoshisou@.:,161
:muri_aru@.:,161
:takahashi_yosano@.:,159
:kawaiikawaiikawaii@.:,159
:souiuhimoaru@.:,158
:yukari_yay@.:,157
:tukurusikanai_hoshiimonoha_wide@.:,157
:sounanda@.:,156
:kotonohashimai_kawaii_yatta@.:,153
:wakaran@.:,151
:akari_yay@.:,150
:zigoku@.:,149
:muzukashiihanashi@.:,149
:angry_maki_by03307up@.:,148
:faa_kiritan@.:,147
:sorehadoukana@.:,146
:kaibunsyou_wide@.:,145
:fastseyana@.:,144
:tensai@.:,142
:sonotoori@.:,141
:dekaaaaai@.:,141
:aa_siawaseni_nattimauyo_kyuukurarin@.:,141
:siranakatta@.:,139
:oyasumi@.:,138
:taihofes@.:,137
:thinking_tsudumi@.:,135
:supertada_hyper@.:,135
:umaihanashi@.:,135
:kiduitesimattaka_kietemoraou@.:,129
:yoshi_zundamon@.:,129
:hazukasii_yukari@.:,128
:tyuwa@.:,127
:okite_asananoda_zundamon_no_tyousyoku_mezamasi_zun_rap@.:,127
:odaijini@.:,126
:okaeri_akane@.:,126
:ittare@.:,123
:tukurusikanai_naimonoha_wide@.:,122
:nazo@.:,122
:kusodeka@.:,122
:urayamasii@.:,120
:iine@.:,120
:kiritan_yay@.:,116
:upotudesu@.:,115
:vomin@.:,115
:soukana_soukamo@.:,114
:goodluck_tkym@.:,112
:akan_akane@.:,112
:yukari_exv_iidashippenohousoku@.:,112
:aoi_yay@.:,111
:tasukarufes@.:,111
:akane_yay@.:,110
:kizuna_kawairasi@.:,109
:oyasumi_aoi@.:,109
:kaitare@.:,108
:kami_foil@.:,104
:akane_chan_kawaii_yatta@.:,103
:docchimo@.:,103
:dekai@.:,102
:houni_hureteiru@.:,101
:tyottowakaru@.:,101
:soukamo@.:,99
:eroihanashi@.:,99
:seyana@.:,99
:ima_dajarewoittane_maki@.:,99
:wasted@.:,99
:boil_all@.:,98
:hentaisandesune_kiritan@.:,98
:kyouha_yasume@.:,96
:galactic_igyo@.:,96
:thinking_akane@.:,96
:blank@.:,95
:ariel_arial@.:,95
:honmaya@.:,95
:dance_akarisou@.:,94
:inoti_daizini@.:,94
:kiritan_excite@.:,92
:totuzennosi@.:,92
:netukaku_sensou@.:,92
:iie@.:,91
:rip_hakaishi@.:,90
:nekotsukami@.:,90
:akari_tubomi_yay@.:,90
:yuri_jan@.:,90
:kattare@.:,89
:pien_rikka_by03307up@.:,89
:aaaaaaaa_aaaaa@.:,88
:kazami_heart_attack@.:,87
:joubutusiroyo@.:,84
:okidukini_narimasitaka@.:,83
:uhyo_hyohyohyo@.:,83
:mendako_rikka@.:,83
:bokudattesounanoda@.:,82
:okinu_to_iunara_kousurusika_nai_zundamon_no_tyousyoku_mezamasi_zun_rap@.:,82
:kokoroga_kootte_simattano_kuuneru_engeiza@.:,81
:genkaku@.:,80
:kotone_yay@.:,79
:hunikideyatteru@.:,78
:bakuhatu@.:,77
:koara_icalo@.:,77
:igyo_great@.:,75
:tikutiku_kotoba@.:,75
ğŸ›,75
:zenbu@.:,75
:omae_kamiesi@.:,74
:nandeyanen_akane@.:,74
:naruhodofes@.:,73
:fnd_mayday@.:,73
:hazukasii_akari@.:,72
:daisuki@.:,72
:feeffeffeffe@.:,72
:naidesu@.:,72
:shinanai_teidode@.:,72
:aaa_kyouhuu_allback@.:,72
:gotisousamadesita@.:,71
:hukeizai@.:,71
:thinking_sasara@.:,70
:igyo_hyper@.:,69
:ultra_super_deluxe_igyo@.:,68
:tukutte_wide@.:,67
:oishisou@.:,66
:tasikani_dohetaji@.:,66
:zumomomomo@.:,66
:saitamalyric_tsumugi@.:,66
:omae_yukarisan@.:,66
:furimomen_face_bygamma@.:,65
:one_yay@.:,64
:cash_trash@.:,64
:aoi_chan_kawaii_yatta@.:,64
:naruhodo_todoiwaokurida@.:,64
:kure@.:,64
:sinu_teidode@.:,64
ğŸ‘,63
:tuyosou@.:,63
:kawaisou@.:,63
:space_cat_akari@.:,62
:anataima_seishuntte_iimashitane@.:,62
:rotate_wide@.:,62
:togi_ikaro@.:,61
:erai_otaman@.:,61
:kuronuri_kuronuri_sekaiatesyokan_wide@.:,61
:nomazunihairarenai@.:,61
:kawaisou_ha_kawaii@.:,60
:gomenne@.:,60
:aru_necotsuka_alpha@.:,60
:kuttare@.:,60
:igyo_dane_ai@.:,60
:itumono@.:,59
:akari_moe_yay@.:,59
:zenbuhosiinoda@.:,59
:yorosiku@.:,59
:zikuukouzou_wo_hakaisimasita@.:,58
:igyou@.:,58
:rei_zumo_anim@.:,58
:kudasai@.:,58
:iru_haganenoishi@.:,58
:attakee@.:,58
ğŸª,58
:nanmo_wakaran@.:,58
:mareniyokuaru@.:,57
:murishinaide@.:,56
:minnamokaou@.:,56
:ikanaide_mama@.:,56
:todoiwa_like_genkotu@.:,56
:kakubakuhatu@.:,55
:rikka_face_bygamma@.:,55
:igyo_miracle@.:,54
:omae_mama@.:,54
:toutomi_mochiko@.:,54
:igyo_no_tane@.:,53
:sokonikidukutoha_yaharitensaika@.:,53
:rousokumitaide_kireidane@.:,53
:tyouzetuigyo_unoka@.:,52
:yurusan@.:,52
:unakiri_no_tare@.:,52
:adachirei_yay@.:,52
:dai_igyo@.:,52
:kowakunaiyo_rikka@.:,51
:yukari_exv_sintyokudoudesuka@.:,51
:youkoso@.:,51
â™¾,51
:supplement_nurserobo_typet@.:,50
:5sainanode_wakarimasen@.:,50
:seishun@.:,50
:tonikakugoumonda@.:,50
:hasiryadounikanaruyarogai_sekaityanto_kahutyanno_otukaigassoukyoku@.:,50
:sinogonoiwazuni_tabero_kahutyanno_curryudon_kyousoukyoku@.:,50
:yukari_policepeek@.:,50
:takahashi_fankit@.:,49
:iiyone@.:,49
:llp@.:,49
:kogekoge@.:,49
:maki_yay@.:,49
:rino_yay@.:,48
:takahashi_fankit_f@.:,48
:yametare@.:,48
:etti_ja_na_i_wide@.:,48
:futabaminato_face_bytomin@.:,48
:saxa_kousenjuu_wo_utimakure_senbonzakura@.:,48
:takahashi_face_close@.:,47
:soukana@.:,47
:usodatoitteyo@.:,47
:zundamon_yay@.:,47
:kanyousyokubutu@.:,46
:exclamation_akane@.:,46
:tokuniomae@.:,46
:mugen_igyo@.:,46
:suugaku_itiee_kara_yarinaositeyo_natsuki_karin_no_menkyo_shutoku@.:,46
:una_yay@.:,45
:omizu_nomou@.:,45
:dot_tohokukirintan_ue@.:,45
:syougaku_5nensei_dakara_wakannai@.:,45
:syorui_souken@.:,45
:igyo_super@.:,45
â¤,44
:arigatofes@.:,44
:igyo_ultra@.:,44
:akari_exv_gatangoton@.:,44
:nattare@.:,44
:heartbongo_akari_high@.:,44
:mashiro_yay@.:,43
:rinottyatta@.:,43
:syokeinozikanha_gogosanzi_akunomusume@.:,43
:konton_chaos@.:,43
:ariaru_face_bygamma@.:,43
:kane_ga_hosii@.:,43
ğŸ¤”,43
:toke_yukari@.:,43
:etti_nanoha_touroku_sinai@.:,43
:uhyo_rino@.:,43
:geigekiyoui_koiha_sensou@.:,43
:aoi_dj@.:,42
:zunda_mochi@.:,42
:psycholes@.:,42
:yokuyatta@.:,42
:todoiwa_okuri@.:,41
:moti_moti@.:,41
:omae_vomin@.:,41
:daitaiatteru@.:,40
:omae@.:,40
:koharurikka_nowonsale@.:,39
:oootituke@.:,39
:asayozini_nanisiterundesuka@.:,39
:silence@.:,39
:nande_nande_nande_nandeyo_natsuki_karin_no_menkyo_syutoku@.:,39
:ariaru_yaxa_wide@.:,38
:saikou@.:,38
:tutinoko_rikka@.:,38
:voti@.:,38
:sayonara@.:,37
ğŸ‘,37
:waraitomanneeyo@.:,37
:maki_policepeek@.:,37
:soremo_igyo_dane@.:,36
:chiisai@.:,36
:hummer@.:,36
:eenyade@.:,35
:yasasii_sekai_yasai_seikatu@.:,35
:matsukarisk@.:,35
:yuzuru_yay@.:,35
:sigotoga_hayai@.:,35
:jaws_akari@.:,35
:kininaru@.:,35
:omaewomiteiruzo@.:,35
:hazukasii_kotone@.:,34
:kazami_face_sad@.:,34
:omae_gouseionsei@.:,34
:dousihite_kazami@.:,34
:okawari_itadake@.:,34
:nouhakai@.:,34
:ai_yay@.:,33
:yukari_excite@.:,33
:damedesu_yuzuru@.:,33
:kinisunna@.:,33
:14_3billion_years_later@.:,33
:giri_aru@.:,33
:yukari_sizuku_yay@.:,33
:ultrafastparrot@.:,32
:44_3_hansin_kankeiarahenyaro@.:,32
:ai_excite@.:,32
:netuizyou@.:,32
:kizuna_akari_logo@.:,31
:otititutuke@.:,31
:zituzai@.:,31
:kanyousyokubutu_dakara_wakannai@.:,31
:kizuna_onnanoko@.:,31
:moutasukaranaizo@.:,31
:saitama_shape@.:,31
:police_cap@.:,31
:oreni_kiku@.:,31
:umasou@.:,31
ğŸ”¥,30
:ohayoo@misskey.io:,30
:peppermint_oil@.:,30
:sintyoku_0@.:,30
:onikutabenasai@.:,30
:omukae_site_yukari@.:,30
:lemon_siboru@.:,30
:kao_ga_ii@.:,30
:dousite_namidagatomaranai_akunomesitukai@.:,30
:arimasu@.:,30
:omae_suki@.:,30
:sinkokuna_error_ga_hasseisimasita_hatunemikuno_syousitu@.:,30
:akari_policepeek@.:,30
:kizuna_yasasisa@.:,29
:kiritanpo@.:,29
:seyana_siboru@.:,29
:monthly_tokyo6_day@.:,29
:ebihurai@.:,29
:zunko_yay@.:,29
:ohayougozaimasen_aoi@.:,29
:kiritan_policepeek@.:,29
:zenbuga_wakattano_wide@.:,28
:mukityoueki@.:,28
:zundamon_exv_zundadaimyouzin@.:,28
:end_nhk_nihil_de_handsome_na_kitsune@.:,28
:baretaka@.:,28
:matareyo@.:,28
:tsuinami@.:,28
:okaeri@.:,28
:sentakuita@.:,28
:happyend@.:,28
:utyuu@.:,27
:kiritan_kirakira_friday@.:,27
:chifuyu_face_bygamma@.:,27
:karaage@.:,27
:soremo_saitama_dane@.:,27
ğŸ’¥,27
:fee_yay@.:,26
:seika_yay@.:,26
:tachibana@.:,26
:tsumugi_yay@.:,26
:voiced_mochocho@.:,26
:tsudumi_yay@.:,25
:heartbreak@.:,25
:doruru@.:,25
:yogurt_kakete_agemasyoune@.:,25
ğŸŸ,25
:portal_zundamon@.:,25
:youkai@.:,25
:boukyaku@.:,25
:akari_moe_policepeek@.:,25
:insert_half_width_space@.:,25
:wakarisou@.:,24
:ariaru_yaxa@.:,24
:nico_hon_building@.:,24
:kanzenni_rikai@.:,24
:kaisyakuchigai_mf@.:,24
:sonnani@.:,24
:oreomae@.:,24
:omae_kiritan@.:,24
:itako_yay@.:,24
:daisuke_yukari@.:,24
:omae_akarityan@.:,23
:space_zundamon@.:,23
:yurusu@.:,23
:fastparrot@.:,23
:ai_love@.:,23
ğŸ«µ,23
:_n@.:,23
:nero_unoka@.:,23
:saiban_wo_kaisi@.:,23
:exclamation_tkym@.:,23
â€¼,23
:kotonoha_yukari@.:,23
:babumi@.:,22
:no_motivation_yarukiganai@.:,22
:curry_udon@.:,22
:karin_face_bygamma@.:,22
:tikutiku_tikubi@.:,22
:minato_yay@.:,22
:hurry_up@.:,22
:stungun@.:,22
:tengoku@.:,21
:takapuppu@.:,21
:hazukasii_fee@.:,21
:imasugu@.:,21
:soreha_ai_datta_kyozoukairi@.:,21
:kotopuppu@.:,21
:soumen@.:,21
:urusee_siranee_ff@.:,21
:japanese_india_otaru@.:,21
:yasashii_sekai@.:,21
:seisyun_sitare@.:,21
:syouninyokkyuu_monster_rikka@.:,21
:hakai@.:,21
:aa_pankogekogeni_nattyatta@.:,21
:bungou@.:,20
:bath_towel_yukari_mozituki@.:,20
ğŸº,20
:renote_spin@.:,20
ğŸ’¸,20
:yukari_exv_ctrlshayakuose@.:,20
:kuritamaron_face_book@.:,20
:saihan_kibou@.:,20
:dangerous_igyo@.:,20
:sasara_yay@.:,20
:imagachance@.:,20
ğŸ‡¨ğŸ‡³,20
:hutomomo@.:,20
:ioriyuzuru_face_bygamma@.:,19
ğŸ‘€,19
:tyoudokyuu_igyo@.:,19
:dance_zundamon@.:,19
:kazami_face_happy@.:,19
:shirankedo_akanechan@.:,19
:eeyan@.:,19
:atasi_vampire@.:,19
:yogurt@.:,19
:soremo_aokan_dane@.:,19
8âƒ£,19
ğŸ”ª,18
:hirameita@.:,18
:una_megane_yay@.:,18
:gouseionsei_o_tukurusika_nai@.:,18
:ia_yay@.:,18
:seyana_seyana@.:,18
:miriaru_face_bygamma@.:,18
:seizure@.:,18
:minna_oneetyan_ni_siteyaru@.:,18
:itako_face_bygamma@.:,18
:rinopuppu@.:,18
:yurushite@.:,18
:mousou_tomanneeyo@.:,18
ğŸ’ª,17
:dot_kedamakimaki_anime@.:,17
:koregawakaranai@.:,17
:wakuwaku_exv_akari@.:,17
:bingo_ochiai_okuri@.:,17
:omae_zundamoti@.:,17
ğŸ,17
:zisyu@.:,17
:omae_frimomen@.:,17
:one_yay_offbeat@.:,17
:nuigurumi@.:,17
:rotate@.:,17
:soremo_aomori_dane@.:,17
:kimotiyosugidaro@.:,17
:gun_red@.:,17
:mousou_wo_kaisi@.:,17
:misete@.:,17
:impact_zundamon_nuigurumi_xxxxx_zunda@.:,17
:tyou_igyo@.:,16
:kasikoi@.:,16
:zunko_face_bygamma@.:,16
ğŸ£,16
:osi_cp@.:,16
:no_time_yarukiganai@.:,16
:voskey_icalo_net@.:,16
:aratana_igyo@.:,16
âŒ,16
:rino_yuru@.:,16
ğŸ‘‰,16
:oneechan@.:,16
:bath_towel_yukari@.:,16
:kotone_dj@.:,16
:yuunou@.:,16
:smile_otaru@.:,16
:hayonete@.:,16
0âƒ£,16
:follow_sitare@.:,16
:zikan@.:,16
â­•,16
:omae_kiyudukiyukattanaiyukaritasiimono@.:,16
:kojin_unei_yazo@.:,16
:akari_tubomi_policepeek@.:,16
:fee_logo@.:,16
:otu@.:,15
:hattare@.:,15
:kizuna_koe@.:,15
:omae_kami@.:,15
:kosshori@.:,15
:agetare@.:,15
:yukari_face_byszk01@.:,15
:waaai@.:,15
:marudeimiga_wakaranzo@.:,15
:upotsu_nhk@.:,15
ğŸªƒ,15
:omaeore@.:,15
:flag@.:,15
:env_epid@.:,15
:sakuya_yay@.:,15
:shigotosiro_uta@.:,15
ğŸª«,15
:maki_face_bykoronkou@.:,15
:metan_yay@.:,15
:sorena_renote@.:,15
:tukuyomi_chan_yay@.:,15
:voicepeak@.:,15
:unjust_judgment@.:,15
â¬›,15
:ore_wo_sintyoku_ni_sitekure@.:,15
:yukarisan_ga_oosugiru@.:,14
:sinzitu@.:,14
:shiteyanyo_miku@.:,14
:rino_face@.:,14
ğŸ¥,14
:okometabenasai@.:,14
:obaachan@.:,14
:yurisitto@.:,14
:makimi@.:,14
:sayo_to_wakaiseyo@.:,14
:noda@.:,14
ğŸ‰,14
:gainen@.:,14
:gun_blue@.:,14
:gameover@.:,14
:nazono_sozai@.:,13
:zetudai_igyo@.:,13
:kotone_yay_offbeat@.:,13
:kiduite_simatta@.:,13
:_ti@.:,13
:sinkan_kudasai@.:,13
:ai_o_tukurusika_nai@.:,13
:honzituha_syuuryousimasita@.:,13
:negi@.:,13
:todoiwa_okuri_kaihi@.:,13
:omae_ririsetyan@.:,13
:_na@.:,13
:hodou_simasu@.:,13
:_ne@.:,13
:kibou@.:,13
ğŸ¥¬,13
:school_mizugibu@.:,13
:mita@.:,13
ğŸŒ²,13
:reaction_shooting@.:,13
:nanoda@.:,13
:ok_kedamaki@.:,13
:fes@.:,13
:omaerawarauna@.:,13
:emojisinsei_ga_oosugiru@.:,12
:attou_tekini_igyo@.:,12
:minnaminna_vomin@.:,12
:tsunosekotone_face_bygamma@.:,12
:makimaki_no_youna_nanika@.:,12
:soremo_suki@.:,12
:tanoshimi@.:,12
:voiro@.:,12
:dot_tohokukirintan_naka@.:,12
:rino_face_bysozamizu@.:,12
:dakarakiniitta@.:,12
:fediverse@.:,12
:allial@.:,12
:zunda_wide@.:,12
:kawaiii@misskey.io:,12
ğŸ§Š,12
:omae_aoityan@.:,12
ğŸ‡¬ğŸ‡§,12
:igiari@.:,12
:averuni@.:,12
:asi_ga_ii@.:,12
:one_echan@.:,12
ğŸ¨,12
:me_sora@.:,12
:io@.:,12
:yukarisan_desukedo@.:,12
:_ga@.:,12
:tyoudo_kirashiteta@.:,12
ğŸš“,12
:ebimint@.:,12
:usagi_face_by01@.:,12
:meitantei@.:,12
:sukinamono_zenbutumekome_yaminabe@.:,12
:houraku_manju_wide@.:,12
:dare@.:,12
:oyasumisskey@misskey.io:,11
:kizuna_akarui@.:,11
:onemi@.:,11
:eimin@.:,11
:hazukasii_hutabaminato@.:,11
:unagi_no_tare@.:,11
:kaisyakuitti@.:,11
ğŸ‡ºğŸ‡¸,11
:saitama_hiragana@.:,11
ğŸ¤,11
:koregasugoi_rino@.:,11
:omaemoka@.:,11
:_ko@.:,11
:_prolong@.:,11
:legend_igyo@.:,11
ğŸµ,11
ğŸ‘Š,11
:ositaositare@.:,11
:kokoroga_65535aru@.:,11
:all_nippon_airways_logo@.:,11
ğŸ‡®ğŸ‡³,11
:gokudai_igyo@.:,11
:yakinikunotare@.:,11
:owakari_itadake@.:,11
:super_tokyo6_day_666@.:,11
:rino_ru@.:,11
:omae_makimaki@.:,11
:ayasii_japanese@.:,11
ğŸ”«,10
ğŸ†š,10
:tsukurusikanai_naimonoha@.:,10
:hazukasii_teto@.:,10
:nanami@.:,10
:thx_tkym@.:,10
:zumo@.:,10
:cp_natsukikarin2_wide@.:,10
:miku_yay@.:,10
:BEA_logo@.:,10
:kiritami@.:,10
:shambles@.:,10
:natsuiro@.:,10
:3days_later@.:,10
:yuduki_yukari_aivoice_sd@.:,10
:sabusukee@.:,10
:doushite_wide@.:,10
â‰,10
:nunubami@.:,10
:coko@.:,10
:kyouzin@.:,10
:rinottare@.:,10
:nico_koukoku_gold@.:,10
ğŸ¦‘,10
:kakete_agemasyoune@.:,10
:dai_arigatofes@.:,10
:hazukasii_shizukuyukari@.:,10
ğŸ‡©ğŸ‡ª,10
ğŸ“º,10
:yoigainen@.:,10
:16t@.:,10
:badend@.:,10
:seihekihakai@.:,10
:armagedagna_purgatoria@.:,10
:deadend@.:,10
:muteki@.:,10
:supertada@.:,9
:yattaru@.:,9
:haumi@.:,9
:yukarisan_kakete_agemasyoune@.:,9
:teto_face_byszk01@.:,9
:yukarisan_tukurusika_nai@.:,9
ğŸ¦‹,9
:emo@.:,9
:jr_hokkaido_logo@.:,9
:microbikini_bu@.:,9
:etti_ja_nai@.:,9
:yukari_nagi_dj@.:,9
:voicepeak_logo@.:,9
:tikaragahosiika@.:,9
:rta@.:,9
:omae_shuotyan@.:,9
:_ltsu@.:,9
:doushite@.:,9
:sekaide_itiban_ohimesama_world_is_mine@.:,9
:orenoturn@.:,9
:imihumei@.:,9
:yukarimi@.:,9
:mattore@.:,9
:darkside@.:,9
:chocomintice@.:,9
:jinseini_nitemasune@.:,9
:miserarenainoda_zundamon@.:,9
:paradox_icon@.:,9
:shitakara_tsudumi@.:,9
:odoru_tukuyomi_ai@.:,9
:5000t_hosii@misskey.io:,9
:gyuxtu@.:,9
:tvchan@.:,9
âœ‚,9
:takahashi_hiragana@.:,9
:sityou_dekimasen@.:,9
:tomarunjaneezo@.:,9
ğŸ…,9
:chocomintice_eiya_1@.:,9
:one_dj@.:,9
:zumo_emoticon@.:,9
:saretai_wide@.:,9
ğŸ,9
:aivoice_logo@.:,9
:steam@.:,9
:chocomintice_eiya_2@.:,9
:zetubou@.:,9
:kizuna_moe@.:,9
:north_atlantic_treaty_organisation@.:,9
:minnatigatte_minnawarui@.:,9
:monday@.:,8
:omae_adachirei@.:,8
:watasimo_yattanndakarasa_wide@.:,8
:_ha@.:,8
:tukutte@.:,8
:kaisyuusareta_voicerecorder_yori@.:,8
:akari_tubomi_yay_offbeat@.:,8
:karisen@.:,8
:odakyu_logo@.:,8
:_su@.:,8
:twitter@.:,8
:san@.:,8
:_ka@.:,8
:_ri@.:,8
ğŸ“ˆ,8
:akari_yay_offbeat@.:,8
:kotonoha_tubomi_b@.:,8
:todoiwa_logo@.:,8
:dj_ai@.:,8
:minnaminna_yukarisan@.:,8
:omaedattanoka@.:,8
:tukuyomi_chan_yay_offbeat@.:,8
:v1_wide@.:,8
:hazukasii_sasara@.:,8
:_nu@.:,8
:dekiraa@.:,8
:gainen_syugyo@.:,8
:urone_if_yay@.:,8
:akari_mark@.:,8
:hosituki_no_tare@.:,8
:tukuyomimura_okuri@.:,8
ğŸ“±,8
:omae_rinotyan@.:,8
:zosu@.:,8
:coeiroink_logo@.:,8
:houtyou_mimi@.:,8
:qed_syoumeikanryou@.:,8
:ninti_site@.:,8
:meimeihimari_face_by01@.:,8
:daitokai_hakodate@.:,8
:fediverse_ttare@.:,8
:_ru@.:,7
ğŸ‰,7
:kizuna_akari_aivoice_sd@.:,7
:matteru@.:,7
:imadesyo@.:,7
:tsunosekotone_face_bytomin@.:,7
ğŸ˜¥,7
ğŸ¦€,7
:zenra_taiki@.:,7
:tukurusikanai_hoshiimonoha@.:,7
ğŸ¥º,7
ğŸ˜®,7
ğŸ»,7
:watashi_yukarisan@.:,7
:_ta@.:,7
:tokimeki_itiriaru@.:,7
:asumi@.:,7
:ariyorinoari@.:,7
:_mi@.:,7
:gainenkougi@.:,7
:aasi@.:,7
:taisen_arigatougozaimasita@.:,7
:igyo_no_tare@.:,7
3âƒ£,7
:shota_face_byashbee@.:,7
ğŸŸ,7
:watasihasukinisita_kimiramosukinisiro@.:,7
â—€,7
:_do@.:,7
:uresii@.:,7
ğŸª“,7
ğŸ¥ƒ,7
:gumi_face_byconchiglie@.:,7
:seyana_right@.:,7
âš’,7
:sin@.:,7
:cp_ia_wide@.:,7
ğŸ§ ,7
ğŸ†’,7
:onakasuita@.:,7
:warsaw_treaty_organization@.:,7
:kawaii2@misskey.io:,7
:tsumugimi@.:,7
:heartbongo_akari@.:,7
:cevio_ai_logo@.:,7
:kotonoha_no_tare@.:,7
:yadaaa_akarimoe@.:,7
ğŸ¦Š,7
:nagiyukari_face_byszk01@.:,6
:_bu@.:,6
:houboku_zundamon_step@.:,6
:akarisou@.:,6
:kizuna_ahureru@.:,6
:shinchoku_100@.:,6
â˜”,6
:_a@.:,6
7âƒ£,6
ğŸœ,6
:_mo@.:,6
:rin_face_bysozamizu@.:,6
:miku_yay_offbeat_wide@.:,6
:tukuyomimura@.:,6
âš¡,6
:pinkside@.:,6
:rei_face_byszk01@.:,6
ğŸŒ³,6
:_o@.:,6
:tyouzetu_igyo@.:,6
â›©,6
:_ki@.:,6
ğŸ¥”,6
:zundamoti_tukurusika_nai@.:,6
:shitakara_sasara@.:,6
:ositare@.:,6
:oretoku@.:,6
:osuwari@.:,6
:daikansya@.:,6
:i_love_igyo@.:,6
:omae_toukousya@.:,6
:numattare@.:,6
ğŸ«‘,6
:tohoku@.:,6
:akanemi@.:,6
ğŸ§‚,6
:bl@.:,6
:daitare@.:,6
:boredparrot@.:,6
ğŸš—,6
ğŸŸ¥,6
ğŸª¶,6
:bdos_xp@.:,6
:shinya_tension@.:,6
:yukari_mark@.:,6
:enbun_hokyuu@.:,6
ğŸ˜­,6
ğŸ‡ºğŸ‡³,6
:usagimi@.:,6
ğŸŒ,6
:millial@.:,6
:huwahuwa_tikubi@.:,6
:kotonoha_rope_aivoice@.:,6
:seiheki_sakuragaoka_okuri@.:,6
ğŸ¦–,6
:sad_tkym@.:,6
:donna_microphone_mo_nigirimasu@.:,6
ğŸ‘ˆ,6
:ahaha@.:,6
:voiceroid2@.:,6
:ozisan@.:,6
:kyouzin_tuyoi@.:,6
ğŸš…,6
:iori_zuru@.:,5
:igyo@misskey.io:,5
ğŸš,5
â“,5
:jodogahama@.:,5
:kuronuri_kuronuri_sekaiatesyokan@.:,5
:nicotta@.:,5
:dot_akarisou@.:,5
:nemu@.:,5
:orewo_voiceroid_ni_sitekure@.:,5
:zunda2@.:,5
:_tsu@.:,5
:holyknight_benizakura@.:,5
:tundere@.:,5
:love_tkym@.:,5
:omae_yukityan@.:,5
:gelato@.:,5
:coefont@.:,5
:keio_logo@.:,5
:sorena_face_bysozamizu@.:,5
:shityou_shimashita@.:,5
:kiritan_face_bygamma@.:,5
:wearevoskist@.:,5
:_shi@.:,5
:akanetyan_yade@.:,5
:yubisaki_ga_ii@.:,5
:hayaku_koreni_naritai@.:,5
:omae_takahashi@.:,5
:seyana_normal@.:,5
:seyana_gaming@.:,5
:yukityan_desukedo@.:,5
:akarityan_desukedo@.:,5
:yasasii_sekai_yarasii_sekai@.:,5
:_ro@.:,5
:hazukasii_otoutoyuduki@.:,5
:ia_echan@.:,5
:yuduki_joukan@.:,5
:_u@.:,5
ğŸ¥©,5
ğŸ†,5
ğŸŒŠ,5
ğŸ©,5
:tyouetu_igyo@.:,5
:render_epid@.:,5
:kokoroga_hutatuaru@.:,5
:hutaba_minato_icon@.:,5
ğŸ¥§,5
:hide_content_de_kakusite_love@.:,5
ğŸ‡·ğŸ‡º,5
:_po@.:,5
ğŸ”¼,5
:goodjob_fee_by03307up@.:,5
:omae_seikasan@.:,5
:seyaroka@.:,5
:yukari_yay_offbeat@.:,5
:una_megane_yay_offbeat@.:,5
ğŸ‘‹,5
:houboku_zundamon@.:,5
:_ku@.:,5
:nuidare@.:,5
ğŸ—»,5
ğŸ‘½,5
â˜€,5
:oniichan@.:,5
ğŸš,5
:cp_shota_wide@.:,5
5âƒ£,5
:te_te@.:,5
:oretatino_tatakai_utikiri@.:,5
ğŸ›,5
:report_seika@.:,5
:win_a_case@.:,5
:omedetougozaimasu@.:,5
ğŸ’’,5
ğŸ¥ª,5
:axe_alpha@.:,5
:diamante_principalities@.:,5
:murabito@.:,5
:maki_yay_offbeat@.:,5
:thinking_tsudumi_by03307up@.:,5
:muzihi@.:,5
ğŸ«‚,5
:kawaiine@misskey.io:,4
ğŸ’¤,4
ğŸš‘,4
:kotonemi@.:,4
:iori_mei@.:,4
:kiritan_yay_offbeat@.:,4
:una_yay_offbeat@.:,4
:hazukasii_shota@.:,4
:mochikomi@.:,4
:hime_tukareta_byasumaya@.:,4
:parrot@.:,4
:mutsu_yay@.:,4
:omae_koharuri@.:,4
:tyoudo_kirasiteta@.:,4
ğŸ’£,4
ğŸ“¸,4
ğŸ,4
:aerofloat_logo@.:,4
:ohaabudesuwa@.:,4
:hashtag_igyo@misskey.io:,4
:_re@.:,4
:_yu@.:,4
:imouto_o_tukurusika_nai@.:,4
â–¶,4
:_no@.:,4
:_i@.:,4
:kanaetekudasai_imasuguni_dream_girl@.:,4
:_sa@.:,4
:_pu@.:,4
:kazami_souichi_norm@.:,4
:go@.:,4
:otaru@.:,4
ğŸª‘,4
:kink_epid@.:,4
:hime_crazy_byasumaya@.:,4
ğŸ´,4
:naikara_tsukutta@.:,4
:seirenvoice_logo@.:,4
:shiki_rowen@.:,4
ğŸ“¶,4
:question_tkym@.:,4
:kusa@misskey.io:,4
:karaage_tukurusika_nai@.:,4
:saikou@misskey.io:,4
:_ma@.:,4
:hayakumokokorogaoresou_oremasita_hatunemikuno_bousou@.:,4
:shiki_g@.:,4
:akumu@.:,4
:feenoise_yay@.:,4
ğŸ©¸,4
â™»,4
:sasapuppu@.:,4
:_exclamation_mark@.:,4
ğŸ‡¦ğŸ‡·,4
ğŸ·,4
ğŸ“¹,4
:_ya@.:,4
ğŸ°,4
:konosyunkanwo_matteita@.:,4
:rino_yay_offbeat@.:,4
:ia_yay_offbeat@.:,4
â¤ï¸,4
:sisoku_metan@.:,4
:koi@.:,4
:houboku_zundamon_narehate@.:,4
ğŸ§…,4
ğŸ§„,4
:kangaetakunai_nigedasitai_towanituduku_gosenhu@.:,4
ğŸ,4
:yukari_manju@.:,4
ğŸ¶,4
:bitchutakahashi_okuri@.:,4
:omae_yuzurukun@.:,4
:omae_mikotokun@.:,4
:minnatigatte_minnaii@.:,4
:nekomimi_mfm@.:,4
ğŸ› ,4
:kizuna_yukari@.:,4
:minnaminna_onetyan@.:,4
:dance_uncommon@.:,4
:hinode_ken_sd@.:,4
ğŸƒ,4
ğŸ’,4
:konohanasihayamerunoda_yameyame_zundamon@.:,4
:sapporo@.:,4
:wakeha_ira_nai_nda_mechanologic@.:,4
:kakkokawaii@misskey.io:,4
:watasi@.:,4
ğŸˆ,4
ğŸ˜†,4
:nanimo_ira_nai_kara_mechanologic@.:,4
:aoba@.:,4
ğŸ‡¦ğŸ‡º,4
ğŸ§­,4
:hoko_tsuina@.:,4
:_so@.:,4
ğŸ˜¨,4
:zunda_taberunoda@.:,4
:dairantou@.:,4
:sakuya_yay_offbeat@.:,4
ğŸ¬,4
*âƒ£,4
:yokikana@.:,4
:_da@.:,3
:sasara_face_byszk01@.:,3
:seyana@misskey.io:,3
:kizuna_akaruku@.:,3
:kawaisugidaro@misskey.io:,3
:aoi_forager@.:,3
:aoi_yay_offbeat@.:,3
:akari_moe_yay_offbeat@.:,3
:gouhou@.:,3
:zundamon_yay_offbeat@.:,3
ğŸ‚,3
:rest_tkym@.:,3
:hazukasii_sora_kyushu@.:,3
:arukedo_tsukutta@.:,3
:blobcatlove@calc.menac.at:,3
:cevio_ai@.:,3
:fufufu_akane@.:,3
:is_all_scam@misskey.io:,3
â›½,3
:hosiimono_ga_oosugiru@.:,3
ğŸ‡¬ğŸ‡±,3
:unconstitutionality@.:,3
:takehiro_yay@.:,3
:hukuzatusoudakedo_hukuzatudaze@.:,3
ğŸ§€,3
:quadparrot@.:,3
:_to@.:,3
:_lya@.:,3
ğŸª¨,3
:kizuna_tubomi@.:,3
ğŸª,3
:sakichami@.:,3
ğŸ’©,3
:minasekoo@.:,3
:vocaloid@.:,3
:aoi_desu@.:,3
:otaru_city@.:,3
ğŸ¥,3
ğŸš€,3
:bustup_mikoto_byasumaya@.:,3
:minnaminna_yuzurukun@.:,3
:galtu@misskey.io:,3
:aivoice_icon@.:,3
:twinsseyana@.:,3
âœˆ,3
:karaage_ga_oosugiru@.:,3
ğŸ—¼,3
ğŸ²,3
ğŸ”´,3
:omae_feetyan@.:,3
ğŸ˜‡,3
:tangemi@.:,3
ğŸŒ,3
ğŸ‡¦ğŸ‡±,3
:likea@.:,3
:_te@.:,3
ğŸ’,3
:_ni@.:,3
:_he@.:,3
:yukarisou@.:,3
ğŸ•,3
:vocalo@.:,3
ğŸ¥¶,3
ğŸ”Œ,3
ğŸ,3
ğŸ¤¢,3
:kiss_sitare@.:,3
:hinode_ken@.:,3
:fee_face_byszk01@.:,3
:calorie_zero@.:,3
:houboku_zundamon_bisyoujo@.:,3
:tanpo@.:,3
ğŸ‡®ğŸ‡ª,3
:kotonoha_koto@.:,3
:mikoto_icon@.:,3
:hime_icon@.:,3
â¬‡,3
:cp_ia@.:,3
:gobaku@.:,3
ğŸ›€,3
ğŸ°,3
â˜£,3
âŒ¨,3
ğŸ°,3
:macaron@.:,3
ğŸ†—,3
ğŸ®,3
:iori_i@.:,3
ğŸ§²,3
ğŸŒ,3
:yuzuru_bell_aivoice@.:,3
:_wa@.:,3
:voicevox@.:,3
ğŸ‘ƒ,3
:hasyagi_sugi__iiiiii@misskey.io:,3
:bakusi@.:,3
:frimomen@.:,3
ğŸ‹,3
:omae_kousensei@.:,3
:voiceroid_logo@.:,3
â›ª,3
:gomugomugomugomupadopadododadadodadapapadodopupububuuudobubugugutetipomemebubububububububu@misskey.io:,3
:cp_kizunaakari2_wide@.:,3
:kitai@.:,3
:osi@.:,3
:takahashi_face_bysoramizu@.:,3
:hirikinawatasiwo_yurusitekure@.:,3
:seiheki_ni_sasaru@.:,3
:boil_all_imperative@.:,3
ğŸ‡¨ğŸ‡¿,3
:netabare@.:,3
ğŸŸ¦,3
ğŸ¥—,3
:oriduru_no_se_ni_inori_wo_hukikonda@.:,3
â“‚,3
:kiwamete_igyo@misskey.io:,3
ğŸ´,3
:omae_unoka@.:,3
:tanoshimi_wide@.:,3
:mottare@misskey.io:,3
:omae_akanetyan@.:,3
:twaresi@.:,3
:shotami@.:,3
:mastodon@.:,3
:coeiroink@.:,2
:kawaii_xtu__i@misskey.io:,2
ğŸ‘»,2
ğŸ¤š,2
:soudasouda@misskey.io:,2
ğŸ“,2
:wakarimiga_fukasugiru@misskey.io:,2
:sangatsu_tsuitachi_de_gozaimasu@misskey.io:,2
:kenzaki_mesuo@.:,2
:saikyou@misskey.io:,2
:sinitai@.:,2
:sayomi@.:,2
:otomachiuna_logo_una@.:,2
:zunda@.:,2
:akarimi@.:,2
:discord@.:,2
â›ˆ,2
:kazami_face_normal@.:,2
:_ge@.:,2
:hanakumachihuyu@.:,2
:fes@misskey.io:,2
:kaibunsyou@.:,2
ğŸšŒ,2
ğŸ‘,2
:yosano_party@misskey.io:,2
:bdos_win10@.:,2
ğŸ³,2
:kafu@.:,2
:_za@.:,2
:cp_fee@.:,2
ğŸ„,2
ğŸ¥›,2
ğŸ ,2
:_gu@.:,2
:uti_akanetyan@.:,2
:niconico_namahousou@.:,2
:ymm@.:,2
ğŸ”¨,2
:akapuppu@.:,2
ğŸ¦Ÿ,2
ğŸ‡¦ğŸ‡¹,2
:yandere@.:,2
:dot_tohokukirintan_sita@.:,2
ğŸ¶,2
:sora_haruno_face@.:,2
ğŸ™,2
:uta@.:,2
:_fu@.:,2
ğŸ’¡,2
ğŸ•º,2
ğŸ,2
:100mankai_saiseisitare@.:,2
:ohohohoho@.:,2
:_go@.:,2
:hime_bird_byasumaya@.:,2
:koresuki@misskey.io:,2
:hazukasii_miku@.:,2
ğŸ´ó §ó ¢ó ¥ó ®ó §ó ¿,2
:omae_onetyan@.:,2
:shiki_taigen@.:,2
:bluebird_frozen@misskey.io:,2
:nyanpuppu@misskey.io:,2
:miyano_yay@misskey.cloud:,2
ğŸ›¸,2
:murakamisan_yoshi@misskey.io:,2
:omae_karaage@.:,2
ğŸ¤¯,2
:hime_icon_byasumaya@.:,2
:otoutoyuduki_face_byszk01@.:,2
â›,2
:saitama_emblem@.:,2
ğŸ¢,2
:boil_nothing@.:,2
ğŸ¦ˆ,2
:yuduki_koe@.:,2
:man@.:,2
ğŸ–¼,2
ğŸ«§,2
ğŸ’¢,2
:_ke@.:,2
ğŸ›,2
ğŸ˜˜,2
â˜,2
ğŸ”—,2
:aoityan_yade@.:,2
:yujyurururu@.:,2
ğŸ˜,2
ğŸ¤›,2
:iinesitare@.:,2
:kafu_face_byszk01@.:,2
:kotone_face_byszk01@.:,2
:jugyou@.:,2
4âƒ£,2
:kono_kasi_watasi_no_kotoda@misskey.io:,2
ğŸ‘Ÿ,2
ğŸ–,2
:sama@.:,2
:yuduki_sizuku@.:,2
:zunko_yay_offbeat@.:,2
:itakomi@.:,2
:kotarou@.:,2
ğŸ§¹,2
:turai@.:,2
ğŸ•¹,2
ğŸŒ•,2
:aichanmi@.:,2
:omae_karisen@.:,2
:galaco@.:,2
:petthex_japanesecake_real@misskey.io:,2
ğŸ¦’,2
:kaito_face_bysozamizu@.:,2
:hahaltu@.:,2
ğŸ”,2
:omae_chifuyutyan@.:,2
:aviutl_0xc0000005@.:,2
:cp_hutabaminato@.:,2
:cp_tsunosekotone@.:,2
:iori_ori@.:,2
:koharuri@.:,2
:_de@.:,2
ğŸ™,2
:gl@.:,2
:yuduki_otonabita@.:,2
ğŸ€,2
ğŸ–,2
:mi_@misskey.io:,2
:dase@.:,2
:osizukani_onegaisimasu@misskey.io:,2
:korea_railroad_logo@.:,2
:watashimo_yattandakarasa@.:,2
:i_hope_so@.:,2
:zinrou@.:,2
ğŸœ,2
ğŸš²,2
ğŸŒ,2
:nakomi@.:,2
â¬…,2
ğŸ¥•,2
:akane_yay_offbeat@.:,2
:akane_hi_dot@.:,2
ğŸ¥š,2
:murakamisan_tutinoko@misskey.io:,2
:kouhunsita@.:,2
:mikoto_icon_byasumaya@.:,2
ğŸ‡ºğŸ‡¦,2
ğŸ§,2
ğŸ§™â€â™€ï¸,2
:exvoice@.:,2
:grill_all@.:,2
ğŸ‡°ğŸ‡µ,2
ğŸ‡§ğŸ‡©,2
:tate_tsuina@.:,2
:koko_ga_rakuen_ka@misskey.io:,2
9âƒ£,2
:hayaku_koreni_naritai@misskey.io:,2
ğŸª›,2
:ofuchobetto_shita_tefu_wo_mabugaddo_shite_ritto_ni_suru_yousu@misskey.io:,2
ğŸ²,2
:cp_tsurumakimaki_wide@.:,2
:ryuusei@.:,2
:akari_face_byszk01@.:,2
ğŸ’€,2
:omae_kaito@.:,2
:ttmi@.:,2
ğŸ‘“,2
ğŸ,2
:fiimi@.:,2
:japan_airlines_logo@.:,2
:tyan@.:,2
:daijoubuda_mondainai@.:,2
âš§,2
ğŸ¥,2
:cando@misskey.io:,2
:gokimi@.:,2
ğŸ‡,2
:kurosunomiya_tintinerblum_lilin@.:,2
ğŸ•¶,2
:honwaka_res_suisyou_desu@.:,2
:kawaii@misskey.io:,2
ğŸ ,2
:parrot_thinking@misskey.cloud:,1
:taiko_ura@misskey.io:,1
:kyun_heart@misskey.io:,1
ğŸ•˜,1
:omedetou@misskey.io:,1
ğŸ§‘â€ğŸš€,1
:yuzuki_yukari_logo@.:,1
:yosugi@misskey.io:,1
:itako_yay_offbeat@.:,1
:unagimi@.:,1
:dareda_imano@misskey.io:,1
:soudesu@misskey.io:,1
:omae_wo_miteiru2@misskey.io:,1
:shinchoku_10000@.:,1
:hammer_and_sickle@misskey.io:,1
:flyingdisc@misskey.io:,1
â˜,1
:minnnadaisuki@mattyaski.co:,1
ğŸ«¤,1
:shikei@misskey.io:,1
:one_face_byamagiri@.:,1
:kiyoteru_face_byamagiri@.:,1
:kiyoteru@.:,1
:lily_face_byconchiglie@.:,1
:giman@misskey.io:,1
:cevio@.:,1
:yosano_akiko_is_always_watching_you@misskey.io:,1
ğŸ‡·ğŸ‡´,1
:usairways_logo@.:,1
:meitetsu_logo@.:,1
:is_all_scam2@misskey.io:,1
:china_state_railway_group_icon@.:,1
:qantas_airline@.:,1
:okhotsk@.:,1
:kamidouga_foil@.:,1
:_kka@.:,1
:yuduki_noaru@.:,1
:_zu@.:,1
:omae_averuni@.:,1
:cp_takahashi@.:,1
ğŸšš,1
:watasi_vomin@.:,1
ğŸ­,1
ğŸ’´,1
:ara_suteki@misskey.io:,1
:kotonoha_tubomi@.:,1
ğŸƒ,1
â„¹,1
ğŸ†“,1
ğŸ‡©ğŸ‡°,1
ğŸ‡±ğŸ‡»,1
ğŸ‡µğŸ‡ª,1
:hazukasii_sora_haruno@.:,1
:upottare@.:,1
ğŸ£,1
:ablobcatfloofpat@misskey.io:,1
ğŸŒ¼,1
âšª,1
ğŸ‡µğŸ‡¦,1
:yuki@.:,1
ğŸ˜,1
ğŸ‰,1
â†©,1
ğŸ ,1
:_pa@.:,1
:omae_nunubamisama@.:,1
:miku_yay_offbeat@.:,1
:otomachi_spicy_logo@.:,1
:oyoo@misskey.io:,1
â˜ ,1
â˜‚,1
ğŸ¤,1
:wakaru@misskey.cloud:,1
:kakoku@misskey.io:,1
:eeyan_2@misskey.io:,1
ğŸ’°,1
ğŸ€„,1
:otomachiuna_logo_full@.:,1
:katikaku@misskey.io:,1
:oneechan_tukuru_sika_nai@.:,1
:blobcatopenmouth@misskey.cloud:,1
:watakushidattesoudesuwa@misskey.io:,1
:bunhdthinking@misskey.cloud:,1
ğŸµ,1
:logo_chifuyu@mis.shiokazehs.jp:,1
:logo_rikka@mis.shiokazehs.jp:,1
:blobcatfearful@misskey.cloud:,1
:neru_wayo__i@misskey.io:,1
:cp_tohokuzunko_wide@.:,1
ğŸª†,1
:yattare@misskey.cloud:,1
:blobcathungry@misskey.cloud:,1
:thinkingdesk@misskey.cloud:,1
:parrot_sorena@misskey.cloud:,1
:sasarami@.:,1
:kowaihanashi@misskey.io:,1
:oshimai@misskey.io:,1
:_zi@.:,1
ğŸ¤«,1
:parrot_sorena@misskey.io:,1
ğŸŒ‹,1
ğŸˆ³,1
:soukamo@misskey.io:,1
:voicevox_error@.:,1
:miku_face_byszk01@.:,1
ğŸ€,1
ğŸ‡§ğŸ‡ª,1
:vjtakagi@misskey.io:,1
:yaitare@.:,1
:scp_foundation_cc_by_sa_3_0@misskey.io:,1
ğŸ’¦,1
:meow_cowboy@misskey.io:,1
:tyotto_konbini_ittekuru@misskey.io:,1
:_gi@.:,1
:tsudumi_yay_offbeat@.:,1
:ryoukai@misskey.io:,1
:meowtilt@misskey.io:,1
ğŸ‘‘,1
ğŸ†–,1
ğŸ¥,1
ğŸŒ¦,1
:shota@.:,1
ğŸŒƒ,1
ğŸªŸ,1
:youtube@.:,1
ğŸ—‘,1
:hazukasii_tsudumi@.:,1
ğŸµ,1
ğŸ¥“,1
:ifilter_misetehoshii@misskey.io:,1
:horoboshimashou@misskey.io:,1
:maki_face_byamagiri@.:,1
ğŸ¤–,1
:onikutabenasai@misskey.io:,1
ğŸ‡³ğŸ‡±,1
:yattane@misskey.io:,1
:ohayo@misskey.io:,1
:ohayougozaimasu@misskey.cloud:,1
:omae_kotonetyan@.:,1
:iami@.:,1
âš¾,1
:cp_kasaneteto_wide@.:,1
ğŸ‘®,1
ğŸ¯,1
â˜•,1
ğŸ«,1
:metanmi@.:,1
â†™,1
:tukuyominotare@.:,1
:_hi@.:,1
:genbaneko@calc.menac.at:,1
:yuduki_yukari_sizuku_sd@.:,1
:iine@misskey.io:,1
:yuki_kaori_norm@.:,1
:siosaki_kazuki_norm@.:,1
:announce_bu@.:,1
:deep_arigatou_hukakukansya@misskey.io:,1
ğŸ”,1
:yarigati@.:,1
ğŸ•³,1
:boysbe_necotsuka_beta@.:,1
ğŸš°,1
:aruyo3@misskey.io:,1
ğŸ«,1
ğŸš´â€â™€ï¸,1
:shinchoku_10@.:,1
:unoka_ka@.:,1
:kuritami@.:,1
:melonpan@.:,1
:igyo@misskey.cloud:,1
:adachirei_yay_offbeat@.:,1
:yukari_hi_dot@.:,1
:syounin_yokkyuu_monster@misskey.io:,1
ğŸˆ,1
:omae_kasaneteto@.:,1
âœ,1
:souiutokoyazo@.:,1
ğŸ‡²ğŸ‡¬,1
:yami_wo_kakeru_shikkoku_no_ryotak@misskey.io:,1
ğŸ¤°,1
ğŸ‰,1
:toukou_simasita@.:,1
ğŸ¦•,1
:imouto_blue@.:,1
ğŸ‡¹ğŸ‡­,1
ğŸ¢,1
:_be@.:,1
ğŸ–±,1
ğŸ•“,1
:blank@nijimiss.moe:,1
ğŸ‡®ğŸ‡©,1
:cp_kaito@.:,1
:shizukuyukari_face_byszk01@.:,1
:otomachiuna_face_byusufu@.:,1
â™’,1
ğŸš¢,1
ğŸ¥‹,1
ğŸ¥¦,1
ğŸ¸,1
ğŸ‘¨â€ğŸ«,1
:blobcatheartbongo@misskey.io:,1
:ohayo_whisky__i@misskey.io:,1
:resonyance@misskey.io:,1
:ohayou@misskey.io:,1
:warera_no_hikari@misskey.io:,1
ğŸ‘,1
:iori_yu@.:,1
ğŸ‡¸ğŸ‡¹,1
ğŸš§,1
:watashi_yukityan@.:,1
:watasi_feetyan@.:,1
âš ,1
ğŸˆ,1
:aviutl_notresponding@.:,1
:mujun@misskey.io:,1
:today_break@misskey.io:,1
:kawaisou@misskey.io:,1
:a@misskey.io:,1
:_ze@.:,1
ğŸ„,1
:yurusimasu@misskey.io:,1
ğŸŒˆ,1
:cp_sayo_wide@.:,1
:parrot_right@.:,1
ğŸ´â€â˜ ï¸,1
:_bo2xyrun_@mk.shumihub.net:,1
:nondare@misskey.io:,1
:otachan_drinking@misskey.io:,1
ğŸš”,1
:omae_uroneif@.:,1
:okuttare@.:,1
:sounanda@misskey.io:,1
:cp_natsukikarin@.:,1
:sore@misskey.io:,1
ğŸ¥¤,1
ğŸ¤œ,1
:kowaiwa@misskey.io:,1
:turnend@.:,1
:chu@misskey.io:,1
:ablobblewobble@misskey.io:,1
ğŸŸ©,1
ğŸ’ƒ,1
:galako_face_byashbee@.:,1
:seimeikatudou_wo_teisi@misskey.io:,1
:_tt6k0ezl_@mk.shumihub.net:,1
ğŸ“ƒ,1
:sitai_wide@.:,1
:sinsi@.:,1
ğŸ›’,1
ğŸ«“,1
â­,1
:naminemi@.:,1
:blobcat_frustration@misskey.io:,1
:ureshii@misskey.io:,1
:ablobhydraulicpress@misskey.cloud:,1
:hazukasii_ai@.:,1
:hirometare@.:,1
ğŸ«–,1
:sitai@.:,1
:justdoit_zundamon@.:,1
:gozasourou@misskey.io:,1
â˜,1
:chigauno@misskey.io:,1
:psychic_taiho@misskey.io:,1
:suteki2@misskey.io:,1
:kasi_ni_kyoukan_sita@misskey.io:,1
â˜¦,1
:_bo@.:,1
:yuri_jan@misskey.io:,1
ğŸ¡,1
:totemo_kawaii@misskey.io:,1
:omae_recotyan@.:,1
:omae_nakotyan@.:,1
:saikou_sugiru@misskey.io:,1
ğŸ…°,1
:good_channel_bell_ttare@.:,1
:akane_face_byamagiri@.:,1
â†—,1
â©,1
ğŸª£,1
ğŸ«²,1
:kokokara_hagasu@misskey.io:,1
ğŸ¨,1
ğŸ§¼,1
:daisuki@misskey.io:,1
:today_karma@.:,1
:tadasii_japanese@.:,1
:ablobcall@misskey.io:,1
:watasi_nimo_wakaran@misskey.io:,1
:hanami@.:,1
:tyotto_nuitekuru@misskey.io:,1
:yukarinosato@.:,1
:ohayo_katakana@mi.mashiro.site:,1
:zundamon_face_bytsudetsun@.:,1
ğŸ”,1
:love_parrot@misskey.cloud:,1
:omae_zundamon@.:,1
:tsukuyomi@.:,1
:_bi@.:,1
:murakamisan_tutinoko_crawling@misskey.io:,1
:murakamisan_tutinoko_rolling@misskey.io:,1
:neko_scp_040_jp_Ikr_4185_cc_by_sa_3_0@misskey.io:,1
:kazami_souichi@.:,1
:custom_emoji@.:,1
2âƒ£,1
ğŸ®,1
:emergency@misskey.io:,1
:kounanido_contents@.:,1
:tukuritaino_ga_oosugiru@.:,1
:_question_mark@.:,1
ğŸŒ,1
ğŸŒ¹,1
:cp_natsukikarin_wide@.:,1
:tokuni_omae@misskey.io:,1
ğŸ›,1
:matteta@.:,1
ğŸ›¬,1
:ahaha_tententen@misskey.io:,1
:senko_stop@calc.menac.at:,1
ğŸ’™,1
âœ’,1
:ecchi_konro_tenka@misskey.io:,1
:joubutsushite_clemence@misskey.io:,1
ğŸ‡²ğŸ‡´,1
ğŸ‡­ğŸ‡°,1
:kaito_face_byamagiri@.:,1
ğŸ©,1
:meijitsutomonitaikin@misskey.io:,1
:unokami@.:,1
ğŸšƒ,1
:iie@misskey.io:,1
:ojousama@.:,1
ğŸ•¸,1
:unoka_no@.:,1
ğŸ’¿,1
:kawaii@misskey.cloud:,1
âœ¨,1
:yakinikunotare@misskey.io:,1
:shikokumetan_face_bytsudetsun@.:,1
:_li@.:,1
ğŸ’§,1
:doltu@misskey.io:,1
ğŸ§”,1
:orewo_cevio_ni_sitekure@.:,1
:kawaikute_sinda@misskey.io:,1
:gyakudatta_kamo_shirenee@misskey.io:,1
ğŸ¦,1
ğŸ•Š,1
ğŸ»,1
ğŸ”,1
ğŸ­,1
:iizo@misskey.io:,1
:meowtea@calc.menac.at:,1
:kotonoha_koto_b@.:,1
:cp_yudukiyukari2_wide@.:,1
:kiritannoyama@.:,1
:sintaku@.:,1
:namaewo_ittehaikenai_reino_are@.:,1
:kenja_time@.:,1
ğŸ™,1
:cp_tsurumakimaki@.:,1
:gumi@.:,1
:flying_money@misskey.io:,1
ğŸ¹,1
:kousiki@.:,1
:ai_yay@misskey.io:,1
:bochibochi_ikoune@misskey.io:,1
:thinking_sunriseovermountains@misskey.io:,1
:blobhai@misskey.io:,1
ğŸ—,1
:yukari_sizuku_yay_offbeat@.:,1
:miku_face_bysozamizu@.:,1
:kenzen@.:,1
:omae_himetyan@.:,1
:megamoji_igyou@mk.shumihub.net:,1
:_lyu@.:,1
:dekiraa@misskey.io:,1
:yoki@.:,1
ğŸ¡,1
:_se@.:,1
:aviutl@.:,1
:send_gil_with_mogletter@misskey.io:,1
:letterpack_de@misskey.io:,1
âœ‰,1
ğŸŠ,1
ğŸ­,1
ğŸ,1
:do_not_insert_half_width_alphanumeric_characters@.:,1
ğŸ»,1
ğŸ™Œ,1
:seirenvoice_icon@.:,1
ğŸ¥,1
:zangyou@.:,1
:custom_emoji2@.:,1
:_ho@.:,1
ğŸŸ§,1
ğŸ™Š,1
ğŸ¥´,1
:verifiedsabakan@misskey.io:,1
ğŸ’¨,1
ğŸ‡±ğŸ‡°,1
ğŸ‡²ğŸ‡°,1
:sorehasou@misskey.io:,1
ğŸ”Ÿ,1
ğŸ¦,1
ğŸ“,1
