:supergoodmorning@.:,16189
:patblob@.:,11118
:iidesune@.:,10534
:kawaiii@.:,8615
:supecialgoodnight@.:,8299
:blob_pencheer@.:,7699
:ohayougozaimasu@.:,7079
:yoi@.:,6260
:igyo@.:,6109
:kawaii@.:,5964
:blobnod@.:,4521
:suteki2@.:,3969
:otsukaresamadseu@.:,3760
:yo@.:,3731
:fufu@.:,3729
:wakaru@.:,3551
:oishiso_blob1@.:,2881
:suteki@.:,2850
:gojiai@.:,2650
:ohayo@.:,2556
:wakaru2@.:,2449
:sugokusugoi@.:,2362
:kakoii@.:,2271
â¤,2224
:okaeri@.:,2071
:chiken@.:,1903
:kirei@.:,1887
:beko@.:,1843
:nya_nod@.:,1717
:blobmonster@.:,1466
:naruhodo2@.:,1431
:blobdance@.:,1389
:blobigyoumochi@.:,1376
:tsuyoi@.:,1351
:oyasumi@.:,1294
:utsukushii@.:,1278
:oishii@.:,1269
:blobmonster_cry@.:,1253
:kawae@.:,1207
:kakkoyo@.:,1196
:arigatougozaimsu@.:,1189
:maanantekoto@.:,1130
:aruaru@.:,1102
:nandato@.:,1019
:oyasuminasai1@.:,988
:omedetou@.:,984
:blobgoodnight@.:,978
:watakushidattesoudesuwa@.:,964
:oisisou@.:,919
:arama@.:,904
:suki@.:,902
:saikou2@.:,898
:rekishininokoru_daiigyo@.:,895
:honmasorena@.:,871
:kininaru@.:,844
:death_tale@.:,844
:gokigenyou@.:,842
:kyawaii@.:,840
:kaogaii@.:,839
:sukida@.:,832
:iiyumewo@.:,790
:tasikanichan@.:,779
:iine_1@.:,777
:ijin@.:,718
:kawaiimatsuri@.:,705
:kangeikourin@.:,704
:blob_sob@.:,690
:erai@.:,679
:gogo@.:,666
:nekochan@.:,658
:kusa2@.:,645
:blobigyou@.:,638
:yosugi@.:,629
:nonbiri@.:,628
:yokatta@.:,617
:horagai@.:,617
:subarashii@.:,605
:rainbowbeko@.:,598
:bekobanging@.:,593
:blobrainbowdance@.:,584
:hoshii@.:,582
:murisezu@.:,577
:sugoi@.:,575
:nya_rainbow@.:,565
:odaijini@.:,563
:yattare@.:,541
:ohayoo@misskey.io:,519
:tasukarumatsuri@.:,517
:blobthumbsup@.:,512
:iine@.:,504
:blob_omizunomu@.:,498
:oshare@.:,493
:iiyone@.:,485
:blobhi@.:,478
:iiyone2@.:,475
:sutekinahanashi@.:,458
:itooshii@.:,440
:sugokuwakaru@.:,437
:soudasouda@.:,431
:kuttare@.:,431
:saikou@.:,422
:nante@.:,415
:hie1@.:,414
:sounano@.:,413
:iihanashi@.:,402
:igyo_maturi@.:,397
:souiutokimoaru@.:,395
:sonnnaa@.:,386
:irogaii@.:,380
:kawaiihanashi@.:,377
:nya_paku@.:,375
:saikou3@.:,375
:ittera@.:,372
:kiwotsukete@.:,372
:oyasuminasai@.:,363
:kusa@.:,362
:nenne@.:,362
ğŸ‘,359
:pawaa@.:,346
:iishigoto_shitemasune@.:,343
:blobdrool@.:,342
:hie2@.:,340
:inochi@.:,337
:sonokanouseihaaru@.:,337
:araaraara@.:,336
:kanzendoui@.:,331
:blobcheer@.:,325
:yattaa@.:,323
:blobwuw@.:,321
:akushusiyou@.:,315
:omizunome@.:,314
:ablobsmilehappy@.:,314
:tanoshimi@.:,312
:tensai@.:,304
:naruhodomatsuri@.:,303
:zenbusuki@.:,293
:loveandcry@.:,290
:ufufu@.:,288
:kokemusuhodoijin@.:,287
:muzukashiihanashi@.:,286
:gekiatu@.:,285
:dekai@.:,282
:itterassyai@.:,281
:oyasumisskey@misskey.io:,279
:mecchaii2@.:,278
:masurao@.:,278
:parinai@.:,277
:majidegozaruka@.:,277
:koresuki@.:,275
:sukidesu@.:,275
:gohan@.:,272
:arigatakihappiness@.:,270
:sore2@.:,265
:sukoyaka@.:,260
:kanashiihanasi@.:,257
:eenyade@.:,257
:blobhappybounce2@.:,256
:sorehasou@.:,255
:archaic_blob2@.:,254
:egarasuki@.:,251
:yatta@.:,251
:ittare@.:,250
:anatanosakuhinsekaiichi@.:,249
:uooooo@.:,249
:blobdog@.:,248
:doui@.:,244
:biglove@.:,244
:blobcattea@.:,242
:natsukashii@.:,242
:blob_hiyaase@.:,239
:ningen@.:,239
:inu@.:,238
:touhyouzumisyou@.:,235
:shien@.:,235
:god@.:,234
:oyasunasai@.:,227
:gyoi@.:,225
:sonotoori@.:,222
:soukamo@.:,222
:daikoubutsu@.:,221
:blobroll@.:,217
â‰,211
:ai@.:,211
:wakuwaku@.:,201
:esuki@.:,200
:igyo@misskey.io:,197
:tasukatta@.:,196
:ultrahyperthanks@.:,194
:akan@.:,192
:kyounoigyou@.:,192
:mecchaii@.:,191
:blob_knifes@.:,191
:watashimoimasu@.:,191
:kakapoppo@.:,191
:blob_heartcatch@.:,187
:arigatomatsuri@.:,186
:mitai_1@.:,186
:konbanwa@.:,186
:tori_sora_mochi_mae@.:,186
:d_ne@.:,184
:sore@.:,184
:sorena@.:,183
:odore@.:,183
:setsuaru@.:,181
:honshitujouhou@.:,180
:osorosikuhayai@.:,180
:ehehe@.:,179
:haisensu@.:,177
:tashikani2@.:,177
:mayocorn_walking@.:,177
:mofu1@.:,172
:daisuki@.:,172
:kyomupat@.:,172
:tanoshii@.:,170
:sekaiheiwa@.:,170
:ett@.:,169
:tsuyosou@.:,168
:nantoiukotodeshou@.:,168
:kawaiishugou@.:,168
:attoutekikansha@.:,168
:kowaihanashi@.:,167
:iizo@.:,167
:blob_hug@.:,162
:nanboattemoiidesukarane@.:,162
:honmaya@.:,161
:carnival@.:,159
:nemure@.:,157
:happy@.:,157
:daijoubudamondainai@.:,155
:blobsaboten@.:,155
:spaceblobchan@.:,153
:blobmusician@.:,152
:yasashii@.:,148
:futsukushii@.:,147
:jisseki@.:,147
:blobobake@.:,146
:handclap@.:,145
:happybounce@.:,144
:onajiku@.:,144
:uresii2@.:,143
:doushite@.:,143
:wahaha@.:,142
:daisukizamurai@.:,142
:karaage@.:,142
:mahou@.:,142
:aaaaaaaaa@.:,141
:iyaiyabeko@.:,139
:yasasiisekai@.:,139
:kansha@.:,138
:ultrasou@.:,135
:gatt@.:,135
:hai@.:,134
:blob_question@.:,134
:eee@.:,134
:arigatakishiawase@.:,133
:konokashiojosamanokotoda@.:,132
:cozynap@.:,132
:kawaii2@misskey.io:,131
:hajimattana@.:,130
:mayocorn_zetubou@.:,129
:soreda@.:,128
:kinnniku@.:,127
:osoyou@.:,127
:eeyan@.:,126
:sexy@.:,126
:twunku@.:,126
:kakkokawaii@.:,126
:soudayo@.:,125
:toutoi_1@.:,123
:kowai_hanashi@.:,121
:ouen@.:,121
:soukamo_tori01@.:,120
:paradice@.:,118
:konnichiwa@.:,118
:saikyou@.:,117
:blobpyon1@.:,116
:tensainoshogyou@.:,116
:dott@.:,115
:waai@.:,114
:soukamo_2@.:,113
:kowa@.:,112
:setsunaihanashi@.:,112
:attakai@.:,111
:superthanks@.:,109
:haa@.:,109
:kinosei@.:,108
:bakedmochocho@.:,108
:wasshoi@.:,107
:beer@.:,106
:wahahablobchan@.:,106
:ojousama@.:,105
:ouenshitemasu_2@.:,105
:yosi@.:,103
:sawayaka@.:,103
:money@.:,102
:umasugi@.:,102
:blobdog_2@.:,102
:hou@.:,102
:iyashi@.:,102
:igyou_ex@.:,101
:hikari@.:,101
:blob_hearts_powa@.:,101
:yattaze@.:,100
:dancebattle@.:,99
:tanosindekitene@.:,99
:juyou@.:,99
:wakaran@.:,97
:sorehadoukana@.:,97
:shinri@.:,97
:sou@.:,96
:blob_yes@.:,96
:elegant@.:,96
:kuukikansuki@.:,95
:kawaiii@misskey.io:,94
:blobofuro@.:,94
:kukuku@.:,94
:nyaan@.:,94
:tabetai@.:,93
:currynome@.:,91
:blobcar@.:,91
:kooriiru@.:,90
:chikenmatsuri@.:,89
:daijoubu@.:,88
:nanigahajimarundesu@.:,88
:suzuyaka@.:,88
:seechicken@.:,86
:yuushou@.:,86
:yattane@.:,85
:osakana@.:,83
:omoshiroihanashi@.:,82
:ultimatethankyou@.:,81
:suteki2@misskey.io:,81
:cracker@.:,81
:kyun@.:,81
:kokyakugamotometeitamono@.:,80
:nekoblob_buruburu@.:,80
:coffeebreak@.:,79
ğŸ‰,79
:emoi@.:,79
:otukarefes@misskey.io:,79
:sukisugiru@.:,78
:tikenbanban@.:,77
:tsuyokuikite@.:,76
:nanikanonda@.:,76
ğŸ£,75
:tatakau@.:,74
:youkoso@.:,73
:bumpofchicken@.:,73
:blobblankettea@.:,73
:daijoubudesu@.:,72
:soregaii@.:,72
:tanoshiminisiteruze@.:,72
:ganbare@.:,71
:mochimochi@.:,71
:kiss@.:,70
:superarigatou@.:,70
:chickennanban@.:,70
:guchari_blob@.:,69
â¤ï¸,69
:jingaimatsuri@.:,69
:kawaisokawaii@.:,68
:kawaii_xtu__i@misskey.io:,68
:gahaha@.:,68
:legend@.:,68
:kokoronigoodkuru@.:,68
:_bikkuri@.:,68
:archaic_blob1@.:,67
:100_rainbow@.:,66
ğŸœ,66
:iinoyo@.:,66
:pro@.:,66
:jumyouganobita@.:,65
:kawaiifes@misskey.io:,65
:heee@.:,65
:blob_bikkuri@.:,65
:sadblob@.:,64
:shinjitsu@.:,63
:sekaikan_suki@.:,63
:aaaa@.:,63
:tanoshimimashou@.:,63
:blobhai@misskey.io:,62
:sugokufushigi@.:,62
:ikite@.:,61
:d_po@.:,60
:uhyoo@.:,60
:gufufu@.:,60
:yami@.:,60
:funso@.:,60
ğŸ†,60
:egao@.:,60
:moi@.:,60
:maturida@.:,59
:arigato@.:,59
:blob_tenshishouten@.:,59
:oyatsu@.:,59
:iyawayo@.:,58
:sumitai@.:,58
:soreijouhaikenai@.:,58
:_hatena@.:,57
:yasac@.:,57
:tere_blob@.:,57
:bubuntekinisou@.:,57
:fushigi@.:,57
:otsukare@.:,56
:mitai@.:,56
:yabadesuwa@.:,56
:kattare@.:,56
:sakufuusuki@.:,55
:chu@.:,55
:blobliedown@.:,55
:pen_light@.:,55
:handclap_kansya@.:,55
ğŸ¦€,54
:eiyouso@.:,54
:tabunsou@.:,53
:megaflare@.:,52
:m_osusume@.:,52
:blob_gyu_hug@.:,52
:doerai@.:,52
:tasikani@.:,51
:giniyottesukedachiitasu@.:,51
:blob_nayami@.:,51
:nigeru@.:,51
:gensouteki@.:,51
:dokidoki@.:,50
:blob_sentaku@.:,50
:oreoreoreore@.:,49
:setsunai@.:,49
:wakatta@.:,49
:iie@.:,48
:isshoniganbaro@.:,48
:dehe@.:,47
:honmani@.:,47
:sokoniaru@.:,47
ğŸŸ,47
:oon@.:,46
:omoshiroi@.:,46
:oyosininatte@.:,46
:genkoushienkousen@.:,46
:aaaaa@.:,45
:kanac@.:,45
:tunacan_misskeyn@.:,45
:takuminowaza@.:,44
:sukosifushigi@.:,44
:orenimakasero@.:,43
:kawayoi@misskey.io:,43
:babu@.:,43
:loading@.:,43
:souzousin@.:,43
:nekoblob_heart_dokidoki@.:,43
:ohoho@.:,42
:kaitare@.:,42
:sanhunkandancing@.:,42
:hai_3@.:,42
:saikou@misskey.io:,41
:shigotogahayai@.:,40
:sokoninakerebanaidesune@.:,40
:daitaiatteru@.:,40
:nanrakanomatsuri@.:,40
:youkoso_2@.:,40
:tsukuttare@.:,39
:blobhot@.:,39
:itoshiihanashi@.:,39
:misuhai@.:,39
:blobmonster_yubisashi@.:,39
:festival@.:,39
:yomimasu@.:,38
:oremoyaru@.:,38
:_kawaii@misskey.art:,38
:blobpyon2@.:,37
ğŸ›,37
:niceoji@.:,37
:otukaresama@misskey.io:,37
:super_igyo@misskey.io:,37
:watakushimoshiritaidesuwa@.:,37
ğŸ®,36
:oyukinasai@.:,36
ğŸ‘€,36
ğŸ«‚,36
:moutasukaranaizo@.:,35
:hai_2@.:,35
:ochitsuite@.:,35
:ablobcall@misskey.io:,35
:dekiruze@.:,35
:majide@.:,35
:wipouen@.:,35
:minogasityaune@.:,34
:meshikue@.:,34
:kakome@.:,34
:maasuteki@.:,34
:blobcatheartbongo@misskey.io:,33
:tanoshiihanashi@.:,33
:iine@misskey.io:,33
:kinishinaide@.:,33
:nazo@.:,33
:oumasan@.:,32
:taishitamonodesune@.:,32
:yurigasakimasu@.:,32
:choudokirashiteta@.:,31
:sasuga@.:,31
:nekoblob_ikaku@.:,31
:kawaiine@misskey.io:,31
:sasari_makuri@.:,31
:yomimashita@.:,31
:gosanke@.:,31
:maturinoyokan@.:,31
:oregairudaro@.:,30
:flychiken@.:,30
:blobnosakebi@.:,30
:fusetasakinishikou@.:,30
:yannya@.:,30
:itowokashi@.:,30
:blob_cat_hi@.:,30
:petthex_blobcatmeltcry@misskey.io:,29
:sebastian@.:,29
:blobcatfactory_2@.:,29
:goshichigo@.:,29
:gomenne@.:,28
:blobartist@.:,28
:tennenkinenbutu@.:,28
:d_nn@.:,28
:roman@.:,28
:desuwa@.:,28
ğŸ¦,28
:famichiki@.:,28
:endless@.:,27
:hyahha@.:,27
:brobhamigaki@.:,27
:ohayougozaimasu@misskey.io:,27
:ukiuki@.:,27
:ikkounikamawan@.:,26
:kiwami@.:,26
:saga_pref@.:,26
:yakinikunotare@.:,26
:mita@.:,26
:hiyasi@.:,26
:tasukete@.:,25
:nekojan@.:,25
:gachikoi@.:,25
:sowasowa@.:,25
:iitoomou@.:,25
â­•,24
:nya_love@.:,24
:kawaii@misskey.io:,24
ğŸ™,24
:bigkiss@.:,24
:blobfactory@.:,24
:goiryokusyoumetu@.:,24
:watashinoyume@.:,24
:sorehanarimasen@.:,24
:simiiru@.:,24
:soudane@.:,23
:kawaii@fedibird.com:,23
:nakisou@.:,23
:daichuki@.:,23
:kakkoii@misskey.io:,23
:yorosikuteyo@.:,23
:kawaii@misskey.art:,23
:mewohanasunayo@.:,23
:goodluck@.:,22
â˜”,22
:aruaru@misskey.io:,22
:okay@.:,22
:manbyonikiku@.:,22
:butsurinisonzai@.:,22
:leftarm@.:,22
:uho@.:,22
:orenisitokeyo@.:,21
:are@.:,21
ğŸš,21
ğŸ¥”,21
ğŸ”¥,21
:utsukushii@misskey.io:,21
:ganbarimasu@.:,21
:shoukinosaturdaynight@.:,21
:mchochofactory@.:,21
:blobwink@.:,21
ğŸ¥,21
ğŸˆâ€â¬›,21
:seyaroka@.:,20
:aru@.:,20
ğŸ£,20
:aishiteru@.:,20
:kakoii@misskey.art:,20
:antagano1@.:,20
:wakaru@misskey.io:,20
ğŸ©,20
:eiya@.:,20
:blob_cat_sob@.:,20
:ohayo_whisky__i@misskey.io:,19
:seyana@.:,19
:watakusi@.:,19
:_ne@.:,19
:yarou@.:,19
:critical@.:,19
:hanayaka@.:,19
:hokkori@.:,19
:bijo@.:,18
ğŸ…,18
:misete@.:,18
:damedayo@.:,18
:misskey@.:,18
:bokujadamedesuka@.:,18
:zenbeiganaita@.:,18
:hontouni@.:,18
:shibui@.:,18
:haai@.:,18
:dauto@.:,17
:ohayo@misskey.io:,17
:yomitai@.:,17
ğŸ¤”,17
:okaerinasaimase@misskey.io:,17
:owadesuwa@.:,17
:ohuton_kakete_agemasyoune@misskey.io:,17
:souwayo@.:,17
:resonyance@misskey.io:,17
:_nn@.:,17
:enbunkakunin@.:,17
ğŸ‡,17
:bishoujo@.:,17
:eigaka@.:,17
:tiken@misskey.io:,17
:shutsujin@.:,17
ğŸ†’,17
:tanoshimouze@.:,17
:sore_d@.:,17
:yattare@misskey.io:,16
:iijan@.:,16
:kirakira@.:,16
â˜‚,16
:gojira@.:,16
ğŸ¥•,16
ğŸŒŸ,16
:ohayo_nirila_misskey@misskey.niri.la:,16
:okaeri@misskey.io:,16
:nakeru@.:,16
:hajimemasita@.:,16
:uresii@.:,15
:yokatta@misskey.io:,15
:soukana@.:,15
:suteki3@misskey.io:,15
:yabaize@.:,15
ğŸ¶,15
:kawaiine@misskey.art:,15
:oyasumi2@misskey.io:,15
:korokkesoba@.:,15
:misuhai2@.:,15
:dekinaize@.:,15
:urec@.:,15
ğŸ”,15
:wakarimiga_fukasugiru@misskey.io:,15
:yoake@.:,15
:wakarunaa@misskey.io:,15
:nicehige@.:,15
:suteki2@fedibird.com:,15
:manabiwoeta@.:,15
:kingof@.:,15
:fukudezayosugi@.:,15
ğŸ˜†,15
ğŸŒµ,14
ğŸµ,14
:onpu@.:,14
:tereru@.:,14
:ohayougozaimasu_yasasi@favcalc.com:,14
:petthex@misskey.io:,14
:ganbare@misskey.io:,14
ğŸ°,14
:iiwayo@.:,14
:appare@.:,14
:uwa_xtu@misskey.io:,14
:dateotoko@.:,14
:kyokutyou_suki@.:,14
:oyasumi_nirila_misskey@misskey.niri.la:,14
:kankeisei@.:,14
:shitometa@.:,14
ğŸ¥š,14
:_bou@.:,13
:kanzennnirikaishtia@.:,13
:_po@.:,13
:blobtoilet@.:,13
:gyafun@.:,13
:bochibochi_ikoune@misskey.io:,13
:suteki@nijimiss.moe:,13
:daikonran@.:,13
ğŸ·,13
ğŸ˜®,13
:sugoi@misskey.io:,13
:suki_mega@misskey.art:,13
:oshi@.:,13
ğŸ¨,13
:ultimate_igyo@misskey.io:,13
ğŸ–,13
:sanchichokusou@.:,13
:moe@.:,13
:mattari@.:,13
:ikiwosue@.:,13
:yumee@.:,13
:handclap_heartbreak@.:,13
:wakarimi@misskey.io:,12
:kaibunsho@.:,12
ğŸ§,12
:suteki@misskey.art:,12
:yaruwayo@.:,12
:ara_suteki@misskey.io:,12
ğŸª,12
:suki_heart@misskey.io:,12
:blobreading@.:,12
:oishisou@misskey.io:,12
:urepii@.:,12
:kattana@.:,12
:kakugen@.:,12
:chickentatsuta@.:,12
:biseinen@.:,12
:kochirakoso@.:,12
:blobenpitsu@.:,12
:blobangel_2@.:,12
:doecchi@misskey.io:,12
:kyokyu@.:,12
:eti@misskey.io:,12
ğŸ¦Š,12
:teikiatsu@.:,11
:majikayo@.:,11
:_ka@.:,11
:blobangel1@.:,11
:blobcataww@misskey.io:,11
:wanisan_hatena@.:,11
:yoroshiku@.:,11
:daisuki@misskey.io:,11
:orejanakya@.:,11
:erait@misskey.io:,11
:mdlogo@.:,11
:ablobcatfloofpat@misskey.io:,11
:sakusaku@.:,11
:tyoudaikangei@.:,11
:odaijini@misskey.io:,11
â˜€,11
:binanshi@.:,11
:buchuunen@.:,11
:syotapuppu@misskey.io:,11
:blobcataww@misskey.art:,11
â›²,11
:d_nobasi@.:,11
:saikou_sugiru@misskey.io:,11
:d_mi@.:,11
:kawaii@favcalc.com:,11
:onegaishimasu@.:,11
ğŸ¦,11
ğŸŒ±,11
:d_ku@.:,10
ğŸ›¸,10
:d_alw@.:,10
:zehi@.:,10
:gomennasai@.:,10
:jikkanoyounaanshinkan@.:,10
:majidesu@.:,10
:kansei@.:,10
:tabun@.:,10
:mettya_wakaru@misskey.io:,10
:d_ti@.:,10
:saikou@misskey.art:,10
ğŸ¸,10
:d_ha@.:,10
:iinex2@favcalc.com:,10
:blobcatrainbow@misskey.io:,10
ğŸ¦‘,10
:blobheart@calckey.jp:,10
:kochiradegozaimasu@.:,10
:tarutaruchiken@.:,10
:azayaka@.:,10
:yukkuri@.:,10
ğŸ‹,10
ğŸ‘,10
:megane@.:,9
:kakko_yosugi@misskey.io:,9
:blobtoofast@misskey.art:,9
:mottomitai@.:,9
ğŸ,9
:utsukushii@misskey.art:,9
ğŸ’¥,9
ğŸ³ï¸â€ğŸŒˆ,9
:doit@.:,9
:yosugiru@misskey.yukineko.me:,9
:takokaiketsu@.:,9
:tottemo_cute@misskey.io:,9
:Shiropuyo_kawaii@misskey.art:,9
:blob_akuma@.:,9
ğŸŒ ,9
:wanisan_dash@.:,9
ğŸ»,9
:respect@.:,9
:iizo@misskey.yukineko.me:,9
ğŸ,9
:soukamo@misskey.io:,9
:jishiinmotte@.:,9
:kaite@.:,9
:gekijyoban@.:,9
:mezameyo@.:,9
âœŒ,9
:umasou@misskey.io:,9
ğŸ¢,9
:testnideru@.:,9
:saladbar@.:,9
:yoito_omoimasu@misskey.io:,9
:kawaisugiru@misskey.io:,9
:d_pi@.:,9
:kawaii@maniakey.com:,9
:lucky@.:,9
:machimasu@.:,9
:yotimu_hai@misskey.io:,9
:hakai@.:,9
ğŸ£,9
ğŸ¥¤,9
:ippai@.:,9
:nurupo@.:,9
ğŸš»,9
:shitennou@.:,8
:d_ga@.:,8
ğŸ‹,8
:haaku@.:,8
:Shiropuyo_ohayou@misskey.art:,8
ğŸ¥¦,8
ğŸ¤,8
ğŸ¦,8
ğŸŒ,8
:medetasimedetasi@.:,8
ğŸ¦•,8
:ryoukai@.:,8
:ultra_igyo@misskey.io:,8
:igyofes@misskey.io:,8
:juyou_1@.:,8
:_u@.:,8
:_do@.:,8
:reitoubaked@.:,8
ğŸ’¯,8
:otsukaresamadesu@misskey.yukineko.me:,8
:d_plus@.:,8
:wakuwaku@misskey.io:,8
:bishounen@.:,8
:kuwasiku@.:,8
:beeforchiken_t@.:,8
ğŸ¥,8
:hidoihanashi@misskey.io:,8
:mog@misskey.art:,8
ğŸ¸,8
:hozonsitaka@.:,8
ğŸ‚,8
:yoo__i@misskey.io:,8
:tadaima@.:,8
ğŸ•’,8
:nyanpuppu@misskey.io:,8
:igyo_no_tatuzin@misskey.io:,8
:akugyo@misskey.io:,8
ğŸšŒ,8
:are_d@.:,8
:omomukihukai@.:,8
:soudayone@.:,8
â™¨,8
:_ta@.:,7
ğŸŒ,7
ğŸ¥ª,7
:bichuunen@.:,7
:d_maru@.:,7
:katajikenai@.:,7
:yoi@fedibird.com:,7
:nero@.:,7
:ablobaww@misskey.io:,7
:kawaiii@fedibird.com:,7
:a@misskey.io:,7
ğŸ,7
:yattaa@misskey.io:,7
:igyo_of_igyo@misskey.io:,7
:toutoi@misskey.io:,7
:furohaire@.:,7
ğŸ¥·,7
:_ri@.:,7
ğŸ‡,7
:ittare@misskey.io:,7
:ameownodfast@misskey.io:,7
ğŸª£,7
:blobcatmeltlove@misskey.io:,7
:amarinimo_kawaii@misskey.io:,7
:blobcatdroolreach@misskey.io:,7
:murishinaide@misskey.io:,7
ğŸ¦,7
:amarinimo_kawaii@misskey.yukineko.me:,7
:oboeta@.:,7
:ablobcatheadbangfastultra@misskey.io:,7
:kakkokawaii@misskey.io:,7
:_mo@.:,7
:arigatougozaimasu@misskey.io:,7
ğŸ¥›,7
:d_o@.:,7
ğŸ¦Œ,7
:utukusii@misskey.io:,7
ğŸ¥,7
ğŸ¦œ,7
ğŸ—»,7
:meow_hungry_anim@misskey.io:,7
:ultra_igyo2@misskey.io:,7
:oremoonajikimochi@misskey.io:,7
:naruhodo@misskey.io:,7
:shibarakuomachikudasai@.:,7
:odaizini@misskey.io:,7
:mite@.:,7
ğŸ‘¹,7
:imasugu@.:,7
:kawaiii@trpger.us:,7
ğŸŒŠ,7
:taihenimaokimashita@.:,7
ğŸ¦µ,7
:otukaresama@misskey.niri.la:,7
:haikeisugoi@.:,7
ğŸ«–,7
:tohoho@.:,7
:kawaii_xtu__i@misskey.yukineko.me:,7
ğŸ“,7
ğŸ©¹,7
:ore_d@.:,7
:d_xtu@.:,6
:igyo_gaming@nijimiss.moe:,6
:d_ka@.:,6
ğŸŒ,6
:d_6@.:,6
:kakumei@.:,6
:ifilter_misetehoshii@misskey.io:,6
:_o@.:,6
ğŸŒ»,6
:iidesune@fedibird.com:,6
:kouzuii@.:,6
:soudasouda@misskey.io:,6
ğŸ ,6
ğŸ›,6
ğŸ•,6
:birei@misskey.io:,6
:igyo@misskey.yukineko.me:,6
:kawaiine@trpger.us:,6
:sugoi2@misskey.io:,6
:yakisobapan@.:,6
:_bu@.:,6
:_ma@.:,6
ğŸ˜¥,6
:ameownod@misskey.io:,6
ğŸ,6
ğŸ¬,6
:_ke@.:,6
:kirei@misskey.io:,6
ğŸ™,6
:nice_hip@misskey.io:,6
:ii@misskey.io:,6
:blobcatmeltlove@misskey.art:,6
:yosugi@misskey.art:,6
ğŸ¡,6
:noeskeychan_igyo@misskey.noellabo.jp:,6
:suteki@misskey.io:,6
â›,6
âš¡,6
ğŸ¥–,6
ğŸ™,6
:itterassyai@misskey.io:,6
ğŸ¦,6
:ai_yay@misskey.io:,6
ğŸ¼,6
:ablobcatcryingcute@misskey.io:,6
:sorejyuuyou@.:,6
ğŸœ,6
:koresuki@misskey.io:,6
:kawaisugi@nijimiss.moe:,6
ğŸ–,6
:wanisan@.:,6
ğŸ‡²ğŸ‡¨,6
ğŸ¤,6
:tsuyayaka@.:,6
:igyo@novelskey.tarbin.net:,6
:mattemashita@.:,6
:benri@.:,6
:yuuga@.:,6
:attaka_i@misskey.io:,6
ğŸŸ¥,6
:d_ko@.:,5
:douitasimasite@.:,5
ğŸº,5
:_re@.:,5
ğŸµ,5
:goanzenni@misskey.io:,5
ğŸ’™,5
:alert@.:,5
ğŸ„,5
ğŸŒ¸,5
:aawayo@.:,5
ğŸ¥Ÿ,5
:ponponpain@.:,5
:ohayougozaimasu@misskey.noellabo.jp:,5
ğŸŒ‚,5
:kawaiixtu@nijimiss.moe:,5
:naruhodo@favcalc.com:,5
ğŸ¬,5
:blobcatsweatflips@misskey.io:,5
:ablobcatfloofpat@misskey.art:,5
ğŸ¥’,5
:_go@.:,5
:ohayougozaimasu@misskey.art:,5
:bunhdheart@calckey.jp:,5
:_na@.:,5
:sokoo@.:,5
:yo@misskey.art:,5
:blobtoofast@misskey.io:,5
:ttewake@.:,5
:yondemasu@.:,5
:wanipat@.:,5
:Shiropuyo_heart@calckey.jp:,5
:docchimo@misskey.io:,5
:kiaide@.:,5
:blobtoofast@nijimiss.moe:,5
:kawaiii@novelskey.tarbin.net:,5
:blob_bowing@.:,5
â˜º,5
:crab_dancing@misskey.io:,5
:congratu_ration@misskey.io:,5
:kao_ga_yosugi@misskey.io:,5
ğŸ±,5
:ablobhungry@misskey.io:,5
:naruhodonaa@misskey.io:,5
ğŸ¥—,5
ğŸ¥°,5
:blobcatheartbongo@my-sky.blue:,5
:d_3@.:,5
ğŸ‘,5
ğŸ¯,5
ğŸ« ,5
:bungou@misskey.io:,5
ğŸ‰,5
:totemoyoi@misskey.io:,5
:kemopuppu@misskey.io:,5
:biglove@misskey.art:,5
:tudukiha@.:,5
ğŸŒ½,5
:agooglehearts@fedibird.com:,5
ğŸ¦ˆ,5
ğŸ,5
:oshirasetab@.:,5
:ohayoo@misskey.yukineko.me:,5
ğŸ®,5
:kawaii_ha_seigi@misskey.io:,5
:natsukashii@misskey.io:,5
ğŸ‰,5
ğŸ»,5
:shigotohaya@misskey.art:,5
:fandesu@.:,5
:sokonashinuma@.:,5
:seikimatu@misskey.io:,5
:galtu@misskey.io:,5
:_he@.:,5
:igyo_omurice@misskey.io:,4
:_pa@.:,4
:oregaantanosekiyuou@.:,4
:blobcozynap@misskey.io:,4
:sugoihanashi@misskey.art:,4
ğŸ²,4
:d_alo@.:,4
:polarbear_fast@misskey.io:,4
:kiwamete_igyo@misskey.io:,4
:safe@misskey.io:,4
:muzukashiihanashi@misskey.io:,4
:sanbyoudeshitakushina@.:,4
:kakugo@.:,4
ğŸ«,4
:_2@.:,4
:igyo@fedibird.com:,4
ğŸ¥©,4
:d_mu@.:,4
:d_alh@.:,4
:petthex_desyo@misskey.io:,4
:_pu@.:,4
ğŸª©,4
ğŸ¹,4
:_su@.:,4
:oyasumi@misskey.io:,4
:taisetu@misskey.io:,4
:sansen@.:,4
:meowawauu@misskey.io:,4
:d_na@.:,4
:d_zu@.:,4
ğŸœ,4
:Shiropuyo_hohoemi@calckey.jp:,4
:nyuuyoku_ha_igyou@misskey.io:,4
:zoi@.:,4
:honmaka@misskey.io:,4
:righttarm@.:,4
:suki@misskey.yukineko.me:,4
:meowpensivepray@misskey.io:,4
:d_ri@.:,4
:sikowaza@misskey.io:,4
:ctrl_z@misskey.io:,4
:hige_daisuki@.:,4
:agooglehearts@misskey.art:,4
:d_re@.:,4
ğŸ•Š,4
:kawaii@misskey.yukineko.me:,4
ğŸ€,4
ğŸ”,4
:d_que@.:,4
:ablob_carp_kangfubat@misskey.io:,4
:_maru@.:,4
:_so@.:,4
:matsuri@.:,4
ğŸ¥‚,4
ğŸ§Š,4
:mog@misskey.io:,4
â­,4
:ohayou@misskey.io:,4
:ega_umai@misskey.io:,4
ğŸ˜­,4
:kikimasu@.:,4
:ablobcatnodmeltcry@misskey.io:,4
:d_yo@.:,4
ğŸ°,4
âœ¨,4
:peropero@misskey.io:,4
ğŸ˜‡,4
ğŸ‘‰,4
:tasukaru@misskey.art:,4
:souzou@.:,4
:tsuyoi@misskey.io:,4
ğŸ‘†,4
ğŸ—,4
ğŸ¦–,4
ğŸš,4
:ara@nijimiss.moe:,4
:firefox@misskey.io:,4
:dekiagattanoga_kochira@.:,4
:tiken@misskey.noellabo.jp:,4
ğŸˆ,4
:_aa@.:,4
ğŸ‘‘,4
:hyper_igyo@nijimiss.moe:,4
ğŸŒ,4
:iinexe@misskey.io:,4
:blobcatstop@misskey.io:,4
ğŸšŠ,4
:tirapuppu@misskey.io:,4
:kuttare@misskey.io:,4
ğŸ›,4
ğŸ¤¼â€â™‚ï¸,4
:Shiropuyo_odoroki@misskey.art:,4
ğŸ¥‘,4
ğŸ°,4
:nekobounce@misskey.io:,4
ğŸ,4
:uruwashii@.:,4
:wakaru@misskey.art:,3
:tsuyoi@nijimiss.moe:,3
:blobcat_frustration@misskey.io:,3
:_xtu2@.:,3
:_sa@.:,3
:goodmorning@nijimiss.moe:,3
:gokigenyou@misskey.io:,3
:oregaantanosekiyuou2@.:,3
:blob_omaru@.:,3
:d_alc@.:,3
ğŸ§ˆ,3
:_ji@.:,3
:yattane2@misskey.io:,3
:kikimasita@.:,3
:saiko_gif@nijimiss.moe:,3
:d_pe@.:,3
:agooglehearts@misskey.io:,3
:blobcallcry@misskey.yukineko.me:,3
:twinsparrot@misskey.io:,3
:ohayo@sushi.ski:,3
:wakarimi@favcalc.com:,3
ğŸ¥“,3
â›´,3
:suki@misskey.io:,3
:shinshu@.:,3
:okiro@.:,3
:_pi@.:,3
:casheclear@.:,3
:parrot_sorena@misskey.io:,3
:loading2@.:,3
:kasi_ni_kyoukan_sita@misskey.io:,3
ğŸ,3
:_shi@.:,3
:blobooohai@misskey.io:,3
:sorena__iii@misskey.io:,3
:wakaru@fedibird.com:,3
ğŸ–¥,3
ğŸ˜,3
:saikou@premis.one:,3
:wakaru@misskey.yukineko.me:,3
:blobhai@misskey.art:,3
ğŸŒ´,3
:m_su@.:,3
:_ko@.:,3
:yattaze2@misskey.io:,3
:ablobcatreachflip@misskey.io:,3
:kanzennirikaisita@misskey.io:,3
:kirakira@misskey.io:,3
:tensai@misskey.io:,3
:blobunbun@misskey.yukineko.me:,3
:meow_wobble@misskey.yukineko.me:,3
:ablobcatfloofpat@fedibird.com:,3
:hamuhaa__i@misskey.io:,3
:usapyonpyon@misskey.io:,3
:d_triexcla@.:,3
:Shiropuyo_heart@misskey.art:,3
:menme_pechi@misskey.io:,3
:eenyade@misskey.io:,3
:ablobbonepats@calckey.jp:,3
ğŸ¥,3
ğŸ·,3
:syokuzi_ha_igyo@misskey.io:,3
:kowaiwa@misskey.io:,3
:ara_@misskey.art:,3
:kidai_no_tensai@misskey.io:,3
ğŸ™‚,3
:ai_umai@misskey.io:,3
:blob_tenshi_1@.:,3
:d_xi@.:,3
:chinchin@misskey.io:,3
:iihanashi@misskey.io:,3
:blobhyperbounce@misskey.io:,3
:d_7@.:,3
:murikamo@misskey.io:,3
:meow_floof_pat@misskey.yukineko.me:,3
:naruhodofes@misskey.io:,3
:sounano@misskey.io:,3
:hayaku_koreni_naritai@misskey.io:,3
:yoi_s@misskey.soda-net.com:,3
:sugoi_ex@fedibird.com:,3
ğŸŒˆ,3
:blobbonethumbsup@calckey.jp:,3
â˜•,3
:blobcathungry@misskey.noellabo.jp:,3
:d_ki@.:,3
:honshitsu_jouhou@misskey.io:,3
:omedetou@misskey.io:,3
:ichiriaru@misskey.io:,3
:kenkou2@misskey.io:,3
:kawaiifes@sushi.ski:,3
:igyo@misskey.noellabo.jp:,3
:wa_otsu@my-sky.blue:,3
:omizu_nonde@misskey.io:,3
:kawaiii@sushi.ski:,3
:watakushidattesoudesuwa@misskey.io:,3
:iinex2@fedibird.com:,3
:ikitai@misskey.io:,3
:_hi@.:,3
:tyoudai_tyoudai_souiuno_tyoudai_motto2@misskey.io:,3
:ablobgoodnightreverse@misskey.art:,3
:d_su@.:,3
ğŸ•º,3
:koresuki@nijimiss.moe:,3
:d_ro@.:,3
ğŸ€,3
:ara_heart@sushi.ski:,3
ğŸ¥³,3
ğŸ­,3
:ii@nijimiss.moe:,3
ğŸ‘ˆ,3
ğŸ”ª,3
:zisakuzien_ii__ii@misskey.io:,3
:souiuhimoaru@favcalc.com:,3
â–¶,3
ğŸ‡¬ğŸ‡§,3
ğŸ‡ºğŸ‡¸,3
:osyare@misskey.io:,3
ğŸ­,3
:chiken@nijimiss.moe:,3
ğŸ³,3
ğŸˆ,3
:omae_nade@misskey.yukineko.me:,3
:kowaihanashi@sushi.ski:,3
:kashi_suki@.:,3
:vs@.:,3
:setsufuro_cheering@misskey.io:,3
:genkaikawaii@misskey.art:,3
ğŸ¾,3
:d_ni@.:,3
ğŸ’,3
:poetto@misskey.io:,3
ğŸ³,3
:deep_arigatou_hukakukansya@misskey.io:,3
ğŸ¥¶,3
:kakkoii@misskey.yukineko.me:,3
:ablobcatfloofpat@misskey.noellabo.jp:,3
:oobannyaki@misskey.io:,3
ğŸ€,3
:mattaku_syota_ha_saikou_daze@misskey.io:,3
:kakkee@misskey.io:,3
:itai@misskey.io:,3
:noeskeychan_oyasumi@misskey.noellabo.jp:,3
ğŸ˜,3
:mareniyokuaru@misskey.io:,3
:kaishaku_itch@.:,3
âš½,3
:Shiropuyo_igyo@misskey.art:,3
:ojisan_daisuki@.:,3
:aa@nijimiss.moe:,3
ğŸ¯,3
âœ,3
:sonokamisuki@.:,3
:oshajan@misskey.art:,3
:uwaaltu@misskey.art:,3
:fes@misskey.io:,3
:d_no@.:,3
:suteki@misskey.yukineko.me:,3
:blobtoofast@misskey.niri.la:,3
:dezainnokamisama@.:,3
ğŸ¦,3
:d_ba@.:,3
:meowblue@misskey.io:,3
:tasukarufes@misskey.io:,3
ğŸ›«,3
ğŸŒ©,3
:happy_uochan@misskey.art:,3
:siteki@misskey.io:,3
ğŸ¹,3
:kawaikute_sinda@misskey.io:,3
ğŸŒ§,3
ğŸšº,3
ğŸš¹,3
:ne@misskey.io:,3
ğŸ¦­,2
:souiu_kotomo_aru@misskey.io:,2
:oyasu@misskey.cf:,2
:ohutonkakerune@misskey.yukineko.me:,2
:d_pa@.:,2
:dokidoki@misskey.io:,2
:_ge@.:,2
:_ku@.:,2
:blobcozynap@misskey.art:,2
ğŸ™ˆ,2
:ganbae@nijimiss.moe:,2
:d_i@.:,2
:ohayo@misskey.yukineko.me:,2
:gozaimasuwa@.:,2
:blobcattea@misskey.io:,2
:d_tu@.:,2
:d_4@.:,2
:kanasiihanasi@misskey.io:,2
:neko_nyaan@gp.tsukimi.club:,2
:ohayoo@misskey.art:,2
ğŸ«“,2
ğŸŒ…,2
ğŸ’š,2
:tsuyoi@fedibird.com:,2
:meow_heart_bongo@misskey.yukineko.me:,2
:yattare@misskey.cf:,2
ğŸªŸ,2
:unei@.:,2
:oishisou@misskey.noellabo.jp:,2
:ehehe@misskey.yukineko.me:,2
:kyun_heart@misskey.io:,2
:iiyoiiyo@misskey.io:,2
:d_nami@.:,2
:meowmeltcry@misskey.io:,2
:kawaii@p1.a9z.dev:,2
:hou@misskey.io:,2
:sounanda@misskey.io:,2
:chotto_wakaru@misskey.io:,2
ğŸ’›,2
:ablobsmilehappy@misskey.art:,2
ğŸš©,2
ğŸ’¦,2
:eeyan@misskey.io:,2
:otukaresama@fedibird.com:,2
:saikyou@misskey.art:,2
ğŸ¾,2
:yoki@misskey.io:,2
:d_bu@.:,2
ğŸ’¿,2
:neko_scp_040_jp_Ikr_4185_cc_by_sa_3_0@misskey.io:,2
ğŸ¶,2
:desuwaaaaa__ii@misskey.io:,2
:m_ku@.:,2
:_du@.:,2
:_da@.:,2
:_ru@.:,2
:_me@.:,2
ğŸ’ª,2
:_plus@.:,2
ğŸƒ,2
:_zu@.:,2
:_ti_chi@.:,2
:d_2@.:,2
ğŸ±,2
:_7@.:,2
:ecchi_konro_tenka@misskey.io:,2
:bigkiss@misskey.art:,2
:kowaihanashi@misskey.io:,2
:shuki_heart@misskey.io:,2
:love@misskey.io:,2
:ablobcatbouncefast@misskey.art:,2
:soredawa@favcalc.com:,2
ğŸŒ–,2
:caption@.:,2
:saikyou@fedibird.com:,2
:kaitare@misskey.io:,2
:naruhodo@misskey.yukineko.me:,2
ğŸŒ•,2
:na_ka_na_i_de@misskey.io:,2
:meow_flower@misskey.yukineko.me:,2
:biglove@nijimiss.moe:,2
:igyo@misskey.art:,2
:yattare@sushi.ski:,2
:ryoukai@misskey.io:,2
:kawaisugiru@maniakey.com:,2
:kawaii_matsuri@nijimiss.moe:,2
:bump_of_tiken@misskey.io:,2
:ohayougozaimasu@fedibird.com:,2
ğŸ“¸,2
:arigataihanashi@misskey.io:,2
:daisuki@nijimiss.moe:,2
ğŸ¦,2
:koegaii@.:,2
:neko_dakara_wakannyai@misskey.io:,2
:atsuiyoo@misskey.io:,2
:kami_esi@misskey.io:,2
:t_ganbae@misskey.noellabo.jp:,2
ğŸ·,2
:monosugoi@misskey.io:,2
:_interrobang_mark@misskey.io:,2
:ai_nomming@misskey.io:,2
ğŸ¯,2
ğŸ”¼,2
:yukkurisiteittene@misskey.io:,2
â„,2
â™¾,2
:_3@.:,2
ğŸ§†,2
:_nu@.:,2
:meow_sushiikura@misskey.io:,2
:_ya@.:,2
ğŸ¾,2
:blobcatmeltlove@hemokey.hemomo.com:,2
:ijin@misskey.io:,2
:jikokaiketsu@.:,2
âš”,2
:wa_thx@my-sky.blue:,2
ğŸ§›â€â™‚ï¸,2
:souiuhimoaru@misskey.io:,2
:dekiru@misskey.io:,2
:misetehoshii@.:,2
:wa_suteki_@my-sky.blue:,2
ğŸ¿,2
:rin@.:,2
:ok__i__zyuusei@misskey.io:,2
:jukketsushuu@.:,2
:ablobcatfloofpat@misskey.cf:,2
:igyo@misskey.niri.la:,2
:ablobcatheart@gyutte.site:,2
:ablobcatrave@misskey.art:,2
:ablobcatfloofpat@sushi.ski:,2
:kawaikochan@misskey.io:,2
:inoti_daizini@misskey.io:,2
:honki@.:,2
ğŸŒ¼,2
:blobigyoumochi@fedibird.com:,2
:wa_chiken@my-sky.blue:,2
:_bi@.:,2
:d_ma@.:,2
ğŸ§ ,2
:akusaa@misskey.io:,2
:d_wa@.:,2
:gaku_ni_irete_kazaritai@misskey.io:,2
â—,2
:radoryuu@.:,2
:kawaiii@voskey.icalo.net:,2
ğŸŒº,2
:oisisou@nijimiss.moe:,2
:dougaencode@.:,2
:odaijini@fedibird.com:,2
ğŸŒ¬,2
:5000t_go__ii@misskey.io:,2
ğŸ»,2
ğŸƒ,2
:d_wi@.:,2
:_9@.:,2
â˜,2
:daijyoubuda_mondainai@misskey.io:,2
:oyasumisskey@misskey.yukineko.me:,2
:fanfare@.:,2
:sukidesu@trpger.us:,2
ğŸ‘½,2
ğŸ›,2
:oshare@fedibird.com:,2
:sinri@misskey.io:,2
:medetee@misskey.io:,2
:kyounosouzou@misskey.io:,2
:ojousama@misskey.io:,2
:misuhai@misskey.io:,2
:blobooohai@misskey.yukineko.me:,2
:sutekidane@favcalc.com:,2
ğŸ«µ,2
:emoit@misskey.io:,2
:vivaldi@misskey.io:,2
:choco_monaka_jumbo@misskey.io:,2
:otsukaresama_desu@favcalc.com:,2
ğŸ’,2
:hashtag_igyo@misskey.io:,2
:_e@.:,2
ğŸš,2
:Shiropuyo_sugoi@misskey.art:,2
ğŸ”»,2
:kinisuruna@misskey.io:,2
:kowaihanashi@misskey.yukineko.me:,2
:blobhyperbounce@misskey.art:,2
:puddinghyperbounce@misskey.art:,2
:subarasii@misskey.io:,2
ğŸ„,2
:blobhai@sushi.ski:,2
:supertada@misskey.yukineko.me:,2
:eraiwayo@misskey.io:,2
:dekkee@misskey.yukineko.me:,2
:iiyumemiroyo@sushi.ski:,2
:ohayo_hiragana@mi.nxsux.xyz:,2
:koresuki@fedibird.com:,2
:buntaisuki@.:,2
:otsukaresamadseu@fedibird.com:,2
:souiutokimoaru@misskey.niri.la:,2
:meow_ghostreach@misskey.io:,2
:blobdance@misskey.yukineko.me:,2
:saikou@nijimiss.moe:,2
ğŸ¥,2
:otsukaresama@sushi.ski:,2
:kininaru@misskey.io:,2
:gogo@fedibird.com:,2
:hajimattana@fedibird.com:,2
:totemo_kawaii@misskey.io:,2
ğŸ§‚,2
:gojiai@trpger.us:,2
:blobsaboten@fedibird.com:,2
:kawaii_mj@misskey.niri.la:,2
ğŸ¦™,2
:supergoodmorning@fedibird.com:,2
:nekochan@misskey.io:,2
:ablobbonebongoheart@calckey.jp:,2
:iineiine@misskey.yukineko.me:,2
:arama@fedibird.com:,2
:oira_mo_daisuki_de_gesu__i@misskey.io:,2
:blobthumbsup@misskey.io:,2
:sense_no_katamari@misskey.io:,2
:yosugi@misskey.io:,2
:zenbu@nijimiss.moe:,2
:menkoi@misskey.art:,2
:pokapoka@.:,2
ğŸª,2
ğŸ‘¸,2
:blobcatdrool@nijimiss.moe:,2
:ablobbonereach@calckey.jp:,2
:oki_wo_tukete@misskey.io:,2
â¬œ,2
ğŸ‡®ğŸ‡¹,2
ğŸŒ†,2
:kawaiii@mk.shrimpia.network:,2
:ae@nijimiss.moe:,2
:iyada@nijimiss.moe:,2
:_yo@.:,2
â±,2
:supertada@misskey.io:,2
:blobcatdroolreach@misskey.art:,2
:umasou@misskey.art:,2
:Shiropuyo_thinking@misskey.art:,2
:Shiropuyo_wobble@misskey.art:,2
:iine@misskey.art:,2
:iine@misskey.yukineko.me:,2
ğŸ’£,2
:seisansyanokao@.:,2
â›°,2
:araara@misskey.io:,2
:keimou@misskey.io:,2
:d_a@.:,2
:d_me@.:,2
:seiheki_ni_sasaru@misskey.io:,2
ğŸ¥ƒ,2
:settei@.:,2
:nekochan@fedibird.com:,2
:blobcheer@fedibird.com:,2
:yukkuri@misskey.io:,2
:nekojan@misskey.io:,2
:yo@fedibird.com:,2
ğŸ‡«ğŸ‡®,2
:blobhaj_thanks_love@calckey.jp:,2
:kore_d@.:,2
:dore_d@.:,2
:guwaa_meshi_terro_ja@misskey.io:,2
:dosukebefes@misskey.io:,2
:nade@misskey.io:,2
:totemo_sugoi@fedibird.com:,2
:souwane@misskey.yukineko.me:,2
ğŸ–¤,2
ğŸ«˜,2
ğŸ,2
â˜,2
ğŸ‡¨ğŸ‡­,2
:dekai@misskey.art:,2
:kakugotokoufun@key.kubiwa.moe:,2
:iiyone@misskey.io:,2
âš±,2
:blobwave@misskey.yukineko.me:,2
:aShiropuyofloofpat@misskey.art:,2
:taihoda@misskey.art:,2
:tiken@sushi.ski:,2
:blobmonster_cry@fedibird.com:,2
:rn@.:,2
:oyobidesyouka@.:,2
:blobkotatsu@misskey.io:,2
:oltu@misskey.io:,2
:erai@misskey.yukineko.me:,2
:bikoutekimeihaoda@misskey.art:,2
:netliteracy@.:,2
:tasukaru@sushi.ski:,2
:god@fedibird.com:,2
:d_u@.:,2
:ahhh@misskey.yukineko.me:,2
:d_xyo@.:,2
:tasukaru@misskey.io:,2
ğŸ•¶,2
:omedeto@nijimiss.moe:,1
:taihen_daxa__i@misskey.io:,1
:aruyo2@misskey.io:,1
:_de@.:,1
:new@.:,1
:blobcatsurprised@nijimiss.moe:,1
:4a8c_oremo@misskey.gamelore.fun:,1
:supecialgoodnight@fedibird.com:,1
:ohayou_gozaimasu@misskey.yukineko.me:,1
:majikayo@misskey.io:,1
:watakushidattesukidesuwa@nijimiss.moe:,1
:wakarimi@premis.one:,1
:medetai@warpday.net:,1
:ablobcatowoevil@gp.tsukimi.club:,1
ğŸ¦…,1
:ouen@novelskey.tarbin.net:,1
:itera@misskey.io:,1
ğŸŒ˜,1
ğŸ¥¸,1
:blob_knifes@fedibird.com:,1
:tuuhou_sita@misskey.io:,1
:shair@gyutte.site:,1
:blobcatwitch@s.ktsn.dev:,1
:d_alm@.:,1
:d_aly@.:,1
ğŸ,1
:murakamisan_tutinoko_otacry@misskey.io:,1
:kiss__ooo@misskey.io:,1
:kiss_mark@misskey.io:,1
:gensouteki@misskey.io:,1
:utsukushii@sushi.ski:,1
:petinu@misskey.yukineko.me:,1
:ablobcatheart@misskey.noellabo.jp:,1
:cuteblob_happy@misskey.yukineko.me:,1
:ii@misskey.cf:,1
:ultra_bakasake_nomi@misskey.io:,1
:tabetai@misskey.yukineko.me:,1
:saiko@misskey.cf:,1
:ganbare@misskey.noellabo.jp:,1
:igyou@misskey.io:,1
:irogaii@fedibird.com:,1
:iihanashi@sushi.ski:,1
:petthex_inu@misskey.io:,1
:egarasuki@nijimiss.moe:,1
:blobcat_ok_sign@misskey.io:,1
:iikotoba@warpday.net:,1
:blobbonecup@calckey.jp:,1
:ablobcatrainbowheart@gp.tsukimi.club:,1
:blobbonecomfy@calckey.jp:,1
:okakugo@misskey.io:,1
:blobcatthumbsups@misskey.cf:,1
:sugoi@sushi.ski:,1
:otaku@misskey.io:,1
:wakaru@sushi.ski:,1
:blob_raising_hand@the-box.work:,1
:kessen_no_battlefield@misskey.io:,1
:kb_good2@kmy.blue:,1
:ablobcatcryingcute@misskey.art:,1
:makotoni_ossharu_toori_desuwa@sushi.ski:,1
:balloon5@gp.tsukimi.club:,1
:ai_wave@misskey.io:,1
:4a81_omedetofes@misskey.gamelore.fun:,1
:d_ta@.:,1
:sonnakotoarunda@misskey.io:,1
:ablobcatangel@misskey.io:,1
:iinaa@misskey.art:,1
:amaazi@misskey.io:,1
ğŸŒ¹,1
:huun_etti_zyan@misskey.io:,1
:ameowsadrain@misskey.io:,1
:ainers_misskeyio@misskey.io:,1
:subarashii@misskey.yukineko.me:,1
:nani_ga_hazimarundesu__q@misskey.io:,1
:sinuhodo_tukareteru@misskey.io:,1
â¡,1
:Shiropuyo_gaan@misskey.art:,1
:diggy_a@misskey.io:,1
:super_chat_10000yen@misskey.io:,1
:kowaihanashi@favcalc.com:,1
ğŸŒ‹,1
ğŸ,1
:kiti_gao@misskey.io:,1
:blobcatcry@fedibird.com:,1
:ablobcatrainbow@fedibird.com:,1
:ablobwobroll@misskey.io:,1
:_8@.:,1
:_yu@.:,1
ğŸš—,1
:d_ru@.:,1
ğŸ¥,1
:_mu@.:,1
ğŸŒ¾,1
â›ˆ,1
:hunikideyatteru@misskey.io:,1
:ablobhype@misskey.io:,1
:shinchaku@.:,1
:ultrafastparrot@misskey.cf:,1
ğŸš¶,1
:nullfloofpat@nijimiss.moe:,1
:inochidaijini@nijimiss.moe:,1
:ablobpet@gp.tsukimi.club:,1
:pacochi_wakaru_cat@fedibird.com:,1
:kawaiimatsuri@fedibird.com:,1
:zenjinruimite@.:,1
:murakamisan_tutinoko_otu@misskey.io:,1
:arama@misskey.io:,1
:kiatu_no_sei@misskey.io:,1
:4a6f_ohazari@misskey.gamelore.fun:,1
:hoshii@sushi.ski:,1
ğŸ›€,1
:d_alp@.:,1
:_tsu@.:,1
:kawaii@misskey.cf:,1
:blobcatcofesip@misskey.io:,1
:daijoubu@fedibird.com:,1
:wakarukamo@misskey.io:,1
:meowhuggies@misskey.yukineko.me:,1
:nandato@misskey.io:,1
:arigatou_gozaimasu@misskey.cf:,1
:blob_hyper_nod@misskey.cf:,1
ğŸ¦·,1
:usapoyo_run_gaming@misskey.art:,1
:arukamo@misskey.io:,1
:wakaru@favcalc.com:,1
:kanashiihanasi@fedibird.com:,1
:konbanha@misskey.io:,1
:zenbu_ga_wakattano@misskey.io:,1
:igyo@misskey.sda1.net:,1
ğŸ“¿,1
:kawaii@mk.f72u.net:,1
:byan@misskey.yukineko.me:,1
:meow_aww@nijimiss.moe:,1
:animeahhhhh@misskey.cf:,1
:ablobcatheart@misskey.soda-net.com:,1
:sugee@misskey.cf:,1
:Shiropuyo_heart@calc.04.si:,1
:sutekidane@misskey.io:,1
:aruarutankentai@misskey.io:,1
:yotimu_suki@misskey.io:,1
:power_txt@misskey.io:,1
:suki_yd@novelskey.tarbin.net:,1
:syuki@nijimiss.moe:,1
:oshii@misskey.art:,1
:inochigasukuwareta@nijimiss.moe:,1
:kaogaii@misskey.art:,1
:iizo@misskey.cf:,1
:wa_igyo@my-sky.blue:,1
:kawaisokawaisonanodesu@misskey.io:,1
:meow_photo@misskey.yukineko.me:,1
:at_kobayashi@misskey.io:,1
ğŸ«¶,1
:doggo_floof_pat@trpger.us:,1
:tashi_kani@misskey.art:,1
:polarbear_hayasugi@misskey.noellabo.jp:,1
:sugoi@misskey.yukineko.me:,1
:tyotto_konbini_ittekuru@misskey.io:,1
:subarasii_kanji@misskey.art:,1
:_wa@.:,1
ğŸ­,1
:blobcatholdingblobcat@mi.seritude.com:,1
:blobwanichan@.:,1
ğŸ‘¯,1
:m_ra@.:,1
:suki@sushi.ski:,1
:kawaii@geoplanetary.net:,1
:gogo@novelskey.tarbin.net:,1
:daiigyou@misskey.art:,1
â†©,1
:kyun@misskey.art:,1
:ablobcatcoffee@gp.tsukimi.club:,1
:bakka_omae_ore_ga_tuiteru_daro@misskey.io:,1
:naisuoppai@misskey.art:,1
:blob_hyper_nod@misskey.art:,1
:tensai@trpger.us:,1
:noeskeychan_igyo@fedibird.com:,1
:blobcataww@novelskey.tarbin.net:,1
:4b8f_kawaiine@misskey.gamelore.fun:,1
:d_alz@.:,1
:kisyou_kanryou@misskey.io:,1
:tadakuetadakue@sushi.ski:,1
ğŸ“›,1
:agooglecat@calckey.jp:,1
:ure@misskey.yukineko.me:,1
ğŸª—,1
âš«,1
:yokattabomber@misskey.yukineko.me:,1
:sonnamonoarunda@misskey.io:,1
:hozonsita@.:,1
ğŸ,1
:daitai_atteru@misskey.io:,1
:iizo@misskey.io:,1
:kyouhu@misskey.io:,1
:gorippa@nijimiss.moe:,1
:utsukushii@fedibird.com:,1
ğŸ¤±,1
:kusa_wwwwww@misskey.io:,1
:odaijini@misskey.yukineko.me:,1
ğŸ’¢,1
:irodukai_kirei@misskey.io:,1
:blobbonescarf@calckey.jp:,1
:kakkoii@uhouho.life:,1
:joubutsushite_clemence@misskey.io:,1
:sonomama_fuuton_de_neteore@misskey.io:,1
:blobinlove@calckey.jp:,1
:oyasumi@sushi.ski:,1
ğŸŸ©,1
ğŸ‘©â€ğŸ¼,1
ğŸ«‘,1
:ohayoo@misskey.cf:,1
âœ¡,1
:hotsprings@misskey.io:,1
:nondare@misskey.io:,1
ğŸ›‚,1
ğŸª•,1
:kdgrmngrm_wakaru@misskey.noellabo.jp:,1
:iginasi@misskey.niri.la:,1
:bed_oide@misskey.io:,1
ğŸ’¸,1
:sleeping_ai@misskey.io:,1
:gyu2@misskey.io:,1
:nyanpuppu@nijimiss.moe:,1
:ttewake_2@.:,1
:igyo@trpger.us:,1
:waltu@misskey.io:,1
:Shiropuyo_Rainbow@misskey.art:,1
:strongzero@misskey.io:,1
:meowmelt@misskey.io:,1
:meow_enjoy-rain@misskey.niri.la:,1
:bunhdheart@favcalc.com:,1
:wakaritetsuya@gp.tsukimi.club:,1
:super_igyo@misskey.yukineko.me:,1
:erait@misskey.yukineko.me:,1
:kakkoii@fedibird.com:,1
:kakkoii@maniakey.com:,1
:kaisai@.:,1
:goodnoakiko@misskey.art:,1
ğŸ’˜,1
:meowflower@misskey.io:,1
:genbaneko_yoshi@misskey.io:,1
:Shiropuyo_oyasumi@misskey.art:,1
:ochituke@misskey.art:,1
:blobcattired@fedibird.com:,1
:blobcataww@fedibird.com:,1
:utukusii@uhouho.life:,1
:eiyuu_kickit@misskey.io:,1
:ohayougozaimasu@tanukey.chat:,1
:ohayougozaimasu@sushi.ski:,1
:odaijini@misskey.art:,1
:kyou_kohun_tonderu__q@misskey.io:,1
:_fu@.:,1
:d_hu@.:,1
:ablobcatheart@fedibird.com:,1
:kayowai@misskey.io:,1
:donmai@misskey.io:,1
:t_oishii@misskey.io:,1
:blobcatheart2@fedibird.com:,1
ğŸ’Š,1
:youkoso@misskey.art:,1
:saikou@sushi.ski:,1
:mahou_syouzyo@misskey.io:,1
:mochimochi@gp.tsukimi.club:,1
:ara_steak@misskey.io:,1
:yorosiku_onegai@misskey.io:,1
ğŸŒƒ,1
:blobcatflower@maniakey.com:,1
:toutoi@misskey.yukineko.me:,1
:araa@misskey.io:,1
:wakaru@p1.a9z.dev:,1
:yattane@fedibird.com:,1
ğŸŒ²,1
ğŸ¥£,1
:ganbaruzoi@misskey.io:,1
:blobcatbreadpeek@misskey.art:,1
:meowbongopat@misskey.io:,1
:ohayougozaimasu@maniakey.com:,1
:emoji_too_much@misskey.io:,1
:blobcatheadbang@my-sky.blue:,1
:omaegaichibanya@sushi.ski:,1
:wakarimi@uhouho.life:,1
:petthex_ankorino@sushi.ski:,1
:5d89_sorawotobu@misskey.gamelore.fun:,1
:6a93_nanka_sugosou@misskey.gamelore.fun:,1
:kin@misskey.io:,1
ğŸ’Ÿ,1
:syogyou_muzyou@misskey.io:,1
:ablobcatfloofpat@nijimiss.moe:,1
ğŸ‚,1
ğŸ‘¨â€âš–ï¸,1
:_to@.:,1
ğŸ§,1
:mayonnaisekaketeagemashoune@misskey.io:,1
:kawaii@uhouho.life:,1
:abunhdhappyhop@misskey.io:,1
:petthex_blobcat_frustration@misskey.io:,1
ğŸ¦´,1
:ara_kawaii@misskey.io:,1
:manabi@misskey.io:,1
:blobnervous2@misskey.io:,1
:ablobattention@mojiskey.tarbin.net:,1
:syuki@mojiskey.tarbin.net:,1
:kakkoii@mojiskey.tarbin.net:,1
:aisuice@misskey.art:,1
:pakupakudesuwa@nijimiss.moe:,1
:ablobcathungry@nijimiss.moe:,1
:skeb@gp.tsukimi.club:,1
:kashinikyoukanshita@misskey.art:,1
:suki_yd@mojiskey.tarbin.net:,1
:eigaka_kettei@misskey.io:,1
:onaziku@misskey.io:,1
:4b63_kattare@misskey.gamelore.fun:,1
ğŸ“,1
ğŸ¥¹,1
:6044_daisuki@misskey.gamelore.fun:,1
:hiza_ni_ya@misskey.io:,1
:ikiterudakedeerai@sushi.ski:,1
:snoah_pain_tears@gp.tsukimi.club:,1
ğŸª¸,1
:tenkatori@sushi.ski:,1
:kanasii_hanasi@fedibird.com:,1
:d_gu@.:,1
ğŸ”,1
:matane@misskey.io:,1
:Shiropuyo_naruhodo@misskey.art:,1
:saikou2@misskey.yukineko.me:,1
:honnwaka@misskey.yukineko.me:,1
:chiken@misskey.yukineko.me:,1
:t_wakarimitaro@misskey.io:,1
:hoshii_hoshii@misskey.art:,1
:koresuki@misskey.cloud:,1
:usodesyo_ooo@misskey.io:,1
ğŸˆ,1
:waai@misskey.io:,1
ğŸ˜µâ€ğŸ’«,1
:ablobcatbongotap@gp.tsukimi.club:,1
ğŸ‘‡,1
:kakugo@misskey.io:,1
:sonomamano_kimideite@misskey.io:,1
ğŸ´,1
ğŸ§¶,1
:blob_pencheer@fedibird.com:,1
:nxjohaaz@misskey.io:,1
:gokigenyou@uhouho.life:,1
:ablobhypersad@sushi.ski:,1
:yattaruwa@misskey.io:,1
:kawaiixtu@sushi.ski:,1
:sorena@sushi.ski:,1
:happy@trpger.us:,1
:igyo_danya@nijimiss.moe:,1
:kawaii@misskey.dev:,1
ğŸ‘²,1
:happy@misskey.io:,1
:zariko_call@misskey.gamelore.fun:,1
:gojiai@fedibird.com:,1
:neko_nadenade_nya@misskey.systems:,1
:suchi@misskey.art:,1
:blobcatadorable@misskey.cloud:,1
:yaa@nijimiss.moe:,1
:naruhodo@misskey.noellabo.jp:,1
:kyouzin_muteki_saikyou__i@misskey.io:,1
:okaeribomber@misskey.yukineko.me:,1
:dosi_1@misskey.io:,1
:omedeto_matsuri@nijimiss.moe:,1
ğŸ¥„,1
:wakarimi@fedibird.com:,1
:iihanashi_zh@misskey.io:,1
:kangei@misskey.io:,1
:sinsei_ore_ha_matteru@misskey.io:,1
:ore_no_kotoka@misskey.io:,1
:kore@misskey.io:,1
:igyo@misskey.nokotaro.com:,1
:jisseki_kaijyo@misskey.io:,1
ğŸ¨,1
:subarashii@fedibird.com:,1
:seiheki@misskey.io:,1
:yusyo@nijimiss.moe:,1
ğŸ©,1
:ablobmeltsoblove@fedibird.com:,1
ğŸŸ,1
ğŸ‡®ğŸ‡ª,1
:sarabada@.:,1
:25b1_ohayougozaimasu_gif@misskey.gamelore.fun:,1
:blobcatcheer2@my-sky.blue:,1
:wa_ohayou@my-sky.blue:,1
:ohayou@hemokey.hemomo.com:,1
:_effv85b1_@nijimiss.moe:,1
:ablobcatnodhyper@gp.tsukimi.club:,1
:iizo@nijimiss.moe:,1
:naruhodobomber@misskey.yukineko.me:,1
:erait@gp.tsukimi.club:,1
:kono_kasi_watasi_no_kotoda@misskey.io:,1
:gustafgaveyoumyheart@misskey.io:,1
:Shiropuyo_tiken@misskey.art:,1
:arigatougozaimsu@fedibird.com:,1
:husigi@misskey.io:,1
:comfyyes@misskey.io:,1
:tsuyoso@misskey.io:,1
:igyou_wo_mitodoke_yo@misskey.io:,1
:_bo@.:,1
:teetee@misskey.io:,1
:suteki@maniakey.com:,1
:mettya_wakaru@fedibird.com:,1
ğŸ§«,1
:meow_meltheart@misskey.yukineko.me:,1
:haisensu_mega@misskey.art:,1
:blobcatheartbongo@misskey.art:,1
ğŸ”³,1
ğŸ’,1
:bikkurihatena@misskey.yukineko.me:,1
ãŠ™,1
:4444_iiyumemitare@misskey.gamelore.fun:,1
:t_oyasumi@fedibird.com:,1
:hieltu@misskey.art:,1
:mochi_tsuite@misskey.io:,1
:meowSleeping@misskey.art:,1
ğŸš„,1
ğŸ‘•,1
:4a63_oha@misskey.gamelore.fun:,1
:gojiai@nijimiss.moe:,1
:parrot_thumbup@misskey.noellabo.jp:,1
:veryx2_sad@misskey.noellabo.jp:,1
:egarasuki@fedibird.com:,1
:totemo_kawaii@ph1.ains-no-misskey.com:,1
:hyper_vibecat@misskey.io:,1
:ablobcatnod@fedibird.com:,1
:yuushou@misskey.io:,1
:_mi@.:,1
:iiyone@misskey.yukineko.me:,1
ğŸ¤¾â€â™‚ï¸,1
â›³,1
ğŸ†,1
:tuyobi@misskey.io:,1
ğŸ‘¨â€ğŸ«,1
:kawaiii@misskey.04.si:,1
:hanamaru@misskey.io:,1
:taikin@.:,1
:otachan_drinking@misskey.io:,1
âœˆ,1
:ablobcatreachflip@misskey.niri.la:,1
:waai@misskey.art:,1
:blobcatbigfan@fedibird.com:,1
:cuteblob_sleeping@misskey.yukineko.me:,1
:sonnaa@nijimiss.moe:,1
:ablobcatheartsqueeze@my-sky.blue:,1
:_4@.:,1
:flanbounce@sushi.ski:,1
:ablobgoodnightreverse@misskey.gamelore.fun:,1
:fetch@gp.tsukimi.club:,1
:sonnaa@misskey.io:,1
:ba90@misskey.io:,1
:subarashii@warpday.net:,1
:iine@novelskey.tarbin.net:,1
:tashikani@misskey.io:,1
ğŸ“»,1
:ohayou@trpger.us:,1
:wakaru1000@tiri.ninja:,1
:aru@misskey.io:,1
:d_bo@.:,1
ğŸ¹,1
ğŸŒ³,1
:resonyance@misskey.noellabo.jp:,1
:tako@misskey.io:,1
ğŸª”,1
ğŸ¦¹â€â™‚ï¸,1
:kakkoii@misskey.noellabo.jp:,1
ğŸ”«,1
ğŸ–Œ,1
ğŸ‘ ,1
:blobowosquint@misskey.io:,1
:tsutawareeee@.:,1
:poyopoyo@misskey.io:,1
:ablobdj@misskey.io:,1
:ramen_zirou@misskey.io:,1
ğŸµ,1
:ara_suteki@sushi.ski:,1
:d_xya@.:,1
:dekirudekiru@nijimiss.moe:,1
:nee@misskey.art:,1
:isshoni_kakujikken_shiyo@sushi.ski:,1
:ablobattentionreverse@mk.shrimpia.network:,1
:daikoubutsu@fedibird.com:,1
ğŸŒ®,1
:aruaru@misskey.yukineko.me:,1
:otoku@misskey.io:,1
:saikou@misskey.noellabo.jp:,1
:blobcataww@misskey.noellabo.jp:,1
:blobcatcoffee@novelskey.tarbin.net:,1
:rnmaturi@.:,1
:baked_mochomocho@misskey.io:,1
:partyparrot@misskey.art:,1
:kuukikansuki@fedibird.com:,1
:sukida@fedibird.com:,1
:sugokunaidesuka@nijimiss.moe:,1
:sugoi@nijimiss.moe:,1
ğŸ™,1
:kokomadehaidoku@.:,1
:logbo_wasuretenai@misskey.io:,1
:ganbaru_ka_tyou_ganbaru_ka_no_2taku_de_kangaete_kudasai@misskey.io:,1
:henpin@misskey.io:,1
ğŸª¬,1
ğŸ¤¾â€â™€ï¸,1
:soremomatajinsei@misskey.io:,1
:tinsukou@misskey.io:,1
ğŸ¥«,1
ğŸ’¼,1
ğŸ’¤,1
:soukamo@favcalc.com:,1
:kore_koso_ga_tie_no_dendou@misskey.io:,1
:suru_to_zouki_hason_de_sinimasu@misskey.io:,1
:kyoukyuu@.:,1
:taiko_muzukasii@misskey.io:,1
:kansha@maniakey.com:,1
:ablobgoodnightreverse@maniakey.com:,1
:Shiropuyo_kawaii@calc.bal.ovh:,1
:maanantekoto@misskey.io:,1
:gojiaishite@misskey.art:,1
:tamaran@misskey.art:,1
:youkoso_kyuusai@misskey.art:,1
:ippai@misskey.io:,1
:maroyaka@.:,1
:sore@misskey.yukineko.me:,1
:kusa@mk.shrimpia.network:,1
:blobglassesdown@misskey.io:,1
ğŸš²,1
:blobbonecomfyautism@calckey.jp:,1
:kan@.:,1
:ohannyo@misskey.io:,1
:parrot@misskey.io:,1
:sawayaka@misskey.io:,1
:desunoyo@misskey.yukineko.me:,1
:kakkoii@favcalc.com:,1
:wakariminokina@nijimiss.moe:,1
:meow_hungry@misskey.io:,1
:5544_saikou@misskey.gamelore.fun:,1
:reaction_gobaku_geinin@.:,1
:suki_heart@misskey.yukineko.me:,1
ğŸ¥‡,1
ğŸ‘¶,1
:eiyou_ga_aru@misskey.io:,1
:resonyance@maniakey.com:,1
:ai_yaysuperfast@misskey.io:,1
:uooooaaaxtu__i@misskey.cf:,1
:omedetou@fedibird.com:,1
:blobcalll@misskey.yukineko.me:,1
:yokutteyo@misskey.io:,1
:kawaii2@gp.tsukimi.club:,1
:sonnakotonai@misskey.io:,1
:oh@misskey.io:,1
:kanasii_hanasi@nijimiss.moe:,1
:kyawaii@nijimiss.moe:,1
:igyo@maniakey.com:,1
:arigato@fedibird.com:,1
:sekiro_death@mk.shrimpia.network:,1
:ablobbonebath@calckey.jp:,1
:polarbear@mk.shrimpia.network:,1
:ohayou@misskey.yukineko.me:,1
:kakkoii@sushi.ski:,1
:ohayoo@fedibird.com:,1
:soukamo@misskey.noellabo.jp:,1
:ike_kemo@misskey.io:,1
:tasikanichan@fedibird.com:,1
:meow_noddies@misskey.yukineko.me:,1
:saikou@trpger.us:,1
:hiltu@misskey.yukineko.me:,1
:thunderbird@misskey.io:,1
:ai_blink_nod@misskey.io:,1
:noeskeychan_tiken_chicken@misskey.noellabo.jp:,1
:d_mo@.:,1
:misskey2022@misskey.io:,1
:oishi@nijimiss.moe:,1
ğŸ¯,1
:sokoni_nakereba_naidesune@misskey.io:,1
:tensai2@misskey.io:,1
:sorena@misskey.io:,1
:shiropuyo_yes@misskey.gamelore.fun:,1
:blobigyoumochi@uhouho.life:,1
:nouzei@misskey.io:,1
ğŸ’»,1
:daikansya@misskey.io:,1
:otukaresama@novelskey.tarbin.net:,1
:kiyakuniaru@.:,1
:kusa@nijimiss.moe:,1
:oshimai@misskey.io:,1
:ablobcat_nyanpuppu_to_be_continued@misskey.io:,1
:d_1@.:,1
:iine@misskey.cf:,1
:sorehasou@misskey.io:,1
ğŸ¦˜,1
:catblob_hug_murakamisan_tutinoko@misskey.io:,1
:blobblackcat@calckey.jp:,1
:d_excla@.:,1
:kawaii@nijimiss.moe:,1
:saikeimaturi@.:,1
:suyarinko@misskey.io:,1
:kawaiikawaiine@nijimiss.moe:,1
:toutoi@misskey.art:,1
:subarac@misskey.io:,1
:ablobcatnod@mk.shrimpia.network:,1
ğŸ•¯,1
:sugoihanashi@mk.shrimpia.network:,1
ğŸ‘Š,1
:nete@misskey.io:,1
ğŸ’œ,1
:iine@misskey.noellabo.jp:,1
:Shiropuyo_hohoemi@misskey.art:,1
:sorena@favcalc.com:,1
:gokigenyou@sushi.ski:,1
:tiken@mi.mashiro.site:,1
:ablobcatfloofpat@kagamisskey.com:,1
:ablobaww@kagamisskey.com:,1
ğŸŸ¦,1
ğŸ§¢,1
:hiroshi_thumbs_up@sushi.ski:,1
:tiken_da@nightly.fedibird.com:,1
:oishiso_blob1@fedibird.com:,1
:blobcatlove@fedibird.com:,1
:omedetou@misskey.art:,1
ğŸ¤¡,1
:4a64_otukaresama@misskey.gamelore.fun:,1
:tyotto_tigau@misskey.io:,1
:itiban_ii_kyoku@misskey.io:,1
:tensai@misskey.art:,1
:ablobcatnodhyper@fedibird.com:,1
:blobcatsunglasses@misskey.art:,1
:emoit@fedibird.com:,1
:majidegozaruka@fedibird.com:,1
:oyasumisskey@mk.shrimpia.network:,1
âŒ¨,1
:ai_embarrassed_misskeyio@misskey.io:,1
:seikai@misskey.art:,1
:Shiropuyo_galaxy@misskey.art:,1
:majisuka@misskey.art:,1
:aramaa@misskey.art:,1
:blank@misskey.art:,1
:pudding_tate@misskey.art:,1
:sonnakotonai@misskey.art:,1
:l_hoshii@misskey.art:,1
:odaijini@misskey.cf:,1
:ablobcathyper@misskey.art:,1
:ablobcatheartsqueeze@shota.house:,1
:ablobcat_hai@misskey.gamelore.fun:,1
:maanantekoto@fedibird.com:,1
:is_all_scam@misskey.io:,1
:hade_ni_yarujaneeka@misskey.io:,1
:daikansya@misskey.yukineko.me:,1
ğŸš€,1
:yatteosimai@nijimiss.moe:,1
:souiuhimoaru@fedibird.com:,1
:panpuppu@misskey.io:,1
:yami_ga_hukai@misskey.io:,1
:Shiropuyo_galaxy@calckey.jp:,1
:4a44_oideyo@misskey.gamelore.fun:,1
ğŸ—¼,1
:d_ra@.:,1
:supertada@misskey.art:,1
:eyes_fidgeting@misskey.yukineko.me:,1
:moutasukaranaizo@misskey.io:,1
â˜£,1
:emoit@nijimiss.moe:,1
ğŸ¥µ,1
:shiropuyo_galaxy@chunchun.world:,1
:wakarimibomber@novelskey.tarbin.net:,1
:pakupakudesuwa@misskey.io:,1
:t_yatta_@sushi.ski:,1
:emoit@favcalc.com:,1
:carnival@fedibird.com:,1
:tiken@favcalc.com:,1
:kawae@fedibird.com:,1
:yarundayo@.:,1
ğŸ‡¸ğŸ‡ª,1
:onajiku@fedibird.com:,1
:koresuki@misskey.04.si:,1
:muzukashiihanashi@fedibird.com:,1
:happy@fedibird.com:,1
:sonnakoto_itte_iinoka@misskey.io:,1
:poetto@fedibird.com:,1
:ozisan@misskey.io:,1
:kami_hantei@misskey.io:,1
:kanzennisore@misskey.io:,1
:natsu@misskey.io:,1
:wakaru2@fedibird.com:,1
:omoshiroihanashi@fedibird.com:,1
:okaerinasaimase@sushi.ski:,1
:ouenshitemasu_2@fedibird.com:,1
:utsukushii@misskey.cloud:,1
:blobcatfluffhappy@misskey.cloud:,1
:nyanpuppu@misskey.art:,1
:yeah__i@misskey.io:,1
:hikari_are@misskey.io:,1
ğŸ¤œ,1
:hoshii@fedibird.com:,1
:smiling_face_with_a_lot_of_hearts@misskey.io:,1
:blobfoxcomfy@calckey.jp:,1
:oyasunasai@fedibird.com:,1
:yonutiwo@misskey.io:,1
:ablobaww@mk.shrimpia.network:,1
ğŸ´â€â˜ ï¸,1
:d_he@.:,1
:d_so@.:,1
:iihanashi@kagamisskey.com:,1
ğŸ‘´,1
ğŸš•,1
:ohayo@fedibird.com:,1
:itowokashi@fedibird.com:,1
:kansha@misskey.cf:,1
:axolotl_thumbsup@misskey.io:,1
:ohayou_wide@maniakey.com:,1
:shirokuma_ohayou@sushi.ski:,1
:hayasugite_mienai@misskey.io:,1
:onaka_pekosugi_no_kei@misskey.io:,1
:odaizini@misskey.niri.la:,1
ğŸ¸,1
:pakupakudesuwa@fedibird.com:,1
:_i@.:,1
:ablobfoxbongo@calckey.jp:,1
:daijoubu_ask@misskey.io:,1
:fufu@fedibird.com:,1
:mechakawabomber@misskey.yukineko.me:,1
:8f4b_wakarimi@misskey.gamelore.fun:,1
ğŸŠ,1
:tanoshimi@fedibird.com:,1
:meow_aww@premis.one:,1
ğŸ‡¦ğŸ‡º,1
:inu@fedibird.com:,1
:pho_n@misskey.yukineko.me:,1
:ablobmelting@uhouho.life:,1
:sunrise_over_pudding@misskey.art:,1
:ablobhop@fedibird.com:,1
:mottoyare@sushi.ski:,1
:d_te@.:,1
:d_pu@.:,1
:kowaihanashi@fedibird.com:,1
:sore@misskey.art:,1
:sugoi@fedibird.com:,1
:mottoyare@fedibird.com:,1
:omizunome@fedibird.com:,1
:3225_renote@misskey.gamelore.fun:,1
:wakaru@trpger.us:,1
:dam_curry@fedibird.com:,1
:suteki@warpday.net:,1
:ikite@misskey.io:,1
ğŸ§¡,1
:rythmicalparrot@fedibird.com:,1
ğŸ’«,1
:d_sa@.:,1
:tatakau_riyuu_ha_mitukatta_ka__q@misskey.io:,1
:bunpats@misskey.io:,1
:blobnod@fedibird.com:,1
ğŸ‘,1
:hayoyare@sushi.ski:,1
ğŸ§…,1
:oyasumisskey@nijimiss.moe:,1
:oyasumi2@uhouho.life:,1
:mogu@misskey.yukineko.me:,1
:maasuteki@fedibird.com:,1
:ara_suteki@misskey.noellabo.jp:,1
:ota@misskey.yukineko.me:,1
:meow_noddies@misskey.niri.la:,1
:wakatta@misskey.io:,1
:blobhaj_golly@calckey.jp:,1
:blobfoxheartcute@calckey.jp:,1
:ablobcatfloofpat@misskey.niri.la:,1
:wakuwaku@fedibird.com:,1
:ablobcatangel@sushi.ski:,1
:kami_gee@misskey.io:,1
:daisuki@misskey.noellabo.jp:,1
:chasmo@fedibird.com:,1
:gokigenyou@fedibird.com:,1
:inochi@fedibird.com:,1
:ablobblastoff@fedibird.com:,1
ğŸš,1
:hahaue@misskey.io:,1
:puro@misskey.io:,1
:kanryo@.:,1
:gbgb@fedibird.com:,1
:ooo_otitsuite@misskey.io:,1
:yabaiwayo@misskey.io:,1
:kawaisugiru@fedibird.com:,1
:okaeri@fedibird.com:,1
:_xyu@.:,1
:_ro@.:,1
:daisuki_mega@misskey.art:,1
:wakaru_wa@misskey.io:,1
:ablobcatnodblink@fedibird.com:,1
:334@misskey.io:,1
:tasukarufes@misskey.noellabo.jp:,1
:ittekimasu@.:,1
âš™,1
:blobcatheartbongo@fedibird.com:,1
:kowai@misskey.io:,1
:soukamo@mi.mashiro.site:,1
:itooshii@fedibird.com:,1
:kawaii@misskey.noellabo.jp:,1
:erai@misskey.cf:,1
:boob@fedibird.com:,1
:furohaittekuru@.:,1
:nekochan@misskey.yukineko.me:,1
:kyodaikanjou@.:,1
:kawaisou_ha_kawaii@misskey.art:,1
:shiropuyo_hirameki@chunchun.world:,1
:ablobsmilehappy@trpger.us:,1
:ecchijan@misskey.art:,1
:zenjinrui_mite@misskey.art:,1
:ablobcatfloofpat@mk.shrimpia.network:,1
ğŸ§šâ€â™€ï¸,1
:ai_yay@mk.shrimpia.network:,1
:polarbear_crying@mk.shrimpia.network:,1
:odaijini@nijimiss.moe:,1
:cozynap@fedibird.com:,1
:ariariariari@misskey.io:,1
:wakaruwakaruwakaru@misskey.art:,1
:blob_hyper_nod@misskey.io:,1
:meow_resonyance@misskey.yukineko.me:,1
:yasashii_sekai@misskey.io:,1
:ooo_otitsuite@soukun.xyz:,1
:zyaga_butter@misskey.io:,1
ğŸ«§,1
:arigato@misskey.io:,1
:nyaan@fedibird.com:,1
:parrot_evil@fedibird.com:,1
:instagram@fedibird.com:,1
:blue_fishthink@fedibird.com:,1
:yuusyou@misskey.yukineko.me:,1
:tabetai@fedibird.com:,1
:parrot_fast@trpger.us:,1
:ociizo@fedibird.com:,1
:meow_bongo_pat@nijimiss.moe:,1
:kawaii_xtu__i@misskey.cf:,1
:suki@misskey.cf:,1
ğŸ‡¬ğŸ‡·,1
:kawaii_@tyazzkey.work:,1
:iikotoiu@misskey.io:,1
:makotoniossharutooridesuwa@misskey.io:,1
:hou@fedibird.com:,1
:death_tale@fedibird.com:,1
:utsukushii@misskey.noellabo.jp:,1
:kami@misskey.io:,1
ğŸ”¨,1
ğŸ¤–,1
:dareda_imano@fedibird.com:,1
:dareda_imano@misskey.io:,1
:kawaikute_sinda@fedibird.com:,1
:d_ala@.:,1
:d_alb@.:,1
:d_ke@.:,1
:bungou2@misskey.io:,1
:blobcatheartbongo@misskey.cloud:,1
:hao@nijimiss.moe:,1
:blobcat_yoshiyoshi@misskey.art:,1
:watashimo@misskey.art:,1
:uwa_xtu@misskey.cf:,1
:d_ho@.:,1
:soudane@misskey.io:,1
:nan_dato_@misskey.io:,1
:blobfoxfingerguns@calckey.jp:,1
:d_si@.:,1
:blobsob@misskey.art:,1
:Shiropuyo_headbang@misskey.art:,1
:ike@sushi.ski:,1
:d_nu@.:,1
:hiragana_ne@sushi.ski:,1
:yoo__i@mk.shrimpia.network:,1
:ablobbongolove@mk.shrimpia.network:,1
:hanashi@.:,1
:hukai@.:,1
:sugeewakaru@nijimiss.moe:,1
:resonyance@misskey.art:,1
:blobcatbirthday@misskey.noellabo.jp:,1
:daiigyo@nijimiss.moe:,1
:watakushimoshiritaidesuwa@fedibird.com:,1
:iineko@premis.one:,1
:sugoi2@premis.one:,1
:osoyoo@misskey.io:,1
ğŸ,1
:yattare@fedibird.com:,1
:utsukushii@misskey.yukineko.me:,1
:igyo_no_tatuzin@fedibird.com:,1
ğŸ«’,1
:arigatou_gozaimasu@favcalc.com:,1
:t_oishii@fedibird.com:,1
:suzuyaka@fedibird.com:,1
:yattare@mk.shrimpia.network:,1
:blobhai@fedibird.com:,1
:kuse_ga_sugoi@misskey.io:,1
:zenbei_ga_naita@misskey.io:,1
:wakaruwakaru@nijimiss.moe:,1
:kokoro_ga_hutatu_aruu@misskey.io:,1
:4444_zariko_iine@misskey.gamelore.fun:,1
:uwa_xtu@misskey.yukineko.me:,1
:4b63_kakkoii@misskey.gamelore.fun:,1
:4b63_kawawa@misskey.gamelore.fun:,1
ğŸ†—,1
:parrot_sorena@misskey.life:,1
:parrot_twin@misskey.cloud:,1
ğŸ‘‚,1
