:petthex_p@.:,49965
:kawaiine2@.:,43847
:3152@.:,39653
:oremooremo@.:,26891
:wakaruman@.:,26382
:kusa@.:,23347
:uwa@.:,17416
:yeaaah@.:,14169
:sugee_wakaru@.:,13098
:hoshiiiiii@.:,13067
:ne@.:,12632
:takusan_kue@.:,12578
:woooo@.:,12491
:umaretekitekuretearigatou2@.:,12344
:iizo@.:,12056
:oishisou@.:,10340
:a2@.:,9577
:honsitu_jouhou@.:,9547
:sore@.:,9283
:bikkuri2@.:,8800
:chiken_@.:,8708
:p_otacry@.:,8534
:ofayougozaimasu@.:,8063
:p_cry@.:,7577
:yahho@.:,7572
:naruhodo@.:,7529
:sorena@.:,7419
:iinee@.:,7375
:igyobanboshi@.:,7337
:megamega_wakaru@.:,7282
:tashikani@.:,7072
:un@.:,7053
:omedetto@.:,6873
:soudasouda@.:,6709
:ohayo_asada_sidem@.:,6460
:ohayoo@.:,6295
:murisezu@.:,6245
:ohadora@.:,6208
:oha@.:,6059
:soukamoshirenee@.:,5902
:oyasuemu@.:,5819
:p_smile@.:,5738
:odaijini_nya@.:,5737
:omu2@.:,5544
:p_nod@.:,5260
:ohatessimo@.:,5201
:koresuki@.:,5120
:iine@.:,5051
:morning@.:,4936
:yattare@.:,4920
:sorette_315_dane@.:,4893
:ohayo_heart@.:,4796
:hontosore@.:,4775
:ganbaree@.:,4659
:amarinimoii@.:,4642
:festival2@.:,4623
:ofa@.:,4457
:ohaage@.:,4402
:wakaru_power@.:,4234
:p_rainbow@.:,4233
:otstukare2@.:,4081
:igyochan@.:,4064
:e_kowa@.:,4030
:wakaru_deep@.:,3969
:wakaru2@.:,3878
:p_aww@.:,3791
:wakannee@.:,3788
:oremoo@.:,3779
:hontonisou@.:,3779
:minnaiitteittemasu@.:,3756
:soudasouda2@.:,3723
:igyogasetouma@.:,3704
:ohagasetoma@.:,3647
:wakaru4@.:,3632
:sorehasou@.:,3535
:mieta@.:,3518
:oyasumi_india_night@.:,3471
:igyoin@.:,3428
:tasukaru@.:,3425
:kakkoii2@.:,3424
:sugooi@.:,3369
:tsuyoi2@.:,3319
:otsukare_producer@.:,3317
:315igyo@.:,3313
:p_bounce@.:,3252
:kawaiiiiiiii@.:,3201
:ittare@.:,3195
:makotonisouomou@.:,3172
:suki@.:,3080
:suteki@.:,3064
:kamosirenee@.:,2960
:odaizini@.:,2860
:hai@.:,2842
:aruaru@.:,2812
:nadenade_nya@.:,2806
:souiukotomoaruyone@.:,2795
:ohalege@.:,2753
:oyasuefu@.:,2685
:sutekidanee@.:,2632
:ohayogozaimasem@.:,2631
:zuzozo@.:,2599
:unun_nya@.:,2550
:party@.:,2482
:arigatonee@.:,2445
:ofuton@.:,2432
:hibikaseyouze@.:,2406
:aruarualtessimo@.:,2404
:wakarman@.:,2398
:mitakotoaru@.:,2293
:minogasanaize@.:,2285
:ohata@.:,2242
:yokose@.:,2232
:p_clap@.:,2232
:theohado@.:,2220
:kawaii@.:,2211
:soukamo@.:,2209
:okaeri@.:,2204
:dekai@.:,2200
:fight@.:,2188
:damedayo@.:,2186
:subetesagidesu@.:,2181
:aru@.:,2164
:50percentno_oredattandayo@.:,2156
:wakaru3@.:,2134
:oi_tendou@.:,2120
:p_eat@.:,2118
:ohiruyasumisskey@.:,2116
:namikaketeagemasyoune@.:,2108
:oishii@.:,2049
:ohasuke@.:,2024
:kiken@.:,2019
:315cacaoikuseimeijin@.:,2003
:tanomu@.:,2001
:erai@.:,1958
:sonnani2@.:,1955
:ippai@.:,1948
:p_lightota@.:,1931
:dancing_nya@.:,1931
:p_crazy@.:,1920
:araara@.:,1887
:oyasuta3@.:,1873
:do@.:,1873
:hideo_morning@.:,1869
:wa@.:,1852
:nice_intelli@.:,1841
:mu2@.:,1820
:taigatanomu@.:,1810
:wakaruyo2@.:,1796
:arigatto@.:,1781
:p_space@.:,1771
:totonottayo2@.:,1760
:sukoyaka@.:,1741
:hokaeri@.:,1686
:ofayou@.:,1673
:iina_@.:,1661
:itterasshai@.:,1647
:kawaii_dakuten@.:,1636
:nyannyan@.:,1626
:ohayato@.:,1626
:ganbare@.:,1618
:plus_1_good_morning@.:,1593
:uwaai@.:,1591
:otsucurry@.:,1562
:kawaisugiru@.:,1555
:piichan_okaeri@.:,1547
:ohanohaamehiko@.:,1546
:saigyo_daitensai@.:,1545
:konokashiorenokotoda@.:,1530
:festival@.:,1527
:p_upset@.:,1524
:o_oremo@.:,1522
:oha_hahhahha@.:,1518
:carnival@.:,1502
:roujinkai@.:,1490
:nome@.:,1483
:ohashitajiro@.:,1481
:kakaomedetougozaimasu@.:,1468
:kashinikyoukanshita@.:,1460
:umi_ga_miemasu2@.:,1454
:chottowakaru@.:,1454
:inutte_kawaiiyona@.:,1444
:p_torokeru@.:,1442
:oharonchris@.:,1422
:otsu_lege@.:,1419
:chu@.:,1405
:ore@.:,1405
:yadayada@.:,1400
:wakari_eisin@.:,1381
:exclamation@.:,1376
:kashikoi@.:,1372
:p_blush@.:,1368
:imasugu_sankasuru@.:,1355
:oninochi_kakerune@.:,1354
:kawaiine3@.:,1346
:hie@.:,1346
:taisetsu@.:,1329
:yattaa@.:,1318
:taisetsuni_nasattekudasai2@.:,1317
:ohayougozaimasu@.:,1307
:saikou@.:,1306
:taisetsuninasatteirune@.:,1304
:sugee2@.:,1304
:shingi@.:,1303
:hontouni@.:,1287
:ouen_nya@.:,1282
:boaa_2@.:,1280
:sugoiyo_kyouji@.:,1279
:yasashiisekai@.:,1279
:oide@.:,1267
:judenshite@.:,1266
:oremo@.:,1256
:lets_go@.:,1245
:sonna_@.:,1237
:mini_oh@.:,1212
:arigatou@.:,1195
:yabai@.:,1190
:iinyade@.:,1188
:oyagasetoma@.:,1185
:ai2@.:,1184
:okaerinasai@.:,1179
:tanoshindekitene@.:,1172
:iiyo@.:,1165
:goyojin@.:,1156
:honmani@.:,1156
:kininaru@.:,1156
:igyo_@.:,1153
:makenee@.:,1153
:kizuna@.:,1151
:daisuki@.:,1148
:sounano@.:,1138
:hanashihasyodekiku@.:,1137
:kanonhousya@.:,1126
:omu_kaketeagemashoune@.:,1123
:igyo_naru_kimihe@.:,1119
:tsukigadetazo@.:,1117
:p_lightfast@.:,1117
:nekochan@.:,1110
:sorette_aidane@.:,1103
:hoshii@.:,1098
:suki2@.:,1096
:ohasokuikkon@.:,1090
:gokugokuen@.:,1089
:orenimo_hitokuchi_kajirasetekure@.:,1083
:yattaaaaaiii@.:,1083
:kimihahitorijanai_2@.:,1069
:mizu@.:,1067
:kachikomi_jaa@.:,1066
:ohaocean@.:,1064
:zencho_15m@.:,1061
:ohayou_satisfaction@.:,1061
:question@.:,1056
:hokatera@.:,1039
:hand_spiner3@.:,1033
:good_morning@.:,1032
:omedetougozaimasu@.:,1027
:uxtsu@.:,1010
:muscle_chance@.:,1006
:taihen@.:,1002
:oyo@.:,995
:araara2@.:,992
:kachitee@.:,991
:aimamogi@.:,987
:yokatta@.:,983
:oyatessimo@.:,981
:nai@.:,979
:inunokatachi_shiterundaze@.:,974
:goanzenni@.:,966
:shimauyo@.:,965
:tadanotensai@.:,964
:amamine_internetyamero@.:,962
:eraizo_jiro@.:,956
:soudane@.:,955
:omaesan2@.:,949
:passion2@.:,948
:sugoi@.:,941
:oredayo_ore@.:,939
:p_ow@.:,937
:bomber@.:,916
:mitai@.:,916
:hideooooo@.:,915
:heeee@.:,913
:yokubarisan@.:,904
:heki@.:,897
:zenbu@.:,895
:kanzennasonzaitonaru@.:,884
:ikiro@.:,883
:saikyo_daitensai@.:,881
:oyasumi@.:,872
:ohataiga@.:,870
:taihoda@.:,857
:undekuretearigatou@.:,857
:suibunhokyu@.:,850
:hayaiwa@.:,834
:sekaiga_koini_ochitayo@.:,832
:ohamofu@.:,829
:genkina_kinningen2@.:,828
:wow2@.:,825
:ohoho@.:,824
:atsuatsu_torotoro@.:,817
:natsukashii@.:,813
:sonnakotonai@.:,813
:mitai2@.:,813
:power@.:,800
:detawane@.:,795
:naruhodone@.:,795
:sou2@.:,792
:daijinajouhou@.:,789
:murisunnayo@.:,787
:umasou_nya@.:,779
:p_heaven@.:,775
:boaa_1@.:,768
:wakaru_pop@.:,763
:houteideaou2@.:,762
:uhyoo@.:,762
:ettu@.:,752
:ohayougosaimasu@.:,749
:neyoune@.:,746
:oyasu_michio@.:,744
:oyasumisskey@.:,742
:petthex_nui@.:,732
:daredaimano@.:,729
:yokattane@.:,728
:gyu@.:,718
:bokoboko@.:,715
:ureshii2@.:,704
:ohamurasora@.:,703
:bunbun_mawase@.:,701
:cache_clear_daze@.:,697
:attanaa@.:,695
:yosugi@.:,691
:mata_aratana_chikenwo_erukotoga_dekita@.:,691
:nannboattemoiidesukarane@.:,687
â¤,679
:daijobu@.:,675
:babubabu@.:,672
:hai_karume@.:,662
:gyaaaa@.:,658
:chikencurry@.:,655
:otsukaresamadesu@.:,655
:atatamemasuka@.:,650
:jisseki_kaijyo@.:,649
:curry@.:,649
:osoyoo_@.:,644
:puppu@.:,642
:ochitsuke@.:,639
:kaogaii2@.:,636
:chottomatte_minna_producergananikaitteru@.:,631
:yasasihii@.:,631
:okiwotsukete@.:,631
:nankairomigachigaundayo2@.:,630
:kick_nya@.:,623
:memo_nya2@.:,623
:kirei@.:,621
:fuu@.:,620
:sakuraba_rannyuu2@.:,612
:chao2@.:,610
:kuu@.:,601
:hyper_producer@.:,595
:p_wakannai@.:,594
:itadakimasu@.:,592
:monu@.:,591
:uxtsu_sasattaoto@.:,590
:kya_kya@.:,590
:hontoda@.:,588
:nannboattemoii@.:,586
:isya@.:,584
:hazamaigyouda@.:,581
:okaereason@.:,579
:haha_physical@.:,573
:utsukushi@.:,572
:wakannai2@.:,568
:sounanda@.:,568
:mochimochi_nezumi@.:,566
:saimisuuuu@.:,566
:maigoka@.:,563
:saikou3@.:,559
:igyoue@.:,556
:chao@.:,554
:isogu_nya@.:,553
:kami@.:,545
:ee@.:,543
:muchi@.:,542
:genso_no_utopia@.:,541
:byebye_syu@.:,538
:odaijini@.:,534
:hyper_obaachan@.:,533
:tadakuetadakue@.:,531
:shikatanee2@.:,530
:ohayougozai_ma_su@.:,528
:kinisuna@.:,528
:arigatoma@.:,527
:p_think@.:,527
:kue@.:,524
:iru@.:,523
:sue@.:,522
:netsu_battle@.:,522
:sexy@.:,521
:fantastico_blabissimo@.:,520
:igyouoffate@.:,520
:egara_suki@.:,515
:kiss@.:,506
:sukida@.:,505
:konton@.:,504
:tamuu@.:,504
:isshoni_ikouze@.:,504
:muri_sunnayo@.:,501
:maa_nantekoto@.:,500
:motto_hoshii@.:,499
:ureshii@.:,499
:konnichiha@.:,498
:battle@.:,494
:315@.:,493
:oyasupinaaabatlle2@.:,491
:iihanashi@.:,490
:takusan_nome@.:,490
:p_upset2@.:,487
:teru_suki2@.:,486
:sugge_umasou@.:,484
:iiyone3@.:,484
:tanoshisou@.:,483
:atofutsuka@.:,482
:eiyougaaru@.:,481
:daiji@.:,480
:igyoigyoen@.:,478
:sugeesukida@.:,476
:gohonnin_tojyou@.:,476
:subarashii@.:,472
:piichan_heart@.:,470
:yafu@.:,469
:hinyari@.:,466
:omowazu_nikkori@.:,466
:nante@.:,465
:patocar@.:,463
:tabun_sou2@.:,461
:naruhodo_nya@.:,459
:icon_kawaiine@.:,457
:omedetou@.:,457
:soukana_soukamo@.:,457
:bi@.:,456
:ikitetekuretearigatou@.:,456
:nemuranaidekudasai@.:,454
:fraaaaame@.:,453
:nanndeyanenn@.:,450
:choco_kakerune@.:,448
:souiutokimoaru@.:,445
:nandeyaronaa@.:,443
:yada_@.:,443
:ramen@.:,441
:love@.:,440
:ohazama_michio@.:,437
:charincharin@.:,433
:moemoemoemoe_moemoemoemoe@.:,433
:kansya@.:,431
:Burning@.:,428
:uhoho@.:,427
:umi@.:,423
:okobore_donguri@.:,422
:umu@.:,422
:good_new_morning2@.:,418
:ni_aitai@.:,418
:kouun@.:,417
:ohatam@.:,416
:yo@.:,415
:ka_kawaii@.:,414
:oyasumichiru@.:,413
:oreha_wakatterussuyo@.:,412
:kokochiiina_sumoukana@.:,410
:kyaa@.:,410
:oishiine@.:,410
:madamaniau@.:,410
:ganbaroo@.:,409
:mounero@.:,408
:sou@.:,408
:gyaku@.:,407
:hokuto_run@.:,406
:momohito@.:,404
:gahaha@.:,404
:nazonitsutsumaretadansei@.:,402
:onmyoji_taisen@.:,401
:anadorantoitekudasai@.:,400
:mogu@.:,400
:usoda_usoda@.:,398
:isyokudougen2@.:,397
:gojomanbe@.:,396
:jii_nya2@.:,396
:iie@.:,395
:jyun@.:,394
:otabe@.:,393
:super_physical@.:,391
:miteruyo@.:,389
:minoriiii@.:,388
:swing_your_leaves@.:,387
:oyasu@.:,387
:safe@.:,387
:attaatta@.:,386
:from_teacher_to_future2@.:,384
:gokigenuruwashu@.:,382
:soreda@.:,382
:kawaii_kara_ok@.:,382
:tsuyoku_toutoki_kemonotachi@.:,378
:opansama@.:,377
:shisho2@.:,377
:dagasoredeii@.:,377
:oyasuminori@.:,377
:souiuhigaattemoii@.:,375
:poco_a_poco@.:,374
:plus_1_good_day@.:,374
:yoshiyoshi@.:,374
:hibikaseta@.:,374
:p_peropero@.:,374
:mo@.:,373
:iizo2@.:,369
:inochigatasukaru@.:,366
:muscle_ginga@.:,365
:seikainooto@.:,359
:hosi_i@.:,358
:taiju@.:,355
:sidemisskeynosekaieyokoso@.:,354
:unmei@.:,354
:hee@.:,353
:yattane@.:,353
:otabee@.:,351
:wakannai3@.:,350
:usodaro@.:,349
:yakeishi_ni_niku@.:,348
:teru_suki@.:,348
:pyonpyon@.:,348
:mechanaki_nya@.:,348
:arasoi_ha_konomimasen2@.:,347
:inochi@.:,346
:dousite@.:,345
:tam2@.:,345
:igyoucchi@.:,342
:niku@.:,342
:kuzunohaamehikoo@.:,341
:misetehoshii@.:,341
:tengenhyouzinha2@.:,340
:hayaizo_jiro@.:,340
:tabetai@.:,340
:arigatee@.:,340
:hideo@.:,335
:baanin@.:,335
:omedetoma@.:,334
:taisen_arigatougozaimashita@.:,334
:hagenjitsu@.:,334
:hao@.:,332
:tomorrow_diamond@.:,332
:hikaru_mesu@.:,331
:p_yadayada@.:,329
:daijobuda_oregatsuiteru@.:,328
:tomani_aitai@.:,326
:oyasumi_@.:,325
:haha_intelli@.:,321
:BATTLE_MIX@.:,321
:kitai_nya@.:,321
:suu@.:,320
:megamega_kaisyakuitti@.:,319
:yurusanai@.:,319
:noko_unun2_nya@.:,319
:doughnuts@.:,317
:tanoshimi@.:,317
:yoroshizuoka@.:,316
:p_drool@.:,316
:nakama@.:,316
:gangangan@.:,315
:saikyou@.:,314
:yasumee@.:,314
:konamono@.:,312
:arigatogozaimasu_4@.:,312
:honmasore@.:,312
:jitsuzaishitanodesuka@.:,311
:wakaruyo_@.:,310
:muzukashiihanashi@.:,310
:oishii2@.:,310
:bravo@.:,309
:imo@.:,309
:yoi@.:,309
:tendo_teru@.:,308
:wan@.:,307
:juutai_nya@.:,307
:honmaya@.:,307
:kinnninngenn@.:,306
:p_guruguru@.:,305
:ka_kakkoii@.:,305
:ikanaide@.:,305
:p_kiss@.:,304
:osewaninatteorimasu@.:,304
:neru_nya@.:,304
:kowai@.:,302
:ryokai@.:,301
:justice_cute@.:,301
:meikyoku@.:,301
:anantagakamika@.:,300
:kyou@.:,299
:rainy_memories@.:,298
:happy@.:,298
:daze@.:,298
:gomenne@.:,297
:oremo_mazetekurenaika@.:,296
:tam_exclamation@.:,295
:tam@.:,293
:daizi@.:,292
:axtu_sasshi@.:,292
:arigatougozaimasu_arigatougozaimasu@.:,292
:hanashikikuze@.:,291
:tsuduki_kei@.:,291
:kaoryuu@.:,290
:tensai@.:,289
:shuukaku@.:,287
:fly_high@.:,287
:taisen_onegaishimasu@.:,287
:kourai_kourai@.:,286
:korewozuttomatteta@.:,286
:soichirosan@.:,284
:kanashimi@.:,284
:tamtam@.:,283
:akeome@.:,283
:moe@.:,282
:fortessimo@.:,281
:ima@.:,281
:a3@.:,280
:no@.:,279
:nagaai@.:,279
:sukisukidaisuki@.:,277
:nee@.:,276
:chun@.:,274
:sumanee@.:,273
:koiwo_hajimeyou@.:,273
:moemoemoemoe_moemoemoemoe2@.:,273
:hanamaruja@.:,273
:matekon2@.:,271
:ikuraka_omuritai@.:,270
:rassya_se@.:,270
:kizaki_ren@.:,269
:ishikisite_suibunwo_toruyouni@.:,269
:mochimochi@.:,268
:paradaise@.:,267
:not_alone@.:,267
:shikikun@.:,266
:kamiya_yukihiro@.:,266
:muzai@.:,266
:so_beautiful@.:,265
:timeprediction@.:,265
:misuhai@.:,263
:makasetekureteiiyo@.:,262
:banchosan_otsukaresan@.:,262
:shiranee@.:,261
:ohamieisinn@.:,261
:igyotessimo@.:,261
:maple_kakerune@.:,261
:are@.:,260
:ponzu_kakerune@.:,259
:dance@.:,258
:soudaro2@.:,255
:onigiri@.:,253
:shinsokuigyo@.:,253
:petthex_nenji@.:,252
:okomesama@.:,252
:nanishiterunokana@.:,251
:kanpai@.:,251
:yama@.:,250
:whip_kakerune@.:,249
:yes@.:,249
:ra_nya@.:,249
:soujiyanochikaragahitsuyoukai@.:,249
:nanndasoreha@.:,249
:kiatsu_no_sei@.:,248
:p_pekopeko@.:,248
:okitatokiga_asa@.:,248
:bon_dansu@.:,247
:muki@.:,247
:ehehe@.:,247
:kitamura_sora@.:,246
:suuuu@.:,246
:umai@.:,246
:amagase_touma@.:,245
:towel_bunbun@.:,245
:otoku@.:,245
:gattomagattra@.:,244
:nnaaaahahhahhaa@.:,244
:kenkouniii@.:,244
:sidemisskey@.:,243
:banzai_nya@.:,243
:igyorabakaoru@.:,243
:oretachi_no_saikyoudensetsu@.:,241
:sugosugiru@.:,241
:umipuppu@.:,240
:sukidaaaa@.:,239
:melty_nya@.:,239
:amehiko_souzi_shite@.:,238
:tamago@.:,238
:otsukare@.:,238
:tam_n@.:,238
:kigan@.:,238
:kyun@.:,236
:m_star@.:,235
:kisai3@.:,235
:miteru_@.:,235
:hayo@.:,232
:unmeikonen@.:,231
:bubuntekinisou@.:,231
:matsuri@.:,230
:casually2@.:,230
:onegai@.:,229
:oyasupi@.:,229
:douiutsumorinanda@.:,229
:saikou2@.:,228
:mite@.:,227
:sakuraba_rannyuu3@.:,227
:daitaiatteru@.:,227
:takusan_nero@.:,226
:merrychristmas@.:,225
:na_nandatte@.:,225
:kouiu_news_dake_miteitai@.:,224
:brainpower@.:,223
:hitonokokoro_ga_nai@.:,223
:kyoukyugakitazo@.:,223
:orenimo_hitokuchi_nomasetekure@.:,223
:suki_nya@.:,222
:a@.:,222
:oyataiga@.:,221
:papipu_perfect@.:,220
:p_taore@.:,219
:hyper_ojiichan@.:,217
:gome_n@.:,217
:18renyori_yasui@.:,217
:haee2@.:,217
:uwaaa@.:,216
:appeal_chance@.:,215
:petthex_idol@.:,215
:p_magao@.:,215
:spinner_battle@.:,214
:okure@.:,214
:zenbukauka@.:,214
:aoigyousuke@.:,214
:oyasumikurou@.:,213
:ketchup_kakerune@.:,213
:pdakedo_wakannai@.:,213
:ouen_nya2@.:,213
:fuwamoko@.:,212
:amehikooo@.:,212
:arigatougozaimasu3@.:,212
:sakuraba_kaoru@.:,211
:nu@.:,211
:okagesamade_ikiteorimasu@.:,211
:takusan_sue@.:,211
:nankairomigachigaundayo3@.:,210
:hakanai@.:,209
:tabemonowo_tabenasai@.:,209
:gomaabura_kakerune@.:,209
:superultra315igyo@.:,208
:chiken_currypan@.:,207
:ureshisugiru@.:,206
:igyota_@.:,205
:sake@.:,205
:piichan@.:,205
:tearaiugaisidem@.:,204
:mada@.:,204
:shinsen_na_wakame_desu@.:,203
:sugee@.:,203
:ajiwaibukai@.:,203
:oshiawaseni@.:,203
:soregaii@.:,203
:sumibatoru_shimasho@.:,202
:souji_no_jikanda@.:,202
:jigoku@.:,202
:nyan@.:,201
:omensama@.:,201
:oretachigaireba@.:,201
:kuzunoha_amehiko@.:,200
:yattaze@.:,200
:hai2@.:,200
:kyojimosouomoimasu@.:,199
:hontoudesu_shinzitekudasai@.:,199
:W@.:,198
:hitonihahitono@.:,198
:p_fade@.:,198
:p_oinori@.:,198
:hyper_obachan_no_ie@.:,197
:taberu@.:,197
:haha_mental@.:,196
:ohamineshu@.:,196
:ohayoo@misskey.io:,196
:hamburg2@.:,195
:tanoshii@.:,195
:konbanha@.:,195
:sukida_2@.:,194
:bujideyokatta@.:,194
:e_n@.:,192
:zenbeiga_nakuyokore@.:,192
:mareniyokuaru@.:,192
:p_chu@.:,192
:kuhaha@.:,191
:shotaaaaa@.:,189
:hazama_michio@.:,189
:iseya_shiki@.:,189
:suki_mincho@.:,189
:magic_star@.:,189
:oshio_kakerune@.:,189
:yaruka@.:,188
:mermaid_fermata@.:,188
:insyuumura@.:,186
:mayonnaise_kakerune@.:,186
:cake_wo_eru@.:,185
:doxtu@.:,185
:kangaenaosou@.:,185
:ohazatoharuna@.:,185
:kimura_ryu@.:,184
:docchimo@.:,184
:ohazonomomohito@.:,184
:purupuru_nya@.:,184
:hennano@.:,183
:baribaribonbory@.:,183
:youkoso@.:,183
:massage_nya@.:,183
:hantoshi_omure@.:,182
:hai_nya@.:,182
:aru_hanashi@.:,181
:kimochiwakaru@.:,181
:michiruu@.:,181
:fuwafuwa@.:,181
:hankachi_wo_sashidasu@.:,181
:oshimai@.:,180
:asuran_bb_nisei@.:,180
:p_think_smart@.:,180
:oitsukenee@.:,179
:wakuteka@.:,179
:igyouallmighty@.:,179
:arigatousyouten@.:,178
:moe_mincho@.:,178
:tuntun_nya@.:,178
:yoroshikuonegaiitashimasu@.:,178
ğŸ‘,177
:mitemiruu@.:,177
:souhanaranyaro@.:,176
:kimi_ha_hitorijanai@.:,176
:dashite@.:,176
:nemuranuyoruni_spashiba@.:,175
:papikawa@.:,175
:majika@.:,175
:koron_chris@.:,174
:chiisana_inochi@.:,174
:oregamamoru@.:,174
:nandesune@.:,173
:ooiwa@.:,173
:taisetsu2@.:,172
:ureshizuoka@.:,171
:kurono_genbu@.:,171
:hayatokun@.:,171
:gata@.:,171
:hug@.:,171
:yoisyo@.:,171
:sense_@.:,170
:mofu@.:,170
:yasashi@.:,169
:aishiteru@.:,169
:sugoizo_jiro@.:,169
:icon_oishisou@.:,169
:tanoshizuoka@.:,168
:ramen_wo_ataeru@.:,168
:yaa@.:,168
:jito_nya@.:,168
:nai_hanashi@.:,168
:menbokunee@.:,167
:noshi@.:,167
:visu_ga_yusho@.:,167
:315okuenhoshii@.:,166
:donndoko@.:,166
:orekamo@.:,166
:ofuton_de_neyoune@.:,166
:akuno_hideo@.:,165
:okaasaan@.:,165
:kei@.:,165
:nazogijyutsu@.:,165
:nakayoshi@.:,165
:petthex_tamago@.:,164
:oyasu_mippi@.:,164
:shingen_seiji@.:,163
:ottonagaredama@.:,163
:nadenade@.:,163
:genki100bai@.:,163
:minokasagonooyoginoyouni_yukkurideiinodesu2@.:,163
:uo_mabushi@.:,163
ğŸ«‚,163
:chun_physical@.:,162
:subesube2@.:,162
:iiyone@.:,162
:p_door@.:,162
:kikoerukai@.:,160
:gyumu@.:,160
:nekosogino_kiss@.:,160
:yokumiru@.:,160
:watanabe_minori@.:,159
:yuuzai@.:,159
:arigatona@.:,159
:otsukaresamadesu_@.:,159
:shi@.:,159
:takajo_kyouji@.:,158
:p_snow@.:,157
:yamashita_jiro@.:,157
:tsukumo_kazuki@.:,157
:itooshii@.:,157
:hazamichi@.:,156
:orenikukuitaissu@.:,156
:thirori@.:,156
:iiyoo@.:,156
:john@.:,155
:bikkuri@.:,155
:byebye_nya@.:,155
:nenjia2@.:,154
:genkina_kinningen@.:,154
:sumi@.:,154
:chiken_ramen@.:,153
:gomental@.:,153
:kin@.:,153
:ichibanboshida@.:,153
:uso@.:,153
:bandainamucoentertainment3@.:,152
:producer_shokika2@.:,152
:oko_nya@.:,152
:kattare@.:,152
:doya_nya@.:,152
:bandainamucoentertainment2@.:,151
:oyasumariiiine@.:,151
:kotoyoro@.:,150
:sayonara_nya@.:,150
:desuwa@.:,149
:kokosuki@.:,149
:hideo_good_night@.:,149
:amaminea@.:,148
:happys_birthday@.:,148
:sun_sun_rainys@.:,148
:amamine_junkaizumi@.:,148
:chun_mental@.:,148
:igyoumurasora@.:,148
:nuichan@.:,148
:igyoran_bb_nisei@.:,148
:ufufu@.:,148
:moonnightnoseinishite@.:,147
:passion3@.:,147
:zenbu_kuu@.:,147
:nikugadetazo@.:,146
:itsumono@.:,146
:oyasumurasora@.:,146
:eenyade@.:,146
:igyomuraken@.:,145
:sinonome_souichiro@.:,145
:okita_nya@.:,145
:mahou_kakerune@.:,145
:oshare@.:,144
:yarunee@.:,142
:ashimotoni@.:,142
:osaifuwodaijini@.:,142
:poyopoyo@.:,142
:internet_amamine@.:,141
:syuudangenkaku@.:,141
:nandodemowaraou@.:,141
:hokahoka_no@.:,141
:gekistar@.:,141
:sonmaemojiaruno@.:,141
:aijou_kakete_agemashoune@.:,141
:genbukun@.:,140
:sakenomiindianight@.:,140
ğŸ‘,140
:machigainee@.:,140
:hanazono_momohito@.:,139
:letterpackde@.:,139
:akireruhodokiss2@.:,139
:tsureteyukinasai@.:,139
:akanwa@.:,139
:wake_up@.:,138
:oshimai2@.:,138
:totonowanaiyo@.:,137
:hanamuraya@.:,137
:yaruzo@.:,137
:maaan@.:,137
:oshi_my_baby2@.:,137
:tasukete@.:,137
:beer_nya@.:,137
:ookina@.:,136
:nandato@.:,136
:hepusosuki@.:,135
:mou5jidayo@.:,135
:minorikaomoji@.:,135
:wifi_de@.:,134
:summer_time_graffiti@.:,134
:wakariyasui@.:,134
:gaxtu@.:,134
:attoutekikansha@.:,134
:maita_rui@.:,133
:ttekawaiiyona@.:,133
:kongotomo_idolmaster_sidem_wo_yoroshikuonegaiitashimasu@.:,133
:red@.:,133
:amamine@.:,132
:naa_ookikunareyo@.:,132
:chun_chun@.:,132
:okaiki@.:,132
:nigerunoka@.:,132
:amehiko_souzi_shite2@.:,132
:hueta_nya@.:,132
:ihou@.:,131
:mayumi_eishin@.:,131
:oo@.:,131
:nori@.:,130
:yossyaa@.:,130
:ikemenkaitenzushi@.:,130
:biglove@.:,130
:gannbatteirune@.:,130
:onegaishimasu@.:,130
:pokameiteiru@.:,129
:kirakira@.:,129
:tamuntamun@.:,129
:very_cute@.:,129
ğŸ‘€,129
:igyouhaamehiko@.:,128
:makasero@.:,128
:hamuhaa@.:,128
:blue@.:,128
:kikasete@.:,128
:rui_suki@.:,127
:taiga_sukida@.:,126
:bakuennoigyo@.:,126
:oya@.:,126
:naruhodone2@.:,126
:mini@.:,125
:ichimen_massao@.:,125
:kakkkoii@.:,125
:seishun_colors@.:,125
:matteru@.:,125
:oyasumine_shu@.:,124
:mu_nya@.:,124
:happyend@.:,124
:asterisk@.:,123
:ninmukanryou@.:,123
:tanoshii2@.:,123
:ou2@.:,123
:nnna@.:,123
:ganbaee@.:,123
:shiawaseninattekure_deep@.:,122
:yokatta_2@.:,122
:good_nya@.:,122
:tam_bikkuri@.:,122
:owakaridesuka@.:,121
:intelli@.:,121
:odaijininasattekudasai@.:,121
:oresama_saikyou_red_gundan@.:,120
:koushiki@.:,120
ğŸ®,120
:taihen_saikouni_dekimashita@.:,120
:penlight_doramaticstars@.:,120
:huyumi_jun@.:,120
:p_rokuro@.:,120
:wakatta@.:,120
:wao_nya@.:,120
:nyakomo_souda_tte_itteru@.:,120
:oresama_saikyo_uminoie@.:,119
:chun_intelli@.:,119
:yume@.:,119
:onaka_herimashita@.:,119
:oreda@.:,119
:papi@.:,118
:mayumi@.:,117
:muscle_chance2@.:,117
:banndainamugoa_1@.:,117
:petthex_kin@.:,117
:damekamo@.:,117
:chu2@.:,117
:cheese_kakerune@.:,116
:ojisanno@.:,116
:p_sleep@.:,115
:piichan_otsukare@.:,115
:megane_kakerune@.:,115
:happy_mental@.:,114
:doitsumokoitsumoumasoudanaa@.:,114
:shiritai@.:,114
:kekkon_omedeto@.:,114
:mitaraigyouta@.:,113
:kokodehakashiwohihyoji@.:,113
:kumacchi@.:,113
:ontherock_ssu@.:,113
:naa_sakuraba@.:,113
:oshiteee@.:,113
:yamamuraa@.:,113
:omochi@.:,113
:saimisuwo_tojiro@.:,113
:pray_nya@.:,113
:papi_tabechauzo@.:,112
:gold_no_79@.:,112
:kagura_rei@.:,112
:shoken@.:,112
:taiga_takeru@.:,111
:umicchidesu_zabuzabu@.:,111
:kashiwagi_tsubasa@.:,110
:cybernetics_wars@.:,110
:moudame@.:,110
:honoosan@.:,110
:mugendai@.:,110
:chira_nya@.:,110
:oyu_kakerune@.:,110
:al_pussimo@.:,109
:hekiga_deteruna@.:,109
:sukidesu_kokuhaku@.:,109
:ikuyo@.:,109
:maturi_2@.:,109
:iiyume_miroyo@.:,109
:okawaridesuka@.:,108
:unaru_reziuchi@.:,108
:wakeatte@.:,108
:dramatic_stars_suki@.:,108
:marui@.:,108
:gochisousama@.:,108
:kita@.:,108
:haya_puppu@.:,107
:chichi_intelli@.:,107
:yoro_lege@.:,107
:piichan2@.:,107
:nomu@.:,107
:takusannamero@.:,107
:nee_kaomoji@.:,107
:kitetemokiteinakutemo_kamawanai@.:,107
:takaigyokyouzi@.:,106
:tottemosaikounoidol@.:,106
:amamine_shu@.:,105
:spring_nya2@.:,105
:kachi@.:,105
:gorua_nya@.:,105
:sakuraba_rannyu@.:,104
:make_up_magic@.:,104
:nihonashi_de_arukeru@.:,104
:p_zuzozosan@.:,104
:yurusu@.:,104
:ao_to_shiro_beautiful_resort@.:,104
:mottonadeteyarukarana@.:,104
:kick_off@.:,104
:oni@.:,103
:moemoeitemdayo@.:,103
:megamegasaiko_tenagehyahha_ssu@.:,103
:tsurai@.:,103
:akushu_shite_kudasai@.:,103
:otsukaresummer@.:,103
:michio_suki@.:,102
:ko@.:,102
:omoshiree@.:,102
:achiachi_no_suzaku@.:,102
:tere_nya@.:,102
:dekorute@.:,101
:happy_smile2@.:,101
:nyannyan_nyaan@.:,101
:arigatou2@.:,101
:hiehie_no_genbu@.:,101
:ko_ra@.:,101
:cake@.:,100
:ora@.:,100
:ikuraka_tsutsumitai@.:,100
:DRAMATIC_STARS@.:,100
:kiriri_nya@.:,100
:amaminekun@.:,99
:315_2@.:,99
:tatakaitee@.:,99
:suyaa@.:,99
:fufu@.:,99
:patari_nya@.:,99
:kyupipiin@.:,99
:dokidoki@.:,99
:aiyo2@.:,99
:ai@.:,98
:medetai@.:,98
:akai_suzaku@.:,98
:hyun_nya@.:,98
:kumin@.:,98
:emojigahoshii@.:,98
:threebless@.:,98
ğŸ¤,97
:inu_intelli@.:,96
:kiyosumi_kuro@.:,96
:soukitaka@.:,96
:butter@.:,96
:kireidanee@.:,96
:fufu2@.:,96
:p_lightfreeze@.:,96
:choco@.:,96
:ase_nya@.:,96
:mogumoguen@.:,95
:chichi_physical@.:,95
:ok@.:,95
:ocha_nya2@.:,95
:no2@.:,95
:mexico@.:,95
:ciaopuppu@.:,94
:akiyana_hayato@.:,94
:cheese@.:,94
:yokoari@.:,94
:producersan_2@.:,94
:yoshi@.:,94
:mini_ningen@.:,93
:kikoeteruze@.:,93
:terashugyoni@.:,93
:tenage@.:,93
:oyasumishitanoka_oreigainofutonto@.:,93
:piyopiyo@.:,93
:nazo@.:,93
:koukoukouka@.:,92
:mekihagi@.:,92
:p_tehepero@.:,92
:ookini2@.:,91
:pipin_itabashi@.:,91
:bestgame@.:,91
:desuno@.:,91
:hana_ha@.:,91
:oiryu@.:,91
:kuchi_ha@.:,91
:center_obuji_earth@.:,91
:ikokunokotobaka@.:,91
:iiotoda@.:,91
:sokoninakereba_naidesune@.:,91
:hare_nya@.:,91
:puzaki@.:,90
:baribaribobbory@.:,90
:cyber_ommyoji_1@.:,90
:p@.:,90
:seyana@.:,90
:oyasumi_haruna@.:,90
:physical@.:,89
:physical2@.:,89
:pancake@.:,89
:ken3@.:,89
:guilty@.:,89
:oredakemitero@.:,89
:okusuri_nya@.:,89
:senden_ha_kihon@.:,88
:inu_mental@.:,88
:sakaki_natsuki@.:,88
:naderu_taberu_suu@.:,88
:orehacurrynimoshinkennandyo@.:,88
:terotero_boxer_pants@.:,87
:perfect@.:,87
:jitsuzaiseigaaru@.:,87
:mokuromi_india_night@.:,87
:shiranuia@.:,87
:10oku_all_in@.:,87
:yamamura2@.:,87
:igyozono_momohito@.:,87
:ewodasu@.:,86
:mizusima_saki@.:,86
:shironingen@.:,86
:omakasetoma@.:,86
:osusume@.:,86
:slash_edge@.:,86
:suzusi_nya@.:,86
:internet_takajo@.:,85
:kahun_nya@.:,85
:kattenitatakae@.:,85
:icon_suki@.:,85
:oyasumomohito@.:,85
:iiyo2@.:,85
:omu_puppu@.:,84
ğŸ¥”,84
:idol@.:,84
:genkaku@.:,84
:tasukatta@.:,84
:teyuba@.:,84
:p_bath@.:,84
:benishouga_kakerune@.:,84
:otsu@.:,83
:gyaoooooon@.:,83
:abura@.:,83
:yami@.:,83
:satan@.:,83
:medetai_nya@.:,83
:ikitai@.:,83
:casually@.:,82
:zenbutukuruka@.:,82
:kaibunsho2@.:,82
ğŸ,82
:present_for_you_a_day_in_the_cafe@.:,82
:tsujoueigyou@.:,82
:yokattara_tsukattene@.:,82
:makasetekure@.:,82
:nyako@.:,82
:mirrorball@.:,82
:sasuga@.:,82
:youkoso_nya@.:,82
:seyade@.:,81
:yoki@.:,81
:kakome@.:,81
:heiwanosyouchou@.:,81
:good_new_morning@.:,80
:p_love@.:,80
:daisan_seiryoku@.:,80
:tanonnda@.:,80
:okitsunechan@.:,80
:ryu_suki@.:,80
:wahaha@.:,80
:hate_nya@.:,80
:koeninaranaisakebi@.:,79
:fattu@.:,79
:amamine_kanshichu@.:,79
:wakazato_haruna@.:,79
:himeno_kanon@.:,79
:enjoji_mitiru@.:,79
:sinsokuikkonn_mono@.:,79
:yellow@.:,79
:naisho_nya@.:,79
:chukai_dekimasu@.:,79
:sakana@.:,79
:taisetsunimeshiagattekudasai@.:,79
:piichan_@.:,79
:suto@.:,79
:ichijiikku_kyokanshita@.:,79
:trick_or_treat_nya2@.:,79
:workwork_shitaze@.:,78
:saikonoyoru@.:,78
:yatteosimai2@.:,78
:tomano_butterchicken_currypan@.:,78
:natsu@.:,78
:nanbodemo_haraou@.:,78
:gohan_chanto_tabenayo@.:,78
:n_thumbsup@.:,78
:totugeki_nya@.:,78
:longlonganyo@.:,78
:headlockna@.:,77
:handsign@.:,77
:meemee@.:,77
:ganbattane@.:,77
:keikigaii@.:,77
:yokattane2@.:,77
:kaizoudogatakai@.:,77
:yoshi_nya@.:,77
:yo_shiyoshiyoshi@.:,77
:uduki_makio@.:,76
:vital_jelly@.:,76
:fuku_tarite_naiyo@.:,76
:kabuto_daigo@.:,76
:uun@.:,76
:ikiteiru@.:,76
:p_baby@.:,76
:oage_kaketeagemashoune@.:,76
:spacy_paradaise@.:,75
:p_piropiro@.:,75
:fuango@.:,75
:fuyunohino_etranger@.:,75
:mura@.:,75
:igyoujimichiru@.:,75
:terun@.:,75
:S_E_M@.:,75
:igyomine_shu@.:,75
:tadashii@.:,75
:annei_no_dystopia@.:,74
:time_before_time@.:,74
â­,74
:ijuin_hokuto@.:,74
ğŸ¦,74
:mori@.:,74
:asuha_wagami@.:,74
:peace_nya@.:,74
:satte_obenkyounojikandayo@.:,73
:douryo@.:,73
:producer_no_hekiga_mieruna@.:,73
:intelli2@.:,73
:nattoruyarogai@.:,73
:fuku_kite@.:,73
:atsu@.:,73
:colorspray_kakerune@.:,73
:hanamura_shoma@.:,72
:gojimanbe@.:,72
:nemuree@.:,72
:komata_nya@.:,72
:syukkan@.:,71
:ooame@.:,71
:ikimasu@.:,71
:english@.:,71
:souiunoga_sukinanda@.:,71
:matte_heart@.:,71
:thanks_nya@.:,71
:piranha2@.:,71
:oyasuminasai@.:,71
:imasugu_kitakusuru@.:,71
:mitaraigyouta2@.:,70
:long_night@.:,70
:nozomira_melody@.:,70
:nantokashirotendo@.:,70
:yoroshikune@.:,70
:jiro@.:,70
:zikka@.:,70
:orewo_yondaka@.:,70
:pien_nya@.:,70
:konnanisaikounakotottearunda@.:,70
:yappariorega@.:,70
:asuran_neruzebute_nisei@.:,69
:hyojinnoigyo@.:,69
:moe2@.:,69
:shikke@.:,69
:funiki@.:,69
:yamashita_igyo@.:,69
:papipuppu@.:,69
:amatoukai3@.:,69
:on@.:,69
:wagakontonno_sabatomariage@.:,69
ğŸ¦€,69
:nandodemorinorou@.:,69
:ageta@.:,69
:igyouyashiki@.:,68
:kaeeru@.:,68
:oyasu_mizushimasaki@.:,68
:m_pink@.:,68
:antahaningennanda@.:,68
:don@.:,68
:tekuteku_nya@.:,68
:poppogo@.:,68
:ureshiinee@.:,68
:oshiete@.:,68
:vuu@.:,68
:narutochan@.:,67
:doushitekounatta@.:,67
:rannyu@.:,67
:taifu@.:,67
:shio@.:,67
:tachibana_shirou@.:,67
:hata@.:,67
:iitomo@.:,67
:na_ni@.:,67
:passion@.:,67
:tabun_sou@.:,67
:gokigenyo@.:,67
:petthex_tam@.:,67
:all_nor_nothing@.:,66
:this_is_it@.:,66
:moesugi@.:,66
:yanegatonda2@.:,66
:jampan@.:,66
:sorasuki@.:,66
:isshou_issho_dayo@.:,66
:nachuki@.:,66
:red_hot_beat@.:,65
:egaonomatsurinya_fukukitaru@.:,65
:world_treasure@.:,65
:tartar_kakerune@.:,65
:jiro_suki@.:,65
:nyahoy@.:,65
:taosu@.:,65
:ikementtezurusugi@.:,65
:ok_nya@.:,65
:michiosensei2@.:,64
:celeste_blue_winners@.:,64
:donutsnokamisama@.:,64
:yatteyaruze@.:,64
:mago@.:,64
:coffee_to@.:,64
:furo@.:,64
:koraren@.:,64
:yuusho@.:,64
:oi_keion@.:,64
:aruji@.:,64
:okamura_nao@.:,64
:me@.:,64
:ou@.:,64
:manpuku_nya@.:,64
:maccho_nya@.:,64
:shittori@.:,64
:ttesugoiyona@.:,63
:taisetsunisareteirune@.:,63
:ryokai3@.:,63
:dance_in_the_school@.:,63
:minnaaaa@.:,63
:saikounoyoru@.:,63
:hello@.:,63
:igyotarui@.:,63
:usagi_nya@.:,63
:tam_question@.:,63
:sayonara_summerholiday@.:,62
:pokameitekita@.:,62
:tsukumogai@.:,62
:nanimo_mite_naiyo@.:,62
:gaogao@.:,62
:dora_puppu@.:,62
:fuku_wo_kiyoune@.:,62
:osyaberishiyouze@.:,62
:semsuki@.:,62
:makaserori@.:,62
:producer@.:,62
:kuttare@.:,62
:haa@.:,62
:kattekatte_kachimakuritee@.:,62
:oshare_2@.:,62
:penlight_w2@.:,62
:nayamashiihanashi@.:,62
:wakatte@.:,61
:oreyorikoseinouda@.:,61
:anisan@.:,61
:majimega_thankyoussu@.:,61
:ningen@.:,61
:megamega@.:,61
:CafeParade@.:,61
:darenokokorononakanimo@.:,61
:umaari_hiyoko@.:,61
:sushi@.:,61
:chikyugaiseimeitai@.:,61
:toutoi@.:,61
:zuzozo2@.:,61
:sasuga_boxer_daze2@.:,61
:idolninattemimasenka@.:,61
:eiei_o_nya@.:,61
:buttobu_nya@.:,61
:shinpai@.:,61
:nyafufu@.:,60
:calorie_zero@.:,60
:flying_hawk@.:,60
:oi2@.:,60
:kikoeta@.:,60
:shogai_isshoniiro@.:,60
:oyasumi_eishin@.:,60
:p_norinori@.:,60
:zun3@.:,60
:315productionshachosaitoutakashi2@.:,60
:kongotomo_idolmaster_sidem_wo_yoroshikuonegaiitashimasu3@.:,60
:C_FIRST@.:,59
:p_fire@.:,59
:mobage@.:,59
:teru_puppu@.:,59
:meet_the_world@.:,59
:chu_shichao@.:,59
:kitakukonganji@.:,59
:gyunyuwososoguon_nya@.:,59
:gojibunwo_taisetsuni_shitekudasai@.:,59
:baainiyoru@.:,59
:rairaimeishi@.:,59
:ariuru@.:,59
:yametoke@.:,59
:texyuba_puppu@.:,58
:nagisano_lovely_mermaid@.:,58
:moffu_in_the_igyo@.:,58
:chichi_mental@.:,58
:chikaragaminam_guilty@.:,58
:nanika_dekirukotoha_naidarouka2@.:,58
:takeru_@.:,58
:tiara_haeru@.:,58
:shitteta@.:,58
:ha@.:,58
:p_sing@.:,58
:ningenwoyameta@.:,58
:niau_2@.:,58
:choiikyoku@.:,58
:okaerinasaimase_goshujinsama@.:,58
:katyusha_cat@.:,58
:shori_no_kamisama@.:,57
:itowokashi@.:,57
:petthex_nyako@.:,57
:saikyoichiban02@.:,57
:ando_mario@.:,57
:weaaah@.:,57
:iromiatteru@.:,57
:rui_2@.:,57
:opensama@.:,57
:kiden@.:,57
:penlight_frame@.:,57
:ho_nya@.:,57
:study_igyo_magic@.:,57
:scream_nya@.:,57
:hyper_mega_max@.:,56
:souchan_michan@.:,56
:pukuoko@.:,56
:hi@.:,56
:dodou_de_tariruka@.:,56
:internet@.:,56
:p_chiru@.:,56
:kamon_nya@.:,56
:p_saisei@.:,56
:sonohassouhanakatta@.:,56
:cchi@.:,56
:na@.:,56
:5_flashy@.:,56
:tsuba_puppu@.:,55
:tenka_musou@.:,55
:yuukannaru_kimihe@.:,55
:karma@.:,55
:zenbusuu@.:,55
:ani_intelli@.:,55
:zissitsu_muryo@.:,55
:haee@.:,55
:makasete@.:,55
:kumikyoku_to_all_ages_concerto2@.:,55
:ryouri_dekirunotte_kakkoiiyona@.:,55
:taisetsuni_nasattekudasai@.:,54
:ebizero@.:,54
:airdrop_de@.:,54
:tsuduki_ha_dokodesuka@.:,54
:kamawanee@.:,54
:doria2@.:,54
:chojo_jihen@.:,54
:miyabi@.:,54
:sai@.:,54
:oiomae_2@.:,54
:raja_nya@.:,54
:barista_nya@.:,54
:guruguru_nya@.:,54
:omoshireotoko@.:,54
:enbunto_mineralmo_kanarazu_sesshusiro@.:,54
:suburi@.:,54
ğŸ˜¥,53
:vocal@.:,53
:rensuki@.:,53
:zei@.:,53
:doui@.:,53
:flash_light@.:,53
:mizu_to@.:,53
:mukimukien@.:,53
:san_physical@.:,53
:nyaan_nya@.:,53
:naita@.:,53
:gohan_nya@.:,53
:dou@.:,53
:kakugo@.:,53
:penlight_highjoker@.:,53
:papecha2@.:,52
:kao_puppu@.:,52
:lets@.:,52
:enjoy@.:,52
:onigashima_rasetsu@.:,52
:sama@.:,52
:nekomachi_tousou@.:,52
:doushita2@.:,52
:saitou_takashi@.:,52
:meishi@.:,52
:sankyu@.:,52
:penlight_jupiter@.:,52
:ssr@.:,52
:saikyowo_mezasu_tatakai@.:,52
:no_prpr@.:,52
:zenbu_oresamano_monda@.:,52
:gohoubi@.:,52
:ippousonokoro_kogadoha@.:,51
:seguei@.:,51
:shiawaseninattekure@.:,51
:next_stage@.:,51
:wakaran@.:,51
:High_Joker@.:,51
:emajideiitemasu@.:,51
:dounikashirotendo@.:,51
:kowaikedoganbarimasu@.:,51
:because@.:,51
:karaage@.:,51
:kuma_nya@.:,51
:kakugowokimero@.:,51
:yamenaide@.:,51
:aisareterune@.:,51
:rashii@.:,51
:ichirentakusyo@.:,51
:oh_@.:,51
:inu_physical@.:,50
:onekosama@.:,50
:ice_kingdom@.:,50
:appeal_chance2@.:,50
:omegatakai@.:,50
:FRAME@.:,50
:omiya_small@.:,50
:sonotoori_de_spring@.:,50
:penlight_sem2@.:,50
:sokka@.:,50
:stretch_nya@.:,50
ğŸ˜,50
ğŸ”«,50
:315pronight@.:,49
:angel_chan@.:,49
:infinity_possibility@.:,49
:shu@.:,49
:rei@.:,49
:onomi@.:,49
:yahho_shitanoka_oreigainoyatsuto@.:,49
:internet_kana@.:,49
:oherb@.:,49
:sorenari@.:,49
:permafrost2@.:,49
:awawa@.:,49
:tabete@.:,49
:pdakara_wakatta@.:,49
:shoken2@.:,49
:igyo@misskey.io:,48
:moushiwakenee@.:,48
:koucha_to@.:,48
:itsukano_triangle@.:,48
:denyansu@.:,48
:igiari@.:,48
:shirankedo@.:,48
:appeal_esa@.:,48
:penlight_cfirst@.:,48
:hayaku@.:,48
:zabuton_315mai@.:,48
:315rpg@.:,48
:ren@.:,48
:bancho_san@.:,48
:pokapoka2@.:,48
:uchu_neko_nya@.:,48
:saikyoichiban01@.:,48
:ittari_kitari_nya@.:,48
:tougarashi_kakerune@.:,48
:sagi@.:,48
:passionwokanjiru@.:,48
:koujouha@.:,47
:wake_up2@.:,47
:otokomichi2@.:,47
:koronchan@.:,47
:hazamasan@.:,47
ğŸ¤”,47
:redchili@.:,47
:fire_nya@.:,47
:hand_spiner1@.:,47
:kochirakoso@.:,47
:tateninaru@.:,47
:drive_a_live@.:,47
:sidem3@.:,47
:arigatougozaimasu4@.:,47
:hokkori_nya@.:,47
:penlight_legenders@.:,47
:p_sunglasses@.:,47
:blueberry_nurune@.:,47
:3_flashy@.:,47
:sidemnotameniokanewotametainoni_sidemgagenkisugiteokanegatamaranai@.:,47
:ryokai2@.:,46
:emubanwa@.:,46
:hakumai@.:,46
:yokoninaru@.:,46
:delicios_delivery@.:,46
:kannopekijiro@.:,46
:kingashinnen@.:,46
:genkika@.:,46
:ouchi_ni_sumoune@.:,46
:tapiokanonakama@.:,46
:totonoeyouze@.:,46
:koeta@.:,46
:nasasou@.:,46
:315productionshacho_saitoutakashi@.:,46
:dayonaa@.:,46
:dyufufu@.:,46
:boss@.:,46
:p_kiss3@.:,46
:nigete@.:,46
:yakusokuha_dreaming_flight@.:,45
:gyakusem@.:,45
:bunkei@.:,45
:todoiteruze@.:,45
:Beit@.:,45
:ray_of_light@.:,45
:pnosaifuhakarakara@.:,45
:misskey@.:,45
:ahoge@.:,45
:happy_birthday2@.:,45
:zense_ha_dounuts@.:,44
:towanaruyonjushi@.:,44
:jounetsu_fighter@.:,44
:choudo_kirashiteta@.:,44
:syunkasyu_toma@.:,44
:Altessimo@.:,44
:yanetonda@.:,44
:heki_chiru@.:,44
:shacho@.:,44
:yaa2@.:,44
:bikkuri3@.:,44
:heitennsima_su@.:,44
:iize@.:,44
:mayotterunara_kacchaeba_doukana_@.:,44
:koi@.:,44
:pancake_kaketeagemasyoune@.:,44
:kerokkero@.:,44
:yannoka_mugicha@.:,44
:beastchronicle@.:,43
:toku@.:,43
:mattetaze@.:,43
:anta@.:,43
:takajo_@.:,43
:oshitaimousiteorimasu@.:,43
:oshoyu_kakerune@.:,43
:hyoronagabonyari@.:,43
:hikari@.:,43
:sinsokuikkon@.:,43
:gohan_taberu_nya@.:,43
:uhyahyahyahya@.:,43
:shizumaritamae@.:,43
:nyaa@.:,43
:moudamepo@.:,43
:p_sarasara@.:,43
:atsui_nya@.:,43
:kagekiha@.:,42
:premium@.:,42
ğŸ£,42
:hyojin@.:,42
:ittenngobai@.:,42
:welcome_to_japan@.:,42
:jururi@.:,42
:korekara@.:,42
:mada_nya@.:,42
ğŸ¨,42
:aonori_kakerune@.:,42
:lemon_kakerune@.:,42
:jun_puppu@.:,41
:donmaitaru@.:,41
:juukakinhei@.:,41
:top_of_shine@.:,41
:bet_your_intuition@.:,41
:rs@.:,41
:i_imahadame@.:,41
:ryouhou@.:,41
:sutekini_con_grazia@.:,41
:kyojiha_douomou@.:,41
:megahon_waruzo@.:,41
:doragonchan@.:,41
:makasetekure2@.:,41
:raamenyaa@.:,41
:nekoyanagi_san@.:,41
:megaphone@.:,41
:sore_nya@.:,41
:tel_nya@.:,41
:neko_murimurimurimurikatatsumuri_nya@.:,41
:2_flashy@.:,41
:aloha_happy_creater2@.:,40
:kaeer@.:,40
:shiki_puppu@.:,40
:49elements@.:,40
:nankairomigachigaunndayo@.:,40
:rikei@.:,40
:little_happiness@.:,40
:xtusu@.:,40
:monomochi_yoshio@.:,40
:happy_go_unlucky@.:,40
:315niyoi@.:,40
:san_intelli@.:,40
:uchiwa_kaorusama@.:,40
:renkinjyutu@.:,40
:oretachimoiruzo@.:,40
:kuchibue_nya@.:,40
:randoseru_hikkurikaeshita@.:,40
:nenjia3@.:,39
:bingo@.:,39
:amaminehaishincyu@.:,39
:samui@.:,39
:otasuke_kamen@.:,39
:appeal_bar@.:,39
:chashu_to_yasaimo_oomoridaze2@.:,39
:yawaraka@.:,39
:sugge_ureshiize@.:,39
:gasha_mawasanaito@.:,39
:choushi_dentetsu@.:,39
:kioku@.:,39
:cherish_bouqute@.:,39
:ginningen@.:,39
:kaze_tuyoi_nya@.:,39
:sonotegaattaka@.:,39
:p_henyohenyo@.:,39
:iinedekauze@.:,39
:maita_2@.:,39
:p_light@.:,39
:18renyoritakai@.:,39
:holiday_nya4@.:,39
:gohacchuzu@.:,39
:315steelo@.:,38
:fun_fun_festa@.:,38
:petthex_tantou@.:,38
:amagase_ryouma@.:,38
:shu_@.:,38
:tonchiki_big@.:,38
:nemui_nya@.:,38
:nasingen@.:,38
:elfe@.:,38
:mirror_of_truth@.:,38
:siawasee@.:,38
:kyoufu@.:,38
:Legenders@.:,38
:docchidemo_ii_nya@.:,38
:kyapi_nya@.:,38
:okinahagi@.:,38
:igyouronnkurisu@.:,38
:p_itadakimasu@.:,38
:fandesu@.:,38
:ooame_nya@.:,38
:tabeta@.:,38
:seiron_chris@.:,37
ğŸŸ,37
:chaou@.:,37
:furonomi_rta@.:,37
:osu@.:,37
:aoi_yusuke@.:,37
:to@.:,37
:kouhoushien@.:,37
:no_hanashishitadaro@.:,37
:remesho@.:,37
:no_prpr3@.:,37
:ashi@.:,37
:ojisanmo_oniku@.:,37
:p_doya@.:,37
:samurai@.:,37
:circle_of_delight@.:,37
:nakayoshi_nya@.:,37
:mr_yamashita@.:,37
:hihiin@.:,37
:uum_nya@.:,37
:tenage_tensage@.:,36
:fukugyo@.:,36
:ken@.:,36
:pro@.:,36
:platinum_mask@.:,36
:mathematics@.:,36
:irasshaimase@.:,36
:kyoumo_ramen_oomori_daze@.:,36
:jiro_puppu@.:,36
:mou_dounidemo_nare_nya@.:,36
:tanoshikattayo@.:,36
:raba_puppu@.:,36
:kami_nya@.:,36
:penlight_thekogadou2@.:,36
:mitayo@.:,36
:nomee@.:,36
:oreto_kekkon_shinaika@.:,36
:p_shoboshobo@.:,36
:ryusei_parada@.:,35
:haza_puppu@.:,35
:toku_wo_tsumu@.:,35
:mosa2@.:,35
:hide_puppu@.:,35
:machikadotantei_no_jikenbo@.:,35
:saibanehaiizo@.:,35
:uneisannikansha@.:,35
:numa@.:,35
:nankurunaisa@.:,35
:jihyo@.:,35
:oiomae@.:,35
:curry_kannsyoku@.:,35
:sousou@.:,35
:producersan_@.:,35
:umaari@.:,35
:musia_musica2@.:,35
:donuts_kaketeagemasyoune@.:,35
:miushinau@.:,35
ğŸš½,35
:haii@.:,35
:meromero@.:,35
:happy_halloween@.:,35
:bikkuri_nya@.:,35
:kaigai_kara_modorimasita@.:,34
:piere@.:,34
:brand_new_field@.:,34
:science@.:,34
ğŸ˜†,34
:altebravo@.:,34
:semusuki2@.:,34
:secret_playful_drive@.:,34
:kyoji_oddeye@.:,34
:money@.:,34
:samusugite_samuninatta@.:,34
:teru@.:,34
:jupiter@.:,34
:shindoi@.:,34
:ofutonga_orewohanashitekurenakutena@.:,34
:hyakkiyakou@.:,34
:we_are@.:,34
:moutabetadesho@.:,34
:mayumiwakaru@.:,34
:p2@.:,34
:manbyonikiku@.:,34
:maahodohodoni@.:,34
:a_a_@.:,34
:soraaa@.:,34
ğŸŒ±,33
:p_puppu@.:,33
:nenji_internet_yamero@.:,33
:route_evolution@.:,33
:bonatai_totsunyu@.:,33
:oresama2@.:,33
:sharkakuno@.:,33
:game_gumi@.:,33
:haou@.:,33
:manpukupukupuku@.:,33
:nekketsu_no_reasoner@.:,33
:rakusyo@.:,33
:misojien@.:,33
:ane_physical@.:,33
:makuharii@.:,33
:kakageyouituwarinakiigyouwo@.:,33
:mofumofuen@.:,33
:viva_family_rhythm@.:,33
:ani_physical@.:,33
:daijoubu_nya@.:,33
:kinniku@.:,33
:penlight_sai@.:,33
:kaoru___@.:,33
:jingi_no_adabana@.:,33
:gome_nne@.:,33
:mounatteru@.:,33
:ganbaru@.:,33
:hee2@.:,33
:p_hot@.:,33
:tooiwa@.:,33
:gendaino_renkinjyutushi@.:,32
:enryoshimasuu@.:,32
:yumeigyo_voyager@.:,32
:ji_nya@.:,32
:meitantei_aaron_no_jikenbo@.:,32
:seeno@.:,32
:taisetsunishitai@.:,32
:happy_valentine@.:,32
:semkun@.:,32
:maigosagashitour@.:,32
:waka@.:,32
:collabo@.:,32
:shiranami@.:,32
:kishinn2@.:,31
ğŸ»,31
:hikarinotami@.:,31
ğŸ§,31
:quod_erat_demonstrandum@.:,31
:study_equal_magic@.:,31
:sainouaru@.:,31
:family2@.:,31
:holiday_nya3@.:,31
:p_kiss4@.:,31
:mocho@.:,31
:F_LAGS@.:,31
:yome@.:,31
:gouhou@.:,31
:tamerikku@.:,31
ğŸ˜®,31
:tsudukisan@.:,31
:autumn_nya@.:,31
:odashi_kaketeagemasyoune@.:,31
ğŸ¬,31
:ok_zuzozo@.:,31
:ha2@.:,31
:angel_kun@.:,31
:senkyakubanrai_nihao_circus@.:,31
:shinsoku@.:,31
:summer_nya@.:,31
:inai_nya@.:,31
:ibaraki_kishin_sairin@.:,30
:asuran_neruzebute_nisei2@.:,30
:bandainamco_entertainment4@.:,30
:ttekoto@.:,30
:sem_puppu@.:,30
:protein_daiji_dazo@.:,30
:naniwo_nakukotoga_arunda@.:,30
:goyouisaremashita@.:,30
:omu_shitanoka_oreigainoyatsuto@.:,30
:your_nobility@.:,30
:otanjobitokkou10bai@.:,30
:nekoyanagi_kirio@.:,30
:bemybaby@.:,30
:akiduki_ryo@.:,30
:kaitennsima_su@.:,30
:nandakonodataha@.:,30
:aoi_kyosuke2@.:,30
:megane@.:,30
:6_flashy@.:,30
:hosomionagano@.:,30
:mattaku@.:,30
:inu_nya@.:,30
ğŸ“¸,30
:igyozatoharuna@.:,30
:ri@.:,30
:omachi2@.:,30
ğŸª¡,30
:pecori_nya@.:,30
:kei_puppu@.:,29
:otukarefes@misskey.io:,29
:uchiwa_terusan@.:,29
:smile_in_wonderland2@.:,29
:kongari@.:,29
:yosasou@.:,29
:rollcake@.:,29
:mouteokuredesu@.:,29
:kamiya@.:,29
:aitsu2@.:,29
:tamakoya_no_menchikatsu@.:,29
:ewokaku@.:,29
:shujiino_meireida2@.:,29
:rei_puppu@.:,29
:yuki@.:,29
:cafeparade_kaitenda@.:,29
ğŸ“,29
:p_magician@.:,29
:daitaiatteru2@.:,29
ğŸ‹,29
:penlight_altessimo@.:,29
:gyoza@.:,29
:miru_nya@.:,29
:nenane@.:,29
:hiko@.:,29
:atsui@.:,29
:clap_nya@.:,29
:kiitenee@.:,28
:gojunbi3@.:,28
:suihanki@.:,28
:tasukete_mayumi_momohito_amamine@.:,28
:meisuiri@.:,28
:yoiotoshiwo@.:,28
:multiple_entertainment_show@.:,28
:togetoge_nya@.:,28
:baile_apasionado2@.:,28
:arigataki_okotoba@.:,28
:nomimono_wo_nomoune@.:,28
:shisho1@.:,28
:yuruse@.:,28
:oroshi_kakerune@.:,28
:3_1415926535@.:,28
:arigataiga@.:,28
:hospital_nya@.:,28
:yudanete_goran@.:,28
:route_77@.:,28
:e_@.:,28
:nenrei_fusyou@.:,28
:niyari_nya@.:,28
:yosoro@.:,28
:rui_puppu@.:,27
:furukizugaitamu@.:,27
:kanbaradaimyoujin@.:,27
:iron_chris@.:,27
:kasumi_inryou@.:,27
:the_first_star@.:,27
:shazaintelli@.:,27
:pride_star@.:,27
:stringoffate@.:,27
:favorite_ni_odorasete@.:,27
:bijakuna@.:,27
:papitto_gogo@.:,27
:chuki@.:,27
:shuju@.:,27
:omachishiteimasu@.:,27
:syugouchi@.:,27
:shiranui@.:,27
:mes_finger@.:,27
:jiken_nya@.:,27
:seppun@.:,27
:goyouisaretai@.:,27
:intelli_16sai@.:,27
:otsukaresamadeshita@.:,27
:tabunnai@.:,27
:fufu3@.:,27
:sukusuku@.:,27
:oblate_nya@.:,27
:kiku_nya@.:,27
:momochan@.:,26
ğŸ’¢,26
:sweep_your_gloom@.:,26
:oresama@.:,26
:nyako_suki@.:,26
:ikkuyo_flamingo_uchuyuei@.:,26
ğŸ«,26
:after_the_rain@.:,26
:yakinikuparty_yaritee@.:,26
:iginashi@.:,26
:alice_or_guilty@.:,26
:uo@.:,26
:17sai@.:,26
:zonamoshi@.:,26
:yattaru@.:,26
:arigatougozaimasu2@.:,26
:momonuisanpo@.:,26
:tokuwotsumu@.:,26
:wink_nya@.:,26
:pancake_tomonokai@.:,26
:ouchi_ni_kaeritai@.:,26
:kekkon_shitanoka_oreigainoyatsuto@.:,26
:think_nya@.:,26
:seijindansei@.:,26
:were_the_igyou@.:,26
:zun2@.:,26
:kekkon@.:,26
2âƒ£,25
ğŸ¾,25
:mo_souitteimasu@.:,25
:chochosan@.:,25
â•,25
:minorizu@.:,25
:puyopuyonomoto@.:,25
:jupi_puppu@.:,25
:mozisuki@.:,25
:igyomijun@.:,25
:visual@.:,25
:saipan@.:,25
:chibi_gurumi@.:,25
:papicool@.:,25
ğŸ¢,25
:shiritai2@.:,25
:kiyoi@.:,25
:tin_no_50@.:,25
:the@.:,25
:papi2@.:,25
:onashasu_nya@.:,25
ğŸ,25
:geboku@.:,25
:rikai@.:,25
:p_party@.:,25
:cho_oomori@.:,25
:sake2@.:,25
:towanaru_yonjushi@.:,25
:fugou@.:,25
:omawarisan_kocchidesu@.:,25
:katani_chicchai_idol_nosetennokai@.:,25
:otokomichi_ramen@.:,25
:motemote@.:,25
:shougeki_no_jijitsu@.:,25
:315production@.:,25
:mou@.:,25
:hand_spiner_kogado2@.:,24
:flowing_freedom@.:,24
:sorachan@.:,24
:daibakuretsu@.:,24
:mousou_wo_syutsuryoku@.:,24
:koudonihattatsushita@.:,24
:nanbodemo_hanasou@.:,24
:precious_love@.:,24
:focus_on_your_life@.:,24
:sodate_timecapsule@.:,24
:hp_315@.:,24
:jupiter_mono@.:,24
:purichu@.:,24
:yoroshiku@.:,24
:oreni_makasetokeeeee@.:,24
:ondo@.:,24
:wild_boys2@.:,24
:big_happy@.:,24
:bang_bang@.:,24
:shinkokyu@.:,24
ğŸŸ,24
:akeomepapiyoro@.:,24
:everyday@.:,24
:kakattekoi@.:,24
:sanctuary_world@.:,24
:1_flashy@.:,24
:seiza_taiki_nya@.:,24
:samba@.:,24
:pokapoka@.:,24
:ofuro_hairoune@.:,24
:oreha@.:,24
:bokunokoto_yonda@.:,24
:accha_@.:,24
:yasai@.:,24
:soku@.:,24
:natsuki@.:,24
:kiyosumi_igyo_desu@.:,24
:orenokotosuki@.:,24
:naki_nya@.:,24
:shittori2@.:,24
:michiooo@.:,24
:fufu_iiyumegamiraremasuyouni@.:,24
:tamsuki@.:,24
:gift_kinoude@.:,23
:romantic_shaker@.:,23
:jirosensei2@.:,23
:papizokunomatuei@.:,23
:yorosyu@.:,23
:kyofu@.:,23
:iwawosudedewatta@.:,23
:umaretekitekuretearigatou@.:,23
:igyomi_eishin@.:,23
:bakuen@.:,23
:yokiyoki@.:,23
:right_way_soul_mate2@.:,23
:ippousonokoro@.:,23
:nanda_dekinainoka2@.:,23
:kake@.:,23
:ittekimasu@.:,23
:omoihaeternity@.:,23
ğŸŒ·,23
:iwae@.:,23
:maro@.:,23
:nyansu@.:,23
:the_kogaodu_mono@.:,23
:haha@.:,23
:chin@.:,23
:hotcake_nya@.:,23
ğŸ¼,23
:omachininatte@.:,23
:hajimemashite@.:,23
:dokokarakamushiga_hairikondayoudana@.:,23
:tan@.:,23
:aibou@.:,23
:cacaodakedo_wakannai@.:,23
:chikaiwa@.:,23
:delyukushi@.:,23
ğŸ’‰,23
:yuzuru@.:,23
:warattyatta@.:,23
:nyokinyoki@.:,23
:aitsu@.:,23
:ng_nya@.:,23
:nantokanaru@.:,23
:fried_chiken@.:,23
ğŸ‘,23
:chrisss@.:,23
:haai@.:,23
:happy_happy_meeting@.:,22
:kanojo@.:,22
:amatou@.:,22
:3d@.:,22
:kurochan@.:,22
:dekinee@.:,22
:moffu_in_the_box@.:,22
:otaku@.:,22
:hanpu@.:,22
:nemumieishin@.:,22
:mental2@.:,22
:producer_intelli@.:,22
:mayumi_suki@.:,22
:shinchokudoudesuka@.:,22
:sukininaranaiwakeganai@.:,22
ğŸ‘,22
:kusonemisskey@.:,22
:nakayoshi2@.:,22
:meiban@.:,22
:yabai_nya@.:,22
:kekkou_desu@.:,22
:tensei@.:,22
ğŸŒ¹,22
:konkatsu@.:,22
:edemotakusansatsumaimogatoremasuyo@.:,22
:heartmaker@.:,22
:gaoo_kaomoji@.:,22
:genbu_suki@.:,22
:maketa@.:,22
:katajikenight@.:,22
:penlight_flags@.:,22
:nanikosososhitenno@.:,22
:ame_nya@.:,22
:iyaa@.:,22
:genesis_contact@.:,21
:19sai_gumi@.:,21
:amamineochitsuke@.:,21
:dekinee_tohaittenee@.:,21
:heartchan@.:,21
:tagawa_nyugyo@.:,21
:moukekkonshiro@.:,21
:allhandstogether@.:,21
ğŸª,21
:desuyo@.:,21
:seijaku@.:,21
:katsuobushi_kakerune@.:,21
:exciting@.:,21
:petthex_nyansu@.:,21
:oichibi@.:,21
:penlight_shinsokuikkon2@.:,21
:inochi_no_onjin@.:,21
:pierre@.:,21
:shichimi_kakerune@.:,21
ğŸ‡,21
:penlight_beit@.:,21
:takusankae@.:,21
:dramaticigyos@.:,21
:doron_nya@.:,21
:sun@.:,21
:dekiraa@.:,21
:douitashimashite@.:,21
:tsudukikeisan@.:,21
:p_zzz@.:,21
:friend@.:,21
:symphonic_brave2@.:,21
:rui_maita@.:,21
ğŸŠ,21
:sentakuki@.:,21
:hee3@.:,21
:superultra315igyo2@.:,21
:konekochan_and_yaroudomo@.:,21
:girigiri@.:,21
:minimum@.:,21
:pori_@.:,21
:gabiin@.:,21
:sawayaka@.:,21
:tsutaetainohakonnakimochi@.:,20
:legenders_mono@.:,20
:enban@.:,20
:kaleido_tourhythm@.:,20
:rouya@.:,20
:tenku_suzaku_otoshi@.:,20
:gyunyu_long_nya@.:,20
:angel_nya@.:,20
:shiawasenisurukarana_deep@.:,20
:anicafe_no_tsuchi@.:,20
:kendama@.:,20
:ane_mental@.:,20
:eieio@.:,20
ğŸ¯,20
:makikomareta@.:,20
:burning_cool_de_kagayaite@.:,20
:seyade_2@.:,20
:boron_no_5@.:,20
:tori@.:,20
:yokuzokikanshita@.:,20
:chibi_@.:,20
:kedama@.:,20
:tension_up@.:,20
:genchi2@.:,20
:matsuge@.:,20
:onsen_nya@.:,20
:bibixtsuchayadayo@.:,20
:kiai@.:,20
:10ren_scout@.:,20
:romantic_shaker2@.:,20
:kokohadokoda@.:,20
:kantoku@.:,20
:bluechicken@.:,20
:donki@.:,20
:lightning_thunder@.:,20
:suiminha_juubunnni_toretaka@.:,20
:matte@.:,20
:dai@.:,20
:tamaranne_korya@.:,20
:otouto_intelli@.:,19
â™¦,19
:joucho@.:,19
:give_me_fusion@.:,19
:kaoru@.:,19
:chanp@.:,19
:mengoku2@.:,19
:handmade_kimi_heart@.:,19
:gekisutarkun@.:,19
:voyager@.:,19
ğŸ¦ˆ,19
:nukumority@.:,19
:karenda@.:,19
ğŸ¦,19
:go_for_it@.:,19
:cute_boys@.:,19
:imouto_mental@.:,19
:sonochoushi@.:,19
:poker_faith@.:,19
:ieechu@.:,19
:buriburiburiburi_muchaburi_nya@.:,19
:yozorawokirameku_hoshinoyouni@.:,19
:gozaru@.:,19
:nandai@.:,19
:pizza@.:,19
:yamamura_ken@.:,19
:yankee@.:,19
:shinchokudamedesu@.:,19
:gag_roppozensho@.:,19
:takusan_kike@.:,19
:9_flashy@.:,19
:kossori_nya2@.:,19
:ushi@.:,19
:a_dakuten@.:,19
:emoi@.:,19
:kyomunui@.:,19
:sonotegaattaka2@.:,19
:sauce_kakerune@.:,19
:moon@.:,19
:pokan_nya@.:,19
:guiter_nya@.:,19
:imouto_physical@.:,18
:apsuper@.:,18
:taishounenrei_3saiijou@.:,18
:tarikihonganji@.:,18
:tonchiki@.:,18
ğŸŒŸ,18
:mitaraigyouta3@.:,18
:kuro_suki@.:,18
:p_kimono_gold@.:,18
:tsuttasakananihaesawoyaranai@.:,18
:producersanyo@.:,18
:rui_3@.:,18
:ofutonnara_orewotsutsundeneteruze@.:,18
:igyonome_souichirou@.:,18
:shin@.:,18
:tsuchinoiroshiterundaze@.:,18
:onihasoto@.:,18
:soudayo@.:,18
:aichii@.:,18
:tennis_cir@.:,18
:oresamano_tokoni_kiyagare@.:,18
:silver_no_47@.:,18
:osato_kakerune@.:,18
:resonate_blessing@.:,18
:haru2@.:,18
:moffu@.:,18
:buta@.:,18
:fushigi@.:,18
:hiko_puppu@.:,18
:sora_@.:,18
ğŸ˜,18
:4_flashy@.:,18
:tehe_nya@.:,18
:anta2@.:,18
:oresamaha_takaminokenbutsu@.:,18
:shimaenaga@.:,18
:kakutei_gasha@.:,18
:kenkoudaiichi@.:,18
:saimisuwotojiremasendeshita@.:,18
:sunnylettuce@.:,18
:soushiyou@.:,18
:papittohappy@.:,18
:hitoshirezu_wareragatameni_tatakaishinanjihe_kanshatoshukufukunoutawookurou_saakokoroshitekikugaiiarujiyo_aruji@.:,18
:bakushou_nya@.:,18
:daishori@.:,18
:koronchristmas@.:,18
:sochan@.:,17
:kinbendeare_ninkimononinarou_genkidasiteikou@.:,17
:mousho@.:,17
:bikkle_bikkle@.:,17
:take_off@.:,17
:dot_pink@.:,17
:nenji_internet_yamero2@.:,17
:315beatofpassionfestival@.:,17
:d_f_e@.:,17
:hakutsuruchan@.:,17
:reversed_masquerade@.:,17
:ruisensei2@.:,17
:datsugoku@.:,17
ğŸ¥,17
ğŸ¹,17
:high_jump_no_limit@.:,17
:night@.:,17
:shikashi_gyonikumo_onikudesu@.:,17
:motomu@.:,17
:ghost_snipers@.:,17
:chikosui@.:,17
:sorasama@.:,17
:nigiyaka@.:,17
:isyokudougen@.:,17
:friendly_smile@.:,17
:happy_whiteday@.:,17
:tsuchi@.:,17
:pnosaifuhagabagaba@.:,17
:love_nya@.:,17
:20sai@.:,17
:basketball_nya@.:,17
ğŸ„,17
:findday_fineway@.:,17
ğŸ”,17
:gerokowa_nya@.:,17
:yurushite@.:,17
:nihonshu_nya@.:,17
:ren_2@.:,17
:kyomu_nya@.:,17
:gakukasama@.:,17
:mask_nya2@.:,17
:ume@.:,17
:wabi_money@.:,17
:penlight_mofumofuen@.:,17
:sr_plus@.:,17
:makikomuna@.:,17
:tsubasa@.:,17
:yoo_@.:,17
:wine_nya@.:,17
:deshiteyo@.:,17
:penlight_cafeparade_@.:,17
:kon@.:,17
:moonshape_meikyosisui@.:,17
:uchinotantouga_sumimasen@.:,17
:nikoniko@.:,17
:aluminum_no_13@.:,17
:yuuga@.:,17
:aiyo@.:,17
:onaka_suita_nya@.:,17
:rei2@.:,17
:doramatic_nonfiction@.:,16
:oshi_my_baby@.:,16
7âƒ£,16
:change_to_chance@.:,16
:true_horizon@.:,16
:koyubi@.:,16
:katamatta_imoe@.:,16
:indofuni@.:,16
:tantou_other@.:,16
:jironko@.:,16
ğŸŒ,16
:kogadoha@.:,16
:ane_intelli@.:,16
ğŸ”°,16
ğŸœ,16
:bakuen_no_hina@.:,16
:lambkun@.:,16
:mouiru@.:,16
:kidoairakubankokukyotsu_burn_it_up@.:,16
:kuuki@.:,16
:shogakusei@.:,16
ğŸ–Š,16
:amarinimo_fesgen2@.:,16
ğŸ¥¦,16
:RULE_kibawougateyo@.:,16
:syouchi@.:,16
:dayone_@.:,16
:syuugou@.:,16
:ryusei_parade@.:,16
:souji_nya@.:,16
:cafe_parade@.:,16
:sonobasyoniikutameni_KEEP_ON_FIGHTING@.:,16
:arrive_to_star@.:,16
:7_flashy@.:,16
ğŸš,16
:tono@.:,16
:makotonimoshiwakegozaimasen@.:,16
ğŸ›¡,16
:kaze_fuitekiteru_chakujitsuni@.:,16
:gomenasobase@.:,16
:ga@.:,16
:benkyoninatta_arigatou@.:,16
:oi1@.:,16
:muneatsu@.:,16
:uwaki@.:,16
:kosho_kakerune@.:,16
:hukkin@.:,16
:konamono_kaketeagemashoune@.:,16
:gasha@.:,16
:kitakore@.:,16
:taiyakii@.:,16
:myoudana@.:,16
:kanchumimaimoushiagemasu@.:,16
:hagedou_2@.:,16
:yumeirovoyager2@.:,15
:sr_kakutei@.:,15
ğŸ£,15
:ichikawa_hakutsuru@.:,15
:hurogasetoma@.:,15
:banndainamugoa@.:,15
:dramatic_stars_mono@.:,15
:shiraishi_eru@.:,15
:wabiphysical@.:,15
:oyasumisskey@misskey.io:,15
:oreno_munede_naiteiize@.:,15
:fuwamokochiffonnayumenonaka@.:,15
:dream_journey@.:,15
:treasure_party@.:,15
:love_cupids@.:,15
:chinmokuhakin@.:,15
:fuyumijunsama@.:,15
:yokuyatta@.:,15
:avenue_illusion2@.:,15
:change_to_chance2@.:,15
:kan@.:,15
:shiki@.:,15
ğŸ’£,15
:magic_heart@.:,15
:omiso_kakerune@.:,15
:choushi@.:,15
:shoujiki_ni_narimashoune@.:,15
:punipuni@.:,15
:soregashi@.:,15
:syukkin@.:,15
:lege_suki@.:,15
:mitarai_shota@.:,15
:nande_arundayo@.:,15
:sowasowa@.:,15
:bonus_time@.:,15
:handman2@.:,15
:sorehasoretoshite@.:,15
:haru@.:,15
:infinite_octave_2@.:,15
:wanpuppu@.:,15
:the_igyoudou@.:,15
:gome_nne2@.:,15
:0_flashy@.:,15
:ten@.:,15
:misuzu@.:,15
ğŸ¤,15
:kokonihakawotateyo@.:,15
:darenoshiwazakana@.:,15
:bow_nya@.:,15
:8_flashy@.:,15
ğŸ“±,15
:www@.:,15
ğŸ«µ,15
:ofutongaoretosoitogetai_tteitterundayo@.:,15
:zuko_nya@.:,15
:makasetamae_shikomikuraisugusa@.:,15
:ds@.:,15
:ok_nya2@.:,15
:yutai_ridatsu_nya@.:,15
:blank@.:,15
ğŸ§Š,15
:idolmaster_sidem@.:,15
ğŸ•,15
:soothingplace@.:,14
ğŸ§™â€â™€ï¸,14
:petthex_315pro@.:,14
ğŸµ,14
:benzene@.:,14
:hundreds_color@.:,14
:niko_deep@.:,14
:my_pen_light_smile@.:,14
:kyoji_kuro@.:,14
:katameta@.:,14
:karma2@.:,14
:cherryblossom_garden@.:,14
:encore@.:,14
:murakumo@.:,14
:shippu_hatteagemashoune@.:,14
:kabutochan@.:,14
:hogehoge@.:,14
:you_re2@.:,14
:konnanimoofutonwo_aishiteirunoni@.:,14
ğŸ‘ˆ,14
ğŸ‰,14
âœŒ,14
:genkigaderu@.:,14
:hands_and_claps@.:,14
:yakyu_nya@.:,14
ğŸŒ¸,14
:chibimine@.:,14
:nishi@.:,14
:yasurakanaru_nemuriwo_kyoujusen@.:,14
:kawaiihouga_kyosuke@.:,14
:desuzo@.:,14
:senpai@.:,14
:simple_na_kotodayo@.:,14
:kuro_juutai_nya@.:,14
:natsukichan@.:,14
:l_pink@.:,14
:kaminari_nya@.:,14
:genchi@.:,14
:nice_nya@.:,14
:nikondemiruka@.:,14
:maid@.:,14
ğŸ¬,14
:ni@.:,14
:michii@.:,14
:hagedou@.:,14
:herochan@.:,14
ğŸ¹,14
:pool_nya@.:,14
:dozodozo@.:,14
:tadaima2@.:,14
ğŸ’,14
:uchiwa_blue@.:,13
:chemistry@.:,13
3âƒ£,13
:otokomchi@.:,13
8âƒ£,13
:puratoro@.:,13
:sayou@.:,13
:9sai@.:,13
ğŸ‘“,13
:smile_again@.:,13
:kaisai@.:,13
ğŸ…±,13
:a_cup_of_happiness@.:,13
:manganese_no_25@.:,13
:tones_destiny@.:,13
:tomachan@.:,13
:dyunn@.:,13
:hanashishitadaro@.:,13
:kyoji_cha@.:,13
:maccha_to@.:,13
:w_mono@.:,13
:starlight_celebrate@.:,13
ğŸŒˆ,13
:sukisou@.:,13
:kuro_kun@.:,13
:eternal_love@.:,13
:asari_zetsumetsu_live@.:,13
:sai_suki@.:,13
:shikisuki@.:,13
ğŸ‰,13
:hayatosuki@.:,13
:kiyojimi@.:,13
:kioku_wo_syutsuryoku@.:,13
ğŸ«˜,13
:16sai@.:,13
:aki@.:,13
:setlist@.:,13
:sakurairo@.:,13
ğŸ™,13
:eigakashiyou@.:,13
ğŸ°,13
:kankino_jikanda@.:,13
:higashi@.:,13
:kogadou@.:,13
:tanoshisugiru@.:,13
:tsuchitteoishiiyona@.:,13
ğŸ…,13
:maru@.:,13
:kushun@.:,13
:seitokaicho1@.:,13
:otanoshimini@.:,13
:fuyu@.:,13
:kita2@.:,13
:benkyou_nya2@.:,13
ğŸ‡,13
:bakuunnosuzaku@.:,13
:shumai@.:,13
:taisetsu_yoko@.:,13
:daikou@.:,13
:ready@.:,13
ğŸ§…,13
:guwaa@.:,13
:uminidakaretekimashita@.:,13
:zutsu_nya@.:,13
:mine@.:,13
:toratoratoratora_trouble_nya@.:,13
:unazukisugite_akabekoninatta@.:,13
:nantekotta@.:,13
:shisshoeisho@.:,13
:iridium_no_77@.:,12
:tenteruchan@.:,12
6âƒ£,12
:beryllium_no_4@.:,12
:pave_etoiles@.:,12
â™¨,12
:zitakuariina_saizenretsu@.:,12
:michiochan@.:,12
:himago@.:,12
:kanbai@.:,12
:keichan@.:,12
:joyful_heart_maker@.:,12
:were_the_one@.:,12
:30sai@.:,12
:nextdistination@.:,12
:hitokoma@.:,12
:misoji_gumi@.:,12
:sugering_off_party@.:,12
:omiya@.:,12
:zip@.:,12
:bakutan_no_suzaku@.:,12
:legacy_of_spirit@.:,12
:syukusai@.:,12
ğŸ·,12
:jun@.:,12
:nomitai@.:,12
:smile_engage@.:,12
:suuna@.:,12
:epizero@.:,12
:cola_to@.:,12
:touma_suki@.:,12
:soichiro@.:,12
ğŸ’›,12
:toorisugarino@.:,12
:summer_goodbye@.:,12
:yamanashisama_arigatou@.:,12
ğŸ°,12
:japanese_kawaii@.:,12
:kirahime@.:,12
:triten@.:,12
:butsuri@.:,12
:p_magician_body@.:,12
:momohito_suki@.:,12
:zun@.:,12
:s_pink@.:,12
:hp_0@.:,12
ğŸµ,12
:know_only@.:,12
:p_heart@.:,12
:fokanupou@.:,12
:18sai@.:,12
:orenomewo_gomakaserutodemo_omotterunoka@.:,12
ğŸ˜,12
ğŸ‘Š,12
:saikocount_up@.:,12
:kaoru_suki@.:,12
ğŸ§‹,12
:muurii@.:,12
:28sai@.:,12
:sidem4@.:,12
:suza_puppu@.:,12
:atashinohonki@.:,12
:proof_of_oneself@.:,12
:nayamu@.:,12
â˜,12
:mentsuyu_kakerune@.:,12
:trustmenow@.:,12
:nanikano_anyuka@.:,12
:kochira_nya@.:,12
:henshin@.:,12
:nandodatte_horechimauna@.:,12
:kesanaide@.:,12
:gachi@.:,12
:miracle_daihassei@.:,12
:ksk_ikkon@.:,12
:rec@.:,12
:gii@.:,12
:lr44@.:,12
:26sai@.:,12
:158cm@.:,12
:cchi2@.:,12
:hydrogen_no_1@.:,11
:potassium_no_19@.:,11
:compass_gripper@.:,11
:hongyo@.:,11
:isekaiarthur_no_seihaidensetsu@.:,11
:produce_jisseki@.:,11
:kyoumo_ramen_oomoridaze@.:,11
:otonokouzuin_tayutaugaii@.:,11
:souchan_michan2@.:,11
:ninmuwo_suikosiyou@.:,11
:yokutteyo@.:,11
:like_a_rolling_donuts@.:,11
:kakugokimemashita@.:,11
ğŸ«¶,11
:minori_suki@.:,11
:kendamaha_tokugida@.:,11
:subetetaoshite_shoushani_naritee@.:,11
:mental@.:,11
ğŸ¤,11
:bonnou@.:,11
:glorious_road@.:,11
:19sai@.:,11
:kyokin@.:,11
:shuryo@.:,11
:sinraido_max@.:,11
âš±,11
ğŸ¥,11
ğŸ¥,11
ğŸ§,11
:owata@.:,11
:connectime@.:,11
:otsukaren@.:,11
ğŸˆ,11
:genbu@.:,11
:p_zombie@.:,11
ğŸ,11
ğŸ”,11
:beyond_the_dream@.:,11
ğŸ’,11
:double_center@.:,11
:nullpo@.:,11
:shisou@.:,11
:ryochan@.:,11
:mounenayo_@.:,11
:daigyotakeru@.:,11
:natsu_puppu@.:,11
:shokujiha_kichinto_tottaka@.:,11
:kansei2@.:,11
:ga2@.:,11
:chouten@.:,11
ğŸš€,11
:chibapush@.:,11
ğŸ¦‘,11
:ganbou@.:,11
:namikaketekurenaika@.:,11
:michiru_suki@.:,11
:urayama@.:,11
:sakakinatsukisan@.:,11
:calling@.:,11
:nenaino@.:,11
:takusan_moero@.:,11
:jumyou_ga_nobita@.:,11
:treasuregate@.:,11
:haruna@.:,11
:nemunohaamehiko@.:,11
:benkainoyochimogozaimasen@.:,11
ğŸ ,11
:hitsuji_nya@.:,11
:superultra315tencho2@.:,11
:warota2@.:,11
:heat_up_summer_live@.:,11
:miseteyaruyo@.:,11
ğŸ,11
ğŸ¥,11
:ukeguchi_no@.:,11
:jinrou_nya@.:,11
:nee_@.:,11
:com@.:,11
:ha_nya@.:,11
:sparkle_sign@.:,11
:kagerousama@.:,11
:renyu@.:,11
:dhukushi@.:,11
:life_is_beautiful@.:,11
:unare_watashinohosoude@.:,11
ğŸ„,11
:kyouhaneyokka_@.:,11
:gorippa@.:,11
:mission_is_peaceful@.:,10
:dive_to_gravitation@.:,10
:learning_message@.:,10
:maitaruchan@.:,10
:neverendopus@.:,10
:yuubenhagin@.:,10
:planet_scape@.:,10
:takeruchan@.:,10
:furorida@.:,10
:adieu@.:,10
:kaoruchan@.:,10
:minaguilty@.:,10
â¤ï¸,10
:178cm_intelli_megane@.:,10
:coming_soon@.:,10
:haru_puppu@.:,10
:orenihaomaega_hitsuyounanda@.:,10
:hop_step_hi_sheep2@.:,10
:teatime_cliche@.:,10
:karada_no_kihonha@.:,10
:big_dipper@.:,10
:beyond_the_dream_greeting_tour_2017@.:,10
:senshibankounoran@.:,10
:wonder_marching@.:,10
:kaiketsu@.:,10
:r18@.:,10
:sail_light_sail@.:,10
:yaanon@.:,10
:hakutsuru_suki@.:,10
:go_next2@.:,10
:onizoku@.:,10
ğŸ´,10
:tennis_nya@.:,10
:kurokikate@.:,10
:minori@.:,10
:oreno_megahonkimode@.:,10
:shikkokusekai@.:,10
:ren_kirei@.:,10
:a_hhahhaha@.:,10
:super_igyo@misskey.io:,10
:hungry2@.:,10
:hanamarucchi@.:,10
:wafflewaffle@.:,10
:kaminari@.:,10
âœŠ,10
:boku@.:,10
:kate@.:,10
:nanno@.:,10
:chomateyo@.:,10
:nakenashino_konjo@.:,10
:isami@.:,10
:diamond_mezoforute@.:,10
ğŸ¥•,10
:iron_no_26@.:,10
ğŸ§ ,10
:i_love_you@.:,10
:nyanpuppu@.:,10
:joker_almighty2@.:,10
:bangohanha_madakanou@.:,10
:momoman@.:,10
:toriniku_or_treat@.:,10
:saisuta@.:,10
:chourisite_kue@.:,10
:ok2@.:,10
:yaita@.:,10
:yuka@.:,10
:mixpenlight@.:,10
:mental_heart@.:,10
:oku_flashy@.:,10
ğŸš—,10
:p_santa@.:,10
ğŸ¥¬,10
:totonoitai@.:,10
:the_symphonic_daylight2@.:,10
:ashitakarahonkidasu@.:,10
:montblanc@.:,10
:gojiaikudasai@.:,10
:live@.:,10
ğŸ˜„,10
:nerutokiga_yoru@.:,10
:nyuubu@.:,10
:make_new_legend@.:,9
:worldwide_de_special2@.:,9
:imouto_intelli@.:,9
:oursong4@.:,9
:arsenic_no_33@.:,9
:reichan@.:,9
:iikana2@.:,9
â“‚,9
:undiscovered_world2@.:,9
:irodori_no_uta@.:,9
:kawaii2@misskey.io:,9
ğŸ¦“,9
ğŸ,9
:calcium_no_20@.:,9
:pa_hekuchi@.:,9
:daikangei@.:,9
:tantou@.:,9
:goronchris@.:,9
ğŸ’š,9
:season_in_the_five2@.:,9
ğŸ’ª,9
:uminoie@.:,9
ğŸ°,9
:amamine_internet_yamenaide@.:,9
:meshi_time@.:,9
:ringujono_oujisama@.:,9
:the_1st_movement_mirainotameno_nijusou@.:,9
:icon_kaeta@.:,9
:aurora_moment@.:,9
:a_la_carte_freedom@.:,9
ğŸ¦,9
:en@.:,9
:tenchishishinden@.:,9
:maitaru_suki@.:,9
ğŸ¼,9
:iiyone2@.:,9
:kitamuraa@.:,9
ğŸ’œ,9
:dimension_arrow_3@.:,9
ğŸ¡,9
:gintoro@.:,9
ğŸ¤,9
:chotto@.:,9
:kanousei@.:,9
ğŸ¥ª,9
:p_kimono_rainbow@.:,9
:hirottenyansu@.:,9
:miriki2@.:,9
:mogumogu_no_nyako@.:,9
ğŸ’¯,9
:producer_san_@.:,9
:omu_suki@.:,9
:kwsk@.:,9
:kaisai2@.:,9
:hazama_sun@.:,9
:big@.:,9
â˜‚,9
:enjoji_rannyu@.:,9
:kitakumurasora@.:,9
:ibaraki_kishin_sairin2@.:,9
âš½,9
âœ‹,9
:yaruyaru@.:,9
:hayato@.:,9
ğŸŒ,9
:rei_suki@.:,9
:kawaiihouga_yusuke@.:,9
:kakattekoi2@.:,9
:sign_kudasai@.:,9
:fukuhauchi@.:,9
:hyper_megamax_igyo_ssu@.:,9
:chimeishoudesunda@.:,9
:31sai@.:,9
ğŸ”ª,9
:guren@.:,9
:mas@.:,9
:21sai@.:,9
ğŸ›,9
:kyoji_suki@.:,9
:neko_samui_nya@.:,9
:otoko@.:,9
:koshi@.:,9
:eyes_fidgeting@chamacha.misskey.one:,9
:make@.:,9
:da@.:,9
:kinishinakute_kekkoudesuyo@.:,9
:urepippuru@.:,9
:nice_fight@.:,9
ğŸ’©,9
:warota3@.:,9
:game@.:,9
:otoshidama_kudasai@.:,9
:kagayakouze@.:,9
:genbuu@.:,9
:315production2@.:,9
:itsuka_konoshunkanni_namaewo_tsukerunara@.:,8
:wakiai@.:,8
:uchigu_chino@.:,8
:satanchan@.:,8
:kitaku@.:,8
:altessimo_mono@.:,8
:on_sunday@.:,8
:c_first_mono@.:,8
:otouto_physical@.:,8
ğŸ‘‹,8
:anywhere2@.:,8
:whiteday_live_2016@.:,8
:rabinchan_chosuki@.:,8
:taikin@.:,8
:sunset_colors2@.:,8
:wakaru@misskey.io:,8
:kaisetsuin@.:,8
:kyoichi@.:,8
:ultimate_igyo@misskey.io:,8
:kun_mental@.:,8
ğŸ¦¶,8
:idoltte@.:,8
:katte_yokonimaritee@.:,8
:11sai@.:,8
:boukyaku_no_klangfarbe@.:,8
:popcorn_closet@.:,8
:journey_joy_blend@.:,8
:sorette@.:,8
:loveandpeace_saikyossyo@.:,8
:welcome_igyo_park@.:,8
:produce@.:,8
:kanryo@.:,8
:kotoshimo315productionniyukigafuru@.:,8
:hafnium_no_72@.:,8
ğŸŒ,8
ğŸ—,8
:stargem@.:,8
:rouhou@.:,8
:and_you@.:,8
:original_pieces@.:,8
:p_dash@.:,8
:wingchan@.:,8
:hirune_ga_hakadoru@.:,8
:umaari_wakaba@.:,8
:purely_and_kindly@.:,8
:tsukumoigyou@.:,8
:miri@.:,8
:ha_i@.:,8
:oblate_nya2@.:,8
:carbon_no_6@.:,8
:p_comfy@.:,8
:usachan@.:,8
:eishin@.:,8
:sinchokuikkon2@.:,8
:ji_wo_kaku@.:,8
ğŸš™,8
ğŸ‘‘,8
:hanazono_@.:,8
ğŸ¢,8
:lemon@.:,8
:nabe@.:,8
ğŸ‘º,8
:made_in_happy@.:,8
:saikounoomotenashiwohiroushiyou@.:,8
ğŸ™‹â€â™‚ï¸,8
:tantou_physical@.:,8
:seitokaicho2@.:,8
:kisekiteki_starrytune2@.:,8
ğŸ¥‚,8
:rakugan@.:,8
:change@.:,8
:mattete@.:,8
ğŸ¦Œ,8
:kazuki@.:,8
:saimisuwo_tojiru@.:,8
:gloriousstage@.:,8
:dramatic_nonfiction@.:,8
:mippen@.:,8
:soratobu_obento@.:,8
:kun_intelli@.:,8
:kamameshi@.:,8
:saa@.:,8
ğŸ®,8
:pop_links_tune@.:,8
â˜•,8
:businesslike@.:,8
:michiru_2@.:,8
:secret_light@.:,8
:orekaramewohanasunayo@.:,8
:vichi_ga_kansuto@.:,8
:ugoitenainoni_atsuiyo@.:,8
ğŸ¦†,8
:shingen_suki@.:,8
ğŸ³,8
:saimisuwohiraku@.:,8
:akakinamida@.:,8
:ikiru@.:,8
:nayuta_flashy@.:,8
:jigajisan@.:,8
:ssu@.:,8
:tengenhyojinharmonics@.:,8
:kingashingen@.:,8
:danmatsuma@.:,8
:help_nya@.:,8
ğŸ©¹,8
:kuro_puppu@.:,8
:jiamari@.:,8
:awaji_island@.:,8
:mochiron_chris@.:,8
:mayoukotodehanaihazu@.:,8
:ongaku_kaketeagemashoune@.:,8
:necchushowo_amakumirunayo@.:,8
:ohayo_whisky__i@misskey.io:,7
4âƒ£,7
1âƒ£,7
5âƒ£,7
ğŸ‘ƒ,7
:itookashi_issai_gassai@.:,7
ğŸŒ¼,7
:merry_chri3@.:,7
:subesube@.:,7
ğŸ•º,7
:igari_reo@.:,7
:baile_apasionada@.:,7
:good@.:,7
:teyan@.:,7
ğŸ¿,7
:ongakuseinochigaide_shoutotsu@.:,7
:growing_smile@.:,7
:sidem2@.:,7
ğŸ¦¦,7
ğŸ¹,7
:jinsei@.:,7
:ssimo@.:,7
:moba_event_marathon@.:,7
:gemini@.:,7
:meikyoshisui_da@.:,7
:sorry@.:,7
ğŸ,7
ğŸ,7
ğŸ–,7
:nakanaide@.:,7
:ren_shiki_rei@.:,7
:hitsuyoukai@.:,7
:sachertorte@.:,7
:mobaemu@.:,7
ğŸŸ¢,7
:mr@.:,7
ğŸ¤Ÿ,7
:watashiha_usoitsuwarinaku_skiingshoshinshada@.:,7
ğŸ¤,7
ğŸ¯,7
:f_lags_mono@.:,7
:zaikonashi@.:,7
:kanon_suki@.:,7
:emusute@.:,7
:naanii@.:,7
:tunamayo@.:,7
:suiminno_genbu@.:,7
:mokusei@.:,7
:five_star_party@.:,7
:sai_mono@.:,7
:write_for_someone@.:,7
âš¾,7
:travel_nya@.:,7
:ttara@.:,7
:kingblade@.:,7
:kyun_desu_nya@.:,7
:tamashii@.:,7
:chojo_gakuen@.:,7
:beginning_tomorrow2@.:,7
:fukusenkaishu@.:,7
:inshu_kanou@.:,7
:koukousei@.:,7
:kamievent@.:,7
:hp_3_15@.:,7
:tapestry_ha_kirujidaihe@.:,7
ğŸŒ»,7
:akeome_nya2@.:,7
:amamineshusan@.:,7
:kibonnu@.:,7
:chlorine_no_17@.:,7
:kenkou_shindan_nya@.:,7
:gekikara@.:,7
:echoes_my_note@.:,7
:fireworks_wanna_be_a_star@.:,7
:eclipse_of_the_heart@.:,7
:minami@.:,7
:9th_stage_mira_circle_crescendo@.:,7
:arasoe@.:,7
:yoga_nya@.:,7
ğŸº,7
:makio@.:,7
:pr@.:,7
:producerchan@.:,7
:leading_your_dream@.:,7
:kaimaku@.:,7
:asselin_suki@.:,7
:twintower@.:,7
:tomato@.:,7
:hatsumimi@.:,7
:nemurenkedo_hayakunetaiga@.:,7
:aoi_suki@.:,7
:tenjouyoriyasui@.:,7
:naranee@.:,7
ğŸ€,7
:side_nemu@.:,7
:take_a_stump@.:,7
:urusaizo_tendou@.:,7
:nyakoo@.:,7
:baretaka@.:,7
:nonda@.:,7
:sodium_no_11@.:,6
ğŸ€,6
:kenritsu_ouken_koukou@.:,6
ğŸ†’,6
:yamanashisama@.:,6
:bandainamucoentertainment@.:,6
:shikichan@.:,6
:mobacoin@.:,6
:frame_mono@.:,6
ğŸ—,6
:itsudemooreni_sodansiroyo@.:,6
:otoutochan@.:,6
ğŸ‘—,6
ğŸŒ­,6
ğŸš“,6
:jimuin@.:,6
:moukihasundaka@.:,6
:gloria_moment@.:,6
:nanda_dekinainoka@.:,6
:jounetsu_heart_de_ko2@.:,6
:tajimusyo@.:,6
:ohayougozaimasu@misskey.io:,6
:sagyo_@.:,6
:irogasuki@.:,6
ğŸª²,6
:puppu_joker@.:,6
:sodate_igyo_capsule@.:,6
ğŸ·,6
:tayan@.:,6
:kakageyou_itsuwarinakizibunwo@.:,6
:oyasumi2@misskey.io:,6
:shortcake@.:,6
:nukunuku@.:,6
â˜,6
:millefeuille@.:,6
:samugari@.:,6
:kessyo_crystal_dust@.:,6
ğŸ¦‹,6
:chou_flashy@.:,6
:italian@.:,6
:jikyujisoku@.:,6
ğŸª‡,6
ğŸ¦â€â¬›,6
:14sai@.:,6
ğŸ¥,6
:junchan@.:,6
:hotaru@.:,6
âš’,6
:jan@.:,6
:soup@.:,6
:hideosuki@.:,6
ğŸ¥›,6
:kaiin@.:,6
ğŸª¦,6
:donmai_nya@.:,6
:goshowakudasai@.:,6
:omoinouta@.:,6
:reflection_breakers@.:,6
ğŸƒ,6
:jouka@.:,6
:hiko_suki@.:,6
ğŸ–,6
:ani_mental@.:,6
:nemusugiharuna@.:,6
:thankyou_deep@.:,6
ğŸ©µ,6
:mimasaka_takeshi@.:,6
:ryokuin_no_gymnasium@.:,6
:magnesium_no_12@.:,6
:tsukuekado@.:,6
:osananajimi@.:,6
:nomisugi_chuui@.:,6
:kurousama@.:,6
âœ,6
ğŸ’,6
:hallo_freunde@.:,6
:kiriban@.:,6
:kyoumo_tantouga_mabushii@.:,6
:venus_nya@.:,6
ğŸ¦µ,6
:soucho@.:,6
:hamupuppu@.:,6
:ablobcatfloofpat@nijimiss.moe:,6
ğŸµ,6
:neon_no_10@.:,6
:dramatic_anthem@.:,6
ğŸ†,6
:tsuika_de_5ko_tanomuze@.:,6
:atmosphere@.:,6
:kaisan_nya@.:,6
:banzai@.:,6
:kogadou_suki@.:,6
:kumotsu_no_cake_wo_sasagerunoda@.:,6
:nihongo_wakarimasen@.:,6
:kimchi@.:,6
:p_mizugi_sailor@.:,6
:toomou_p_deatta@.:,6
:fukashigi_flashy@.:,6
:kanzenfukkatsu@.:,6
:wana@.:,6
:warota@.:,6
:chiken_rice@.:,6
:isshoni_flight_shimasenka@.:,6
:jikan_nya@.:,6
:negoto@.:,6
:p_mage@.:,6
:niko_nya@.:,6
:kazaguruma_windy_road@.:,6
:cinderellatime_nerunoyo@.:,6
ğŸ—¼,6
:besugehaiizo@.:,6
:765@.:,6
:15sai@.:,6
:asselin@.:,6
:tamaran@.:,6
:fuatsu@.:,6
:yarukoto_ga_ooi@.:,6
ğŸ™,6
:two_bird_dane@.:,6
:heartmade_cookies@.:,6
ã€°,6
:amehiko@.:,6
:kakinhei@.:,5
:ookini@.:,5
:harunachan@.:,5
:ankokuheno_prelude@.:,5
ğŸ›¥,5
:boya@.:,5
ğŸ“»,5
ğŸ,5
ğŸ¤,5
:o_herb@nijimiss.moe:,5
:jieikan@.:,5
:sanjo_goro@.:,5
:uchiwa_red@.:,5
:original_pieces_03@.:,5
:hyozinchan@.:,5
:orz@.:,5
:23saigumi@.:,5
:puppu_parade@.:,5
:tsutaetainoha_konnaigyo@.:,5
:reason@.:,5
ğŸ‘š,5
î”Š,5
ğŸ˜¡,5
:otouto_mental@.:,5
:ohayou@misskey.io:,5
:ikkuyo@.:,5
:ohuton_kakete_agemasyoune@misskey.io:,5
ğŸ’€,5
ğŸ”¥,5
ğŸ ,5
:315kin@.:,5
:jibunojosounohouga_mashidatoomotteiru@.:,5
:junai@.:,5
:kyochan@.:,5
:piranha@.:,5
:baibeit@.:,5
:parade@.:,5
ğŸŒ°,5
:uttare@.:,5
:uyamau@live-theater.net:,5
:handman@.:,5
:e_pink@.:,5
ğŸ­,5
ğŸ˜€,5
:scandium_no_21@.:,5
:ryujinzoku@.:,5
:uchino_thekogadoga_sumimasen@.:,5
ğŸ’Š,5
:butsuyokusensor@.:,5
:nantene@.:,5
ğŸ“,5
:sennsei_daigo@.:,5
:cobalt_no_27@.:,5
:chouchosan@.:,5
:netsuhaatsuiuchiniute@.:,5
:ren_puppu@.:,5
:pyonchan@.:,5
ğŸš,5
ğŸœ,5
:butsuyokusensor_hasseichu@.:,5
:okaka@.:,5
ğŸº,5
:yossha_nya@.:,5
ğŸˆ,5
:nemusu_guilty@.:,5
:p_kiss2@.:,5
:pie_suki@.:,5
ğŸ§»,5
:saki@.:,5
:shu_puppu@.:,5
:kankinohaamehiko@.:,5
:p_pumpkin@.:,5
:shinashina@.:,5
:kamisama_hotokesama_harunasama@.:,5
:utage@.:,5
ğŸš‹,5
:starting_line@.:,5
:trumpet_nya@.:,5
:shota_suki@.:,5
ğŸŸ ,5
:teijitaisya@.:,5
ğŸ†”,5
:kitamurasan@.:,5
:ganbaru_autumn@.:,5
:bu@.:,5
:shoronpo@.:,5
âœ,5
:onehole_wonderland@.:,5
:chan_mental@.:,5
ğŸª¼,5
:kanzennirikaishita@.:,5
:zenra_taiki@.:,5
:shinryoku_no_gymnasium@.:,5
:315sparklingtimewithall@.:,5
ğŸ›¸,5
:seya_nya2@.:,5
:koga_puppu@.:,5
:yuugen_jikkou@.:,5
:olive_oil@.:,5
:kimi_wo_terasuhoshi@.:,5
:kiite@.:,5
:michael@.:,5
ğŸ˜Š,5
:seitokaicho3@.:,5
:aimasu_ramen@.:,5
:minus_flashy@.:,5
:eternal_fantasia2@.:,5
ğŸ’‹,5
ğŸ¦·,5
ğŸ’,5
:soccer_nya@.:,5
ğŸ™,5
ğŸ«€,5
:kurasu_first@.:,5
:taisetsunishimasu@.:,5
:beit_suki@.:,5
:kagurareisan@.:,5
:mondai@.:,5
:yokattara_tsukattene_2@.:,5
ğŸ‘¼,5
:tai_yaki@.:,5
:shochumimai_moushiagemasu@.:,5
â™ ,5
:sekiyuou@.:,5
:tsuki_ga_kireidesune@.:,5
:fuunda@.:,5
:kuro_bow_nya@.:,5
:mozuku@.:,5
:hot_inspiration_sekainoteppenyeah@.:,5
:shingi2@.:,5
:eraikoccha@.:,5
:brainpower2@.:,5
ğŸ¤®,5
:ohayo@nijimiss.moe:,5
ğŸ’ƒ,4
:triunpentium_no_315@.:,4
:tantou_mentarl@.:,4
:315pronight2@.:,4
ğŸ£,4
:jounetsu_no_pause@.:,4
ğŸ±,4
:einsteinium_no_99@.:,4
ğŸ’™,4
:gurenbakuringo@.:,4
:beaker@.:,4
:copper_no_29@.:,4
:original_pieces_01@.:,4
:attacca_scenery@.:,4
:shininnimutiutsu@.:,4
:eternal_fantasia@.:,4
:zinc_no_30@.:,4
ğŸŒ™,4
:tomorrow_gazer@.:,4
â˜,4
:ultra_igyo@misskey.io:,4
â¬‡,4
ğŸ¦¢,4
â˜˜,4
ğŸ‡®ğŸ‡¹,4
:kareshi@.:,4
ğŸ”,4
â›·,4
ğŸ¦,4
:original_pieces_06@.:,4
:oshi_intelli@.:,4
ğŸ¥Š,4
:siropupuu@.:,4
ğŸ¸,4
:goyouisaremasendeshita@.:,4
:aloha_happy_creator2@.:,4
ğŸ”³,4
ğŸ’¦,4
:panemi_owatta@.:,4
:moffu_igyo_box@.:,4
:furononda@.:,4
ğŸ‡¯ğŸ‡µ,4
âš”,4
:keronchan@.:,4
:korehahimitsudakedo@.:,4
:okumanchoja@.:,4
:seichijunrei@.:,4
ğŸ““,4
:live_in_your_smile@.:,4
:growandglow@.:,4
:hyperbeliever@.:,4
:roudou@.:,4
:originalstars@.:,4
:welcometopleasure315garden@.:,4
â¤ï¸â€ğŸ”¥,4
:kei_n@.:,4
:sato@.:,4
:harunasuki@.:,4
:tohaiimasuga@.:,4
:goseichouarigatougozaimashita@.:,4
:makimonochan@.:,4
:onetodream@.:,4
:galtu@misskey.io:,4
:greeting_charm@.:,4
:beside_emotion@.:,4
:mayumi_suki2@.:,4
:red_hot_igyo@.:,4
ğŸ¨,4
:kintoro@.:,4
:mechakucha@.:,4
:harukaze_baton@.:,4
:singing_explorers@.:,4
:producer_physical@.:,4
:chou@.:,4
:amefoot_nya@.:,4
:kagerou@.:,4
ğŸ•Š,4
*âƒ£,4
ğŸ¥·,4
:ohayosanoo__i@misskey.io:,4
:doremifa_melody@.:,4
ğŸ…¾,4
:gomentaru2@.:,4
ğŸ¥œ,4
:sinnno_zouni_kizamareta@.:,4
:nao_suki@.:,4
:katajikenai@.:,4
:syani@.:,4
:hissekinokanata@.:,4
:isshoni_benkyo_shiyoussu@.:,4
:murabito_nya@.:,4
ğŸ–¤,4
:kassai_kachohugetsu@.:,4
ğŸ¤ª,4
:wo@.:,4
:hatapuppu_@.:,4
ğŸ¥‰,4
ğŸ“º,4
:kawaii2@chamacha.misskey.one:,4
:touten@.:,4
ğŸ‡±ğŸ‡¹,4
ğŸˆ‚,4
:fermium_no_100@.:,4
:onimouchi@.:,4
:kawazokonojari1@.:,4
:ware@.:,4
:ablobcatfloofpat@chamacha.misskey.one:,4
ğŸ‘„,4
:fukugyo_taoshitanoka_oreigainoyatsuto@.:,4
:usui@.:,4
:thinking_nya@.:,4
:tourmas@.:,4
ğŸ…,4
:totonoetehoshii@.:,4
:hanamaru_life@.:,4
ğŸ€,4
:isekaimomotaro_no_kanmidensetsu@.:,4
:my_starry_song@.:,4
ğŸ¦œ,4
ğŸŒŒ,4
:jimushonoyukaga_nukemasune@.:,4
ğŸ“›,4
:chromium_no_24@.:,4
:ibarakino_kishin@.:,4
ğŸ˜‰,4
:kun_physical@.:,4
:event_ha_kore@.:,4
:sekinin_totte_agemashoune@.:,4
:yareyare_nya@.:,4
:yukihiro_suki@.:,4
:muryotaisu_flashy@.:,4
:qawsedrftgyhujikolp@.:,4
:tantou_intelli@.:,4
:prideful_blue@.:,4
:range@.:,4
:yamashitakun@.:,4
:kamiya_suki@.:,4
:honzitu_no_igyo@misskey.io:,4
:hatsukakiko_domo@.:,4
:jinsei2@.:,4
:gyunyu_so_long_nya@.:,4
ğŸ¤–,4
:reason2@.:,4
ğŸ†•,4
:naniga@.:,4
:glory_monochrome@.:,4
:road_to_the_future@.:,4
:maamaahukou@.:,4
ğŸªš,4
:popcorn@.:,4
:moyashi@.:,4
:zabuton_ichimai@.:,4
ğŸ”„,4
:colorful_symmetry@.:,4
:benkyou@.:,4
:315pro2@.:,4
:gabugabu@.:,4
:onajimi@.:,4
:moriagetai@.:,4
:sidemisskey2@.:,4
â†—,4
ğŸ˜,4
:mita_nya@.:,4
:jouchan@.:,4
:zuttotaisetsunishiteikitai@.:,4
:kusa_kanji@nijimiss.moe:,4
:mesareta_nya@.:,4
:315birthdaynight2@.:,4
ğŸ,4
:bucho@.:,4
:cd@.:,4
:bohrium_no_107@.:,3
:lithium_no_3@.:,3
ğŸ¥Ÿ,3
:minorun@.:,3
0âƒ£,3
ğŸ‘¿,3
ğŸ’—,3
ğŸ¨,3
:indium_no_49@.:,3
:genuine_feelings@.:,3
:naphthalene@.:,3
:umaretsukida@.:,3
ğŸ¦’,3
ğŸ›µ,3
:cristaloud@.:,3
ğŸ¤¡,3
ğŸ¥¿,3
ğŸšƒ,3
:mofumofuenn_mono@.:,3
:freeter@.:,3
:oukennosoucho_nekomiminogenbu@.:,3
:haikin@.:,3
:shitteruka@.:,3
ğŸ”™,3
ğŸ,3
:original_pieces_05@.:,3
ğŸ‘®,3
ğŸ§›â€â™‚ï¸,3
â¬…,3
ğŸ‘¶,3
ğŸ–,3
âœ¨,3
:drama_on_stage@.:,3
ğŸ,3
:pirates_treasure_fumetsuno_kaizokusen@.:,3
ğŸ›,3
ğŸŒ,3
:piece_montee@.:,3
:tohaittenee2@.:,3
ğŸŒº,3
ğŸ« ,3
:iinexe@misskey.io:,3
:sashiire_yanne_zo@.:,3
:take_a_stump_2@.:,3
ğŸª©,3
ğŸ¦,3
:sunawachi@.:,3
:argon_no_18@.:,3
:rhodium_no_45@.:,3
:oyasumi@misskey.io:,3
ğŸ‡ºğŸ‡¸,3
:oobannyaki@misskey.io:,3
ğŸ…,3
:bl@.:,3
:dareda_imano@misskey.io:,3
:dainozi@.:,3
ğŸ‘†,3
:okaeri@misskey.io:,3
:insubunkai@.:,3
:tadaima@.:,3
:magari_pinch@.:,3
ğŸ¦ ,3
:pnoruisenha_gabagaba@.:,3
ğŸš†,3
ğŸ¿,3
:smiling_platter@.:,3
:scorebook_memories@.:,3
ğŸ’¸,3
:yakusokuda@.:,3
:ankokukoushakuvepar@.:,3
:hp_100@.:,3
:koegaii@.:,3
:ablobcheer@chamacha.misskey.one:,3
ğŸ–,3
âœ‰,3
ğŸ¤¯,3
:woaini@.:,3
:todoke@.:,3
:ruthenium_no_44@.:,3
:miseinen_physical@.:,3
:natsukisuki@.:,3
:neruwayo@.:,3
âœˆ,3
ğŸ¸,3
ğŸŸ©,3
:naanii2@.:,3
:aishi_teru@.:,3
:kuyashonin_nya@.:,3
:tsunda_nya@.:,3
:bujijanai@.:,3
ğŸŒ½,3
:mousou@.:,3
:semyoubi@.:,3
ğŸ”Ÿ,3
ğŸš„,3
ğŸ‘‰,3
â˜”,3
:harukaze_igyo@.:,3
ğŸª‘,3
:dareka@.:,3
:p_natsufuku@.:,3
:ablobcatnodveryfast@nijimiss.moe:,3
:great_sympathy@.:,3
:genkoushite@.:,3
:family@.:,3
:withstory2@.:,3
:block@.:,3
ğŸŒŠ,3
:naopupuu@.:,3
:oherb@nijimiss.moe:,3
â€¼,3
ğŸ˜‡,3
ğŸ§¸,3
:kakugokimetemasu@.:,3
:san_mental@.:,3
:kazuki_suki@.:,3
:place_your_bets@.:,3
:reaction_shooting2@.:,3
:heisei@.:,3
ğŸ§šâ€â™‚ï¸,3
:signofhope2@.:,3
:oretachinosaikyodensetsu_isseiichidaiparadise@.:,3
:goodgame@.:,3
ğŸª™,3
:my_dramatic_heroine@.:,3
ğŸ‡©ğŸ‡ª,3
:kenran_seishun_no_hjkagekidan@.:,3
:miseinen_intelli@.:,3
:evergreen_ikkimasu@.:,3
:gaookuttimauzo@.:,3
:nyankii@.:,3
:growing_smiles@.:,3
:saikyo_kaikitan_senritsuno_melody@.:,3
ğŸ¦š,3
:shinonome_suki@.:,3
:seiron_chris_2@.:,3
:spirits_way@.:,3
ğŸ¦–,3
:believers_match@.:,3
:takeru_suki@.:,3
ğŸ,3
:producer_other@.:,3
ğŸ’³,3
:soujiki@.:,3
ğŸ™‚,3
ğŸ«,3
ğŸ’,3
:cream_soda@.:,3
ğŸ¦‡,3
:sushikichi_suki@.:,3
:kyomoichinichi_hatarakuka@.:,3
ğŸ‘½,3
:chinuraresikonjikinomayu@.:,3
:24sai@.:,3
:wo_yoroshikuonegai_itashimasu@.:,3
:fukugyo_bomber@.:,3
:pleasure_forever@.:,3
:saimisu_shitanoka_oreigainoyatsuto@.:,3
:molybdenum_no_42@.:,3
ğŸ’¿,3
:logbo_moratta@.:,3
:otto_tegasubetta@.:,3
:amamine_suki@.:,3
:takenu@.:,3
:happy_happy_meeting_2@.:,3
:yoroshikuteyo@.:,3
:ko2@.:,3
:nee_2@.:,3
:kanenara_harau@.:,3
:315pro3@.:,3
ğŸ‘Œ,3
:kanzennideokureta@.:,3
:girlkun@.:,3
ğŸ”¨,3
:daichi_no_megumi@.:,3
:kenkenkun@.:,3
:misskey2@.:,3
:blobcataww@misskey.io:,3
:ichi@.:,3
:story_ha_kore@.:,3
:over_again@.:,3
:hyoujouno_aquarium_koseiyutakana_penguintachi@.:,3
ğŸ”º,3
:nyako_puppu@.:,3
:gehenna@.:,3
âœ‚,3
:undou@.:,3
ğŸ©,3
:yoiyaminoillusion@.:,3
ğŸ’Œ,3
:senyaichiyanimatatakuhoshiyo@.:,3
:hyper_wabisabi_max@.:,3
:watashi@.:,3
:watakushi@.:,3
:natsuzora_record@.:,3
ğŸ¦Š,3
:muko@.:,3
ğŸ˜,3
:korega@.:,3
:oshigoto@.:,3
:yobimashitaka@.:,3
:kaicho@.:,3
:konbini@.:,3
:cancer@.:,3
:bokutokeiyakushite@.:,3
:kansei@.:,3
:one_stone@.:,3
ğŸ¶,3
:gekiseisentai_drastars@.:,3
:mayunu@.:,3
:konganji@.:,3
:enjoji@.:,3
ğŸ¢,3
:guardians_of_sanctuary@.:,3
:konoudenara_misegahirakeruzo@.:,3
:rokudaime@.:,3
ğŸ¥’,3
:fukugyoenchotimetotsunyu@.:,2
:seaborgium_no_106@.:,2
:sugoi@nijimiss.moe:,2
ğŸƒ,2
ğŸ¥¼,2
:osmium_no_76@.:,2
:hand_spiner_kogado1@.:,2
:before_long_delight@.:,2
:heartfull_patroler@.:,2
ğŸ¦,2
:oshi_physical@.:,2
ğŸ§‘â€ğŸ¨,2
:keihou@.:,2
:hometessimo@.:,2
:undiscoverd_world@.:,2
:antimony_no_51@.:,2
ğŸ‚,2
:iodine_no_53@.:,2
:seijin_intelli@.:,2
:imakitasangyo@.:,2
ğŸ”¼,2
:nichan@.:,2
ğŸ§šâ€â™€ï¸,2
:daisakusen@.:,2
:ablobcall@misskey.io:,2
:original_pieces_04@.:,2
:sezichan@.:,2
:appeal@.:,2
:315birthdaynight@.:,2
ğŸ¥–,2
:livingeyeshero@.:,2
ğŸ‡«ğŸ‡·,2
:oishi@nijimiss.moe:,2
:kanzen_ni_deokureta@.:,2
ğŸ“³,2
:musia_musica3@.:,2
:yattare@misskey.io:,2
:shadownine@.:,2
:chugakujidaino@.:,2
ğŸ³,2
:seisyunn_satisfaction@.:,2
:heat_beat_identithy@.:,2
:palladium_no_46@.:,2
â›©,2
â„¹,2
ğŸ…°,2
:gojiai@nijimiss.moe:,2
:ichioshi@.:,2
:petthex@misskey.io:,2
:yattane2@misskey.io:,2
:nihonium_no_113@.:,2
:inner_dignity@.:,2
ğŸ¤¾â€â™€ï¸,2
:kakkoii@misskey.io:,2
:hokutochan@.:,2
:blobcatheartbongo@misskey.io:,2
:ohayo@misskey.io:,2
:kakkokawaii@misskey.io:,2
:hand_spiner2@.:,2
:oshi_other@.:,2
:ichioshi_other@.:,2
:daka@.:,2
:eureka_diary@.:,2
ğŸ¦‰,2
:presentfor315ambitious@.:,2
â¡,2
:ablobcathungry@nijimiss.moe:,2
:side@.:,2
:yametageteyoo__i@misskey.io:,2
:gultu@misskey.io:,2
â£,2
:kawaiine@misskey.io:,2
:syuku@.:,2
ğŸ†,2
ğŸŒ‰,2
:ren_ha_mouneteruyo@.:,2
:kuutsukaremashita@.:,2
:kazama_shinobu@.:,2
ğŸ¥š,2
:you_re@.:,2
:underedge@.:,2
ğŸ˜ƒ,2
:beginning_tomorrow@.:,2
âœ³,2
:kanashimanaidekudasai_anatanihabokugaimasu@.:,2
:chan@.:,2
ğŸš‘,2
ğŸ—,2
ğŸ¶,2
:earth@.:,2
ğŸ”­,2
:blobaww@misskey.yukineko.me:,2
ğŸ’•,2
:bakugui_no_suzaku@.:,2
:ganbae@nijimiss.moe:,2
ğŸª,2
:19sai_gumi2@.:,2
:toward_pole_star2@.:,2
:kurohagane_deru@.:,2
ğŸ¾,2
ğŸ§ƒ,2
ğŸ˜ˆ,2
:mattakuanatatoiuhitoha@.:,2
:c_first_suki@.:,2
:gobakumanbe@.:,2
ğŸ˜‚,2
:normal@.:,2
:ne@misskey.io:,2
:moba_event_live@.:,2
:furonomu@.:,2
:iizo@misskey.io:,2
ğŸ¦—,2
:zeno@.:,2
:kichatta@.:,2
:hihou2@.:,2
:kirio_suki@.:,2
:ouja@live-theater.net:,2
ğŸš³,2
:koerarerumonnara_koeteminayo@.:,2
:ciao_cutter@.:,2
â†™,2
:315news_eng@.:,2
:yen_flashy@.:,2
ğŸ–,2
ğŸŒ²,2
ğŸ”»,2
ğŸ¤•,2
ğŸ§â€â™‚ï¸,2
:danna@.:,2
:test_mada_nai_nya@.:,2
â²,2
:suzakukun@.:,2
ğŸ¦©,2
ğŸ,2
:suzaku_suki@.:,2
ğŸ®,2
:mog@chamacha.misskey.one:,2
:silicon_no_14@.:,2
:tani@.:,2
:22sai@.:,2
:shinchokudoudesuka2@.:,2
:bacchiri@.:,2
:trick_or_treat_nya3@.:,2
:hajimemashite2@.:,2
:toumin@.:,2
:p_apron@.:,2
âš¡,2
:netsujo_burning_voltage@.:,2
ğŸ™Œ,2
ğŸ¥,2
:gobaku@.:,2
ğŸ«–,2
ğŸ¦«,2
:uchiwa_tsubasakun@.:,2
:producer_mental@.:,2
:yuukyuuwotsukattekita@.:,2
:ohiruyasumisskey__i@misskey.io:,2
:konokashitantounokotoda@.:,2
:kyoumeiwaon_harmony_chord@.:,2
:junhawakaru@.:,2
:hopes_journey@.:,2
:haochi@.:,2
:iwashi@.:,2
:shirishiyoku@.:,2
:bracket_flashy@.:,2
ğŸ¶,2
:oxigen_no_8@.:,2
:shirou_suki@.:,2
:chi@.:,2
:dramatic@.:,2
:manekineko_shitanoka_oreigainoyatsuto@.:,2
:badminton_nya@.:,2
:purebo@.:,2
:holiday@.:,2
:25sai@.:,2
:mahouno_steer_2@.:,2
:p_pajamas@.:,2
:shichougakitazo@.:,2
ğŸšª,2
ğŸ‘,2
ğŸª“,2
ğŸŒ,2
:yawaraka2@.:,2
ğŸª˜,2
:aha@.:,2
:beit_mono@.:,2
:bakunemunosuzaku@.:,2
:hirameita@.:,2
ğŸª,2
:kake2@.:,2
â›„,2
ğŸ,2
:kimurasnsminaide@.:,2
:dari_nya@.:,2
:jouhoukata@.:,2
:p_live_sansen@.:,2
:shotachan@.:,2
:intelli_light@.:,2
:27sai@.:,2
:waving_flags@.:,2
ğŸ«‘,2
:aloha_happy_creater@.:,2
ğŸ´,2
:shikkokunonamida@.:,2
:momo_puppu@.:,2
:radon_no_86@.:,2
:nemuta_rui@.:,2
ğŸ§€,2
:p_mizugi_sailor_2@.:,2
ğŸšŒ,2
:nassimo@.:,2
:zimbabwe_dollar@.:,2
:netemiruhouno_yume@.:,2
:first_growth@.:,2
:chan_intelli@.:,2
:catch_me_if_you_can@.:,2
ğŸ¼,2
:physical_flame@.:,2
ğŸ’…,2
:muse_flighttype_deruyo@.:,2
:rakshasa_alter_shutsugekidaze@.:,2
:kopoo@.:,2
:renban_shitanoka_oreigainoyatsuto@.:,2
ğŸ•,2
:mochifure@.:,2
:stories@.:,2
:veteran@.:,2
:times_flashy@.:,2
:kurouto@.:,2
ğŸ“,2
ğŸ±,2
ğŸ“•,2
:takenyu@.:,2
:daigakusei@.:,2
:no_prpr2@.:,2
:kuremensu@.:,2
ğŸ‘,2
:naniwo@.:,2
:kokodeikku@.:,2
:oku_n@.:,2
ğŸˆ,2
ğŸš´,2
ğŸ«³,2
:prodiisaa@.:,2
:na2@.:,2
:musicontheradio@.:,2
:makeyouproud@.:,2
:bochibochi_ikoune@.:,2
ğŸ˜­,2
:jitakukeibiin@.:,2
ğŸª½,2
ğŸ”,2
ğŸ¦­,2
:tensage@.:,2
:cafe_parade_mono2@.:,2
ğŸŒ€,2
:oremo@nijimiss.moe:,2
ğŸ,2
ğŸ•°,2
:ticket@.:,2
:kongotomo_idolmaster_sidem_wo_yoroshikuonegaiitashimasu2@.:,2
:blobtoofast@nijimiss.moe:,2
:wawaa@misskey.backspace.fm:,2
:makeinu@.:,2
:moukaru@.:,2
:meowawauu@misskey.io:,2
ğŸ§Ÿâ€â™‚ï¸,2
ğŸ€„,2
:petthex_hakutsuru@.:,2
:colorful_cheerful_treasure@.:,2
ğŸŒª,2
:ohayo@chamacha.misskey.one:,2
:ya@.:,2
ğŸŒ¬,2
:skyscape_note@.:,2
ğŸ¥ƒ,2
:little_my_shoes@.:,2
ğŸ‰,2
:mou2@.:,2
ğŸœ,2
:omachi@.:,2
:ougonnoyoroiwomatoishihfushichonotamashii@.:,2
:otokonoko@.:,2
:tenchishishindenhaiizo@.:,2
ğŸ‘œ,2
:shuyano_astrology@.:,2
:taiga@.:,2
:cool_sensation_zettaineed@.:,2
:watchword@.:,2
:uchi@.:,2
:pancake_nishiteagemashoune@.:,2
:arieru@.:,2
:omowazunikkori@nijimiss.moe:,2
:nicha@nijimiss.moe:,2
ğŸ’®,2
:ablobcatpnd_heart_happy@chamacha.misskey.one:,2
:watashi2@.:,2
:yoo_2@.:,2
:ara_nobashi@nijimiss.moe:,2
:passionmatsuri@.:,2
:blobcatscared@nijimiss.moe:,2
:osu_kakerune@.:,2
:jimushoitta@.:,2
ğŸ§¼,2
:tantoutoiumonogaarinagara@.:,2
:ablobcatcry@nijimiss.moe:,2
ğŸ•·,2
:ojiisama@.:,2
ğŸ‘´,2
ğŸ¤™,2
ğŸ“,2
:shukudai@.:,2
ğŸ§,2
:handmade_igyouheart@.:,2
:high_joker_mono@.:,2
:mofusuki@.:,2
ğŸŸ,2
:uchiwa_yellow@.:,2
:rui@.:,2
:wonderful_tactics@.:,2
ğŸ˜…,2
:nsfw@.:,2
:capricornus@.:,2
:178cm@.:,2
:vs_belivers@.:,2
:tensai@nijimiss.moe:,1
:uma@nijimiss.moe:,1
:seijin_physical@.:,1
ğŸ˜²,1
:voicetsukero2@.:,1
ğŸŒƒ,1
ğŸƒ,1
:konokashiojousamanokotoda@nijimiss.moe:,1
:nanbo_attemo_ii@nijimiss.moe:,1
ğŸ‘¹,1
:daijoubu@nijimiss.moe:,1
9âƒ£,1
ğŸ›¶,1
ğŸ˜¶,1
ğŸ«¡,1
:yatteosimai@nijimiss.moe:,1
:butoukai_kaishi@nijimiss.moe:,1
:oimo@nijimiss.moe:,1
ğŸ•µ,1
:sinju_no_kubikazari_no_shojo_nya2@.:,1
ğŸ¿,1
ğŸ­,1
â—,1
:seijin_mental@.:,1
ğŸ“,1
:internet_roujinkai@nijimiss.moe:,1
ğŸ¸,1
:ke_serasera@.:,1
â›²,1
:kibachan@.:,1
ğŸ”´,1
:jounetsu_heart_de_ko@.:,1
:ofurotabeta@nijimiss.moe:,1
:wakatta@misskey.io:,1
:precious_tone@.:,1
:souda_souda@nijimiss.moe:,1
:nee@nijimiss.moe:,1
:tasogaredoki_bluesy@.:,1
:fluorine_no_9@.:,1
:sweet_diamant@.:,1
ğŸ˜–,1
:undiscoverd_world2@.:,1
:a@nijimiss.moe:,1
:letterpack_de@misskey.io:,1
:honsore@misskey.io:,1
:hatsukakiko@nijimiss.moe:,1
:cosplay@.:,1
â›°,1
:hokaima@.:,1
:kaibunsho_beam@nijimiss.moe:,1
ğŸ°,1
ğŸƒâ€â™€ï¸,1
ğŸª„,1
:hand_spiner_kogado4@.:,1
:ahhh@nijimiss.moe:,1
:anywhere@.:,1
â˜€,1
ğŸŒ,1
:meow_needhug@nijimiss.moe:,1
:sulfur_no_16@.:,1
:bonnougakieta@.:,1
ğŸ’¡,1
ğŸ§–â€â™‚ï¸,1
:ichioshi_mental@.:,1
â™Ÿ,1
:neodymium_no_60@.:,1
:nattoruyarogai@nijimiss.moe:,1
:turete_ikinasai@nijimiss.moe:,1
:igyo_of_igyo@misskey.io:,1
:kuro_ng@.:,1
:sense_no_katamari@misskey.io:,1
:three_black_circles_with_white_outlines_are_too_simple_and_therefore_ineligible_for_copyright_protection__publicdomain@misskey.io:,1
:imagawayaki@nijimiss.moe:,1
:kyaxtukyaxtu@nijimiss.moe:,1
:festival_j@nijimiss.moe:,1
:phosphorus_no_15@.:,1
ğŸ”›,1
ğŸ”,1
:magic_moment@.:,1
ğŸ”½,1
:syatei@.:,1
:shibawhat@misskey.io:,1
:nitrogen_no_7@.:,1
:oisisou@nijimiss.moe:,1
:yorosiku_onegai@misskey.io:,1
:oremoonajikimochi@misskey.io:,1
:arigatougozaimasu@misskey.io:,1
ğŸ¥´,1
:phenanthrene@.:,1
:ameownod@misskey.io:,1
:tessimo@.:,1
:suteki@nijimiss.moe:,1
:igyo_gaming@nijimiss.moe:,1
:good_night@nijimiss.moe:,1
:syogou@.:,1
:petthex_blobcatmeltcry@misskey.io:,1
:souiuhimoaru@misskey.io:,1
:cadmium_no_48@.:,1
:mogamigawa@nijimiss.moe:,1
:iine@misskey.io:,1
:zirconium_no_40@.:,1
:helium_no_2@.:,1
:actinium_no_89@.:,1
:bromine_no_35@.:,1
:novelium_no_102@.:,1
:wakarimiga_fukasugiru@misskey.io:,1
:ojiichan@nijimiss.moe:,1
:sugoi2@misskey.io:,1
:lul@misskey.io:,1
:sakextu@nijimiss.moe:,1
:sodane@nijimiss.moe:,1
ğŸ¥,1
:igyosugiru@misskey.io:,1
:super_igyo@nijimiss.moe:,1
:gyu_@misskey.io:,1
:daiigyo@nijimiss.moe:,1
:syokuzi_ha_igyo@misskey.io:,1
:kawaiifes@misskey.io:,1
:ekkyou@.:,1
:aruaru@nijimiss.moe:,1
:nyanpuppu@nijimiss.moe:,1
:in_the@.:,1
:p_taeru@.:,1
:tiken@misskey.io:,1
:sugeewakaru@nijimiss.moe:,1
:moshakoofuton_petpet@nijimiss.moe:,1
:juden_shite@nijimiss.moe:,1
:blobcatdrool@nijimiss.moe:,1
ğŸŸ¥,1
ğŸ“·,1
:yotimu_hai@misskey.io:,1
:oya_supinar_battle@.:,1
â†•,1
ğŸ¦‚,1
ğŸª¶,1
:kuro_ok@.:,1
:iikana@.:,1
:ota@nijimiss.moe:,1
:kawaiii@misskey.io:,1
:starting@.:,1
:mofupupuu@.:,1
ğŸª£,1
ğŸˆµ,1
:supertada@misskey.io:,1
:petthex_japanesecake@misskey.io:,1
ğŸ¤,1
ğŸ»,1
:nandemo_tabenasai@nijimiss.moe:,1
ğŸ¦¤,1
:go_next@.:,1
:tennessine_no_117@.:,1
:chu@misskey.io:,1
:omedeto@nijimiss.moe:,1
ğŸ¥³,1
:otukaresama@misskey.io:,1
:episode_of_jupiter@.:,1
:kikan@.:,1
:blobcatnoplease@misskey.io:,1
:onikutabenasai@misskey.io:,1
:nyotaika@.:,1
ğŸ‡¨ğŸ‡¦,1
ğŸ˜‹,1
:blobcatsweatflips@nijimiss.moe:,1
:nickel_no_28@.:,1
ğŸ¥©,1
:lemon_kaketeagemasyoune@misskey.io:,1
:hot_en@nijimiss.moe:,1
:mendako_yellowhappy@nijimiss.moe:,1
:reaction_shooting@nijimiss.moe:,1
:party_rainbow@nijimiss.moe:,1
ğŸ˜˜,1
:ganbatta@misskey.io:,1
:dragon_western@.:,1
:suteki2@misskey.io:,1
:liview@.:,1
ğŸ„,1
:kokoro_ga_hutatu_aruu@misskey.io:,1
:kaitare@misskey.io:,1
:dokixtu@misskey.io:,1
ğŸ•,1
ğŸŒï¸â€â™€ï¸,1
ğŸš¿,1
:kyuseisyu@.:,1
ğŸ¥¤,1
:daijoubu@misskey.io:,1
:soudasouda@misskey.io:,1
:poodle@.:,1
ğŸƒ,1
:sore_of_sore@misskey.io:,1
:kangei@misskey.io:,1
:poco_a_poco@fedibird.com:,1
:yoshigoiparty_2@nijimiss.moe:,1
:saikou@misskey.io:,1
ğŸ¤¬,1
ğŸ˜½,1
:kanasiihanasi@misskey.io:,1
:yarutokya_yarunoyo@.:,1
:yusyo@nijimiss.moe:,1
âœ–,1
:smeeeeeeeeeshi_animarukanshasai@misskey.gamelore.fun:,1
:ruii@.:,1
:mayonakadarouga@.:,1
:tohaiimasukeredomo@.:,1
:gekimabu@.:,1
:suzaku@.:,1
:warlock_of_darkness@.:,1
:im_already_booked@.:,1
:daremoshiranai_minaretakao@.:,1
:ohuton_kaketeageyoune_@chamacha.misskey.one:,1
:noshi2@.:,1
:t_oishii@misskey.io:,1
:congratulation@.:,1
:5000t_wakaru@misskey.io:,1
ğŸš,1
:sacabambaspis@misskey.io:,1
:kei_flashy@.:,1
:yoroshik@live-theater.net:,1
:iya_iyaiyaiya_demot_saikoudeshitayo@live-theater.net:,1
:send_money@misskey.io:,1
:dohentai@live-theater.net:,1
:haikin@live-theater.net:,1
ğŸ†š,1
:kumapu_kusa_teokure@chamacha.misskey.one:,1
:ganbare@misskey.io:,1
:tachimukattekita@.:,1
:superultra315tencho@.:,1
:sousakuiyokugawaitekitazo@.:,1
:sai_puppu@.:,1
:miryounoshashu@.:,1
:nemuke_ga_mina_guilty@.:,1
:gokigenyou@nijimiss.moe:,1
:p_yukata@.:,1
:p_yukata_intelli@.:,1
âœ…,1
:heart_wo_komete@.:,1
:nidone@.:,1
ğŸ‘©â€ğŸ¤,1
:nice_megane@misskey.io:,1
ğŸ”¦,1
:ablobcatfloofpat@mi.mashiro.site:,1
:a@chamacha.misskey.one:,1
:junbibantan@.:,1
:zenbu@misskey.io:,1
:hp_50@.:,1
:ai_yaysuperfast@misskey.io:,1
ğŸ’†,1
:producersan_heart@chamacha.misskey.one:,1
:nemu_winter@.:,1
:meow_aww@nijimiss.moe:,1
:oya__q@misskey.io:,1
:ikite@nijimiss.moe:,1
:uooooo@nijimiss.moe:,1
ğŸ—,1
ğŸ¢,1
:super_tada@chamacha.misskey.one:,1
:ablobcatununfast@obak-key.com:,1
:oremo_hope_it@obak-key.com:,1
:kanzennisore@obak-key.com:,1
:ablobcatpnd_dancing2@chamacha.misskey.one:,1
:soldout@.:,1
:usokamo@misskey.yukineko.me:,1
ğŸš‰,1
ğŸ””,1
:steak@.:,1
:neyoune@misskey.io:,1
:murakamisan_hai@misskey.io:,1
:kusa@nijimiss.moe:,1
:fufuxtu@nijimiss.moe:,1
:michi_puppu@.:,1
:hajikerumiryoku_lemonlive@.:,1
:anatani_shourinomegamiga_hohoemimasuyouni@.:,1
:titanium_no_22@.:,1
:shitei@.:,1
:agooglethumbsup@fedimagazine.info:,1
:ablobcatheadbangfastultra@misskey.io:,1
âš«,1
:beethoven_nya@.:,1
:suugaku2@.:,1
:nigawarai_nya@.:,1
:wagahai@.:,1
ğŸ“š,1
:taishitamonda@live-theater.net:,1
:furasuta@.:,1
:yokatta@misskey.yukineko.me:,1
ğŸ§¡,1
:nyansu@chamacha.misskey.one:,1
:nfufu@nijimiss.moe:,1
:yuune@.:,1
:blobcatpnd_fluffyscarf@fedimagazine.info:,1
:gen_puppu@.:,1
:winter_nya@.:,1
ğŸ”,1
:passionateprelude@.:,1
:nanimonakatta_iine@.:,1
ğŸ“,1
:igyo@sushi.ski:,1
:chan_physical@.:,1
:naanii__iq@misskey.io:,1
:are_ha_uso_da@misskey.io:,1
:seigi@.:,1
:genki_morimori_moriougai@misskey.io:,1
:p_haibukashinda@.:,1
ğŸ‘¸,1
:soukashira@misskey.io:,1
:chian_saikou@misskey.io:,1
:gainen@.:,1
:blobcatdroolreach@misskey.io:,1
:umasou@misskey.io:,1
ğŸ¤š,1
:blobcat_noddies@prismisskey.space:,1
:daijoubu_hatena@prismisskey.space:,1
ğŸ›,1
:kanzenkyoumei@obak-key.com:,1
:anicafe@.:,1
:not_alone2@.:,1
:angry_shibe@misskey.io:,1
â¬œ,1
:netabaretyuui@.:,1
:tokuwotsumu2@.:,1
ğŸ§™â€â™‚ï¸,1
ğŸ‡¬ğŸ‡§,1
:erait@misskey.io:,1
:genkou@.:,1
ğŸ¥§,1
:blobcat_pacifier@chamacha.misskey.one:,1
ğŸŒ,1
:meow_flower@nijimiss.moe:,1
:shoma_puppu@.:,1
:radiance_of_heart@.:,1
:html@.:,1
:nadenade_nya@chamacha.misskey.one:,1
:blob_super_nod@misskey.io:,1
:hokuto_suki@.:,1
:zaitaku@.:,1
:ichiriaru@fedibird.com:,1
:wahu_dodo_wanderful_nippon@.:,1
:dollar@.:,1
:tetsudaimasuka@.:,1
:shikamatsu_oko_nya@misskey.yukineko.me:,1
:ai@misskey.yukineko.me:,1
:31sai_gumi@.:,1
:seiyakourinsai@.:,1
:taoshita@.:,1
:ii_iro@misskey.io:,1
:dere@.:,1
:nanatsunokamenwoyadassufushicho@.:,1
:yattane@misskey.io:,1
ğŸ‘Ÿ,1
ğŸ’„,1
ğŸ‡²ğŸ‡¬,1
ğŸª­,1
:sonzaikan@.:,1
:kigasuru@.:,1
ğŸ§¦,1
:daisuki@nijimiss.moe:,1
:gambare3@oekakiskey.com:,1
ğŸ¤¼â€â™‚ï¸,1
:kinisuruna@misskey.io:,1
:sessya@.:,1
:hadenayanaginoki@.:,1
:jpg@.:,1
ğŸ•›,1
:mayonaka_no_tensyon_de_ookuri_itasimasu@misskey.io:,1
:gomuri_nasarazu@misskey.io:,1
:lead_no_82@.:,1
:iihasso@nijimiss.moe:,1
:number@.:,1
:bunhdlurkaww@misskey.yukineko.me:,1
:ii_ten@nijimiss.moe:,1
ğŸ’¾,1
:baby_namagaki@chamacha.misskey.one:,1
:shinraido_up@.:,1
ğŸ’°,1
:warera_aijo_eikyu_fumetsu@.:,1
:mofu_cute_days@.:,1
:shimaenagafloofpat@nijimiss.moe:,1
:amazing@.:,1
:tellurium_no_52@.:,1
:heat_beat_identity@.:,1
:ishou_ha_kore@.:,1
:otaku_crying@nijimiss.moe:,1
:uron@.:,1
ğŸ¤²,1
ğŸ—‘,1
:nullcatchan_goodmorning@misskey.io:,1
:s_t_a_r_ting@.:,1
:kakiko@.:,1
:kawaiine@nijimiss.moe:,1
:aruaru@misskey.io:,1
:shosetsuaru@misskey.io:,1
:tutihumazu@.:,1
ğŸ“§,1
ğŸ“£,1
ğŸº,1
:card_ha_kore@.:,1
:akusuta@.:,1
:meow_birthday@misskey.yukineko.me:,1
:saki_suki@.:,1
:p_vampire@.:,1
â„,1
:p_santa2@.:,1
:ng@.:,1
ğŸ˜Ÿ,1
:lets_igyo@.:,1
:igyoya_yukihiro@.:,1
:blobcat_eatmeat@misskey.yukineko.me:,1
:kawaii_matsuri@nijimiss.moe:,1
:rubber_duck_nya@.:,1
:toku2@.:,1
:cosmetics_tonight@.:,1
:4463_ittare@misskey.gamelore.fun:,1
:otokoikkan_rocknroll@.:,1
:koudonajouhousen@.:,1
:rutennarugoryousei@.:,1
ğŸ“¡,1
:oishiso@nijimiss.moe:,1
:makio_suki@.:,1
:kitukitu@misskey.io:,1
ğŸ™ˆ,1
:watakushidatte_sukidesuwa@nijimiss.moe:,1
ğŸª›,1
:gif@.:,1
:tonyu@.:,1
:blobcat_oyasumi@sushi.ski:,1
:thinkhappy@nijimiss.moe:,1
:_331yfv9d_@nijimiss.moe:,1
:oishisou@chamacha.misskey.one:,1
:ochitenee@.:,1
ğŸ³,1
ğŸ«•,1
:ifudoudouto@.:,1
ğŸ•’,1
:hoshii_hiragana@nijimiss.moe:,1
:surprised_ai@misskey.io:,1
ğŸ©·,1
:mayumi_internet_minaide@.:,1
:a_bikkuri@nijimiss.moe:,1
:zitakuariina_saizenretsu2@.:,1
:meow_ghostreach@misskey.yukineko.me:,1
:kusurinonda@.:,1
ğŸ›,1
:iinkai@.:,1
:hatomoji_ohayo@nijimiss.moe:,1
:kousainoportrait@.:,1
:kizaki@.:,1
:kongotomo@.:,1
:shinjin@.:,1
:fantastic_combination_live@.:,1
:miriki@.:,1
:original_pieces_02@.:,1
:tricolor_rendezvous@.:,1
ğŸ™‰,1
:bonnouji@.:,1
:fukugyo_shitanoka_oreigainoyatsuto@.:,1
:anicafe_shitanoka_oreigainoyatsuto@.:,1
:deepkai_mairimasu@.:,1
ğŸ’»,1
ğŸ’¬,1
ğŸ¤ ,1
â›±,1
:taiki@.:,1
ğŸ«,1
â›,1
:png@.:,1
:ablobaww@chamacha.misskey.one:,1
ğŸ‡¨ğŸ‡³,1
:kaishi@.:,1
:shiawasenishitemisemasu@.:,1
:taiyaki@misskey.io:,1
:shokan@.:,1
ğŸ¥„,1
:torikagonorondo@.:,1
:blobcat_nemui@misskey.yukineko.me:,1
:moetsukita@.:,1
:seiheki_egu_tarou@chamacha.misskey.one:,1
:yarimashitane@.:,1
:can_badge@.:,1
:saseteitadakimasu@.:,1
ğŸ“¨,1
:omoiyari@.:,1
ğŸ’¤,1
:ne_nobashihatena@nijimiss.moe:,1
:mu_kanji@nijimiss.moe:,1
:akatsuki_nacht@.:,1
:chou_n@.:,1
:chugi@.:,1
:teijibomber@.:,1
ğŸŒ…,1
:tanoshinde@nijimiss.moe:,1
:kisyou_ha_igyo@misskey.io:,1
:resonyance@misskey.io:,1
ğŸ§,1
ğŸ«“,1
:174mura@.:,1
:bright_sky_wedding@.:,1
:wakaruwakaru@nijimiss.moe:,1
:suteki2@misskey.backspace.fm:,1
:chiken@nijimiss.moe:,1
:honshitsu_jyoho@nijimiss.moe:,1
ğŸ’‡â€â™‚ï¸,1
:blobcat_suffering@nijimiss.moe:,1
:kyun@nijimiss.moe:,1
:love@nijimiss.moe:,1
:bikkurimark_and_hatena_rainbow@nijimiss.moe:,1
:namae_ha_mada_nai_nya@.:,1
:yokosodesuwa@nijimiss.moe:,1
:moisuto_bechocho@nijimiss.moe:,1
:aishoka@.:,1
:blobcalll@misskey.yukineko.me:,1
:legepuppu@.:,1
:hundo@misskey.io:,1
:chibihiko@.:,1
:deesuki@nijimiss.moe:,1
ğŸ,1
:shinnenseiji@.:,1
ğŸ‡­ğŸ‡°,1
ğŸ½,1
:otoshidamakudasai2@.:,1
:ohhohhohho@nijimiss.moe:,1
:shiranakatta_sonnano@nijimiss.moe:,1
:plus_flashy@.:,1
ğŸŒ¿,1
ğŸªƒ,1
:watakushidattesoudesuwa@misskey.io:,1
ğŸ”‡,1
ğŸ•¸,1
ğŸªª,1
:umi_sea_kanji@nijimiss.moe:,1
:hakooshi@.:,1
:nfu@nijimiss.moe:,1
:nfufu@mi.mashiro.site:,1
:rhythmtai@.:,1
ğŸª¤,1
:shiba@.:,1
:udon_hira@live-theater.net:,1
:gochumonha_okimaridesuka@.:,1
:akeome@nijimiss.moe:,1
:kiyokusundaoto_kiyosumi@.:,1
:survive_michbikareshiotokotachi@.:,1
ğŸ…,1
:ee@misskey.backspace.fm:,1
:blobcatsurprised@nijimiss.moe:,1
:suzakuu@.:,1
ğŸªˆ,1
:hanabiramailnosora@.:,1
:mimissori_iiyo@nijimiss.moe:,1
ğŸ§²,1
ğŸŒ§,1
ğŸ«´,1
:niha@.:,1
:acryl@.:,1
ğŸˆâ€â¬›,1
:wonderfulkana_jinsei@.:,1
ğŸ” ,1
:ohayou_Shiropuyo_dragon@mi.mashiro.site:,1
:blobcat_surprised@mi.mashiro.site:,1
:hop_step_toutyaku@.:,1
ğŸ’¨,1
:ohayoo@misskey.backspace.fm:,1
:meet_in_the_garden@.:,1
:doshi_onaji@nijimiss.moe:,1
:clapping_cheers@.:,1
:ryu_nya@.:,1
:32sai@.:,1
:ablobcall@nijimiss.moe:,1
