:ohayou@.:,52298
:wakaru@.:,23508
:ohayoo@.:,21934
:tanoshinde@.:,19939
:otsukarefes@.:,17459
:oyasumi@.:,12819
:kawaiine@.:,10725
:kusa@.:,10064
:suteki@.:,9919
:fufu@.:,9851
:meow_bongo_pat@.:,9545
:iine@.:,9322
:igyo@.:,7347
:ouen@.:,6781
:saikou@.:,6608
:ne@.:,6461
:ohutonkakeyou@.:,5474
:oremo@.:,5406
:musya@.:,5294
:ohayougozaimasu@.:,4335
:hai@.:,4020
:yatta@.:,3872
:kawaiii@.:,3835
:parrot_fast@.:,3798
:kawaii_anime@.:,3543
:erai@.:,3493
:honshitujouhou@.:,3384
:maanantekoto@.:,3233
:meow_noddies@.:,3199
:gojiai@.:,3193
:yattare@.:,3173
:sore@.:,3146
:ablobbouncefast@.:,2980
:ablobcat_sleepingtonton@.:,2876
:tsuyoi@.:,2858
:blob-nod-fast-gif@.:,2819
:oyasuminasai@.:,2764
:metyakutyawakaru@.:,2703
:chiken@.:,2606
:hatena@.:,2536
:blobsob@.:,2531
:tensai@.:,2515
:koresuki@.:,2508
:ablobhungry@.:,2478
:meow_floof_pat@.:,2429
:odaijini@.:,2352
:okaeri@.:,2313
:uwaaaa@.:,2298
:kininaru@.:,2053
:omedetou@.:,1960
:uoooo@.:,1960
:hie_himei@.:,1958
:naruhodo@.:,1949
:kowaihanashi@.:,1896
:a_glowstick_blob@.:,1860
:oremoonajikimoti@.:,1840
ğŸ®,1822
:wakaruman@.:,1819
:meow_awauu@.:,1807
:cat_blob@.:,1802
:sorehasou@.:,1778
:doggo_shake@.:,1756
:aahhhh@.:,1726
:gyu@.:,1697
:ablobcat_kusudama@.:,1670
:soudasouda@.:,1667
:ablobnwn@.:,1663
:iizo@.:,1567
:blobcheer@.:,1550
:kawaiifes@.:,1538
:meow_nod@.:,1515
:ablobcat9mp_hai@.:,1507
:souiutokimoaru@.:,1504
:hou@.:,1487
:sugoi@.:,1466
:birthday@.:,1456
:otsusamadesu@.:,1443
:araara@.:,1434
:okaeri2@.:,1422
:arigatofes@.:,1401
:taihen@.:,1328
:choto_wakaru@.:,1317
:meowhuggies@.:,1310
:aaaaa@.:,1303
:eranchu@.:,1253
:ittare@.:,1247
:arigatogozaimasu_burst@.:,1213
:ablobcatpnd_hiasobi@.:,1191
:sounanda@.:,1184
:ameowhungry@.:,1181
:nanboattemoee@.:,1167
:soukamo_duck@.:,1167
:sorena@.:,1162
:isshoniyarou@.:,1154
:fight2@.:,1149
:ablobcatpnd_dancing2@.:,1149
:meow_cry@.:,1141
:meow_laugh@.:,1131
:iinaa@.:,1127
:soukamo@.:,1113
:bunhdlurkaww@.:,1096
:meow_aww@.:,1086
:blob-wobble-gif@.:,1052
:meow_attention@.:,1005
:nekochan_hankaku@.:,1002
:gohan_tabete@.:,1001
:kyakkya@.:,987
:nenneshiyou@.:,981
:bunhdthink@.:,978
:kiwotuketene@.:,969
:oherbdesuwa@.:,968
:kawaii2@.:,966
:doggo_floof_pat@.:,957
:ablobwavereverse@.:,951
:ablobcatpnd_oonaki_nade@.:,935
:chu@.:,934
:ohayoo@misskey.io:,934
:ablobcatheadbangfastultra@.:,927
:kakkoii@.:,915
:aruarutankentai@.:,884
:murisinyaide@.:,882
:soudayo@.:,859
:foo@.:,841
:iiyo@.:,840
â¤,830
:hokatera@.:,825
:iie@.:,823
:okaerinasai@.:,819
:ablobcall@.:,817
:ore@.:,815
:bikkurihatena@.:,813
:bunhd_pet@.:,809
:aa@.:,809
:ett@.:,806
:hokaeri@.:,806
:konokashiwatashinokotoda@.:,802
:sonnnaa@.:,793
:bunhdcry_pet@.:,785
:blobeatingblob@.:,780
:wakaruyo@.:,779
:daisuki@.:,771
:aa_nageki@.:,766
:hao@.:,759
:aramaa@.:,736
:iiyo_jump@.:,724
:fake_news@.:,719
:abunhdhappyhop@.:,710
:bunhdaww_pet@.:,708
:bunhdknife@.:,690
:ablobcat_naderare@.:,687
:saikou2@.:,682
:naruhodonaa@.:,679
ğŸ‘,677
:muzukashiihanashi@.:,676
:ouen2@.:,666
:sugoi2@.:,656
:oisii@.:,644
:ganbare@.:,638
:blobcomfort@.:,631
:blobimfine@.:,625
:saikyou@.:,620
:okaeri4@.:,615
:detawane@.:,603
:soreijouhaikenai@.:,602
:nekochan@.:,588
:blob_scared@.:,584
:itterasshai@.:,578
:ganbare763@.:,571
:ablobcatpnd_tsuntsun@.:,564
:tashikani@.:,557
:gubi@.:,556
:uwa_himei@.:,555
:mareniyokuaru@.:,547
:ablobsmilehappy@.:,545
:ablobcat_dancing@.:,545
:damedayo@.:,538
:iiyone@.:,538
:umasou@.:,537
:resonyance@.:,533
:oisisou@.:,533
:aruaru2@.:,531
:blob-torch@.:,529
:erasugiru@.:,517
:sonokanouseihaaru@.:,513
:waai@.:,513
:party-blob@.:,499
:bigkansya@.:,498
:omizu_water@.:,493
ğŸ¤”,489
:roujin@.:,487
:doggo_attention@.:,486
:big@.:,479
:_s0ofoknr_@.:,476
:kusa2@.:,475
:ohayo2@.:,474
:watakusi@.:,469
:watashimo@.:,468
:soremomatayosi@.:,457
:iihanashi@.:,455
:waa@.:,455
:ablobsadpats@.:,451
:yokattane@.:,450
:zu@.:,450
:kamo@.:,439
:ii@.:,433
:youkoso@.:,431
:doggosmile@.:,431
:meow_heart_bongo@.:,429
:wakarimihukasi@.:,424
:yokatta@.:,414
:ablobcat9mp_call@.:,407
:kakkoii2@.:,404
:daredaimano@.:,403
:kiss@.:,400
:goji_love@.:,399
:umai@.:,396
:yosi@.:,396
:watakushidattesoudesuwa@.:,393
:nakama_hakken@.:,392
:yukkurisiyou@.:,391
:araa@.:,387
:kirei@.:,387
:tasukaru@.:,381
:kettoukaisi@.:,380
:yorosiku_onegai@.:,377
:suki@.:,373
:fuwao@.:,372
:blobcatpnd_wakaran_zenbu@.:,371
:aruaru@.:,371
:ablobcat_hug_goshigoshi@.:,369
:nante@.:,367
:kanashitake@.:,366
:oyasuya@.:,365
:ablobcat_mugyumugyu@.:,365
:a_himei@.:,362
:majisore@.:,359
:torichan_hankaku@.:,356
:blob-clap@.:,353
:love@.:,352
:tuuka_shitekure@.:,352
:yokattayokatta1@.:,352
:shingityu@.:,345
:look@.:,344
:nandato@.:,340
:lost@.:,340
:mochimochi@.:,340
:maji@.:,335
:ablobcat_no_dakko@.:,334
:blobyikes@.:,333
:ablobcat_chigau@.:,330
:sukoyaka@.:,330
:hieee_himei@.:,328
:sorehadoukana@.:,326
:tasikani2@.:,326
:naruhodofes@.:,321
:sokoninakerebanaidesune@.:,319
:wanchan_hankaku@.:,319
:comfy_kasanegi_season@.:,317
:makasete@.:,315
:wakaranai@.:,314
:kizoku@.:,313
:shosetsu@.:,312
:blobcat_cyclone@.:,312
:haee@.:,311
:biggest@.:,309
:blob_excited@.:,308
:dousite@.:,300
:arigatogozaimasu@.:,299
:haai@.:,298
:eichi_pink@.:,297
:sukidesu@.:,294
:nemu@.:,294
:ablobcat_dadakko@.:,294
:kakkoi@.:,292
:ablobcatpnd_nekomcmc@.:,292
:ablobcat_eieio@.:,289
:tensainokata@.:,285
:kowaiyoo@.:,281
:fanble@.:,278
:ittera@.:,277
:tasukarufes@.:,277
:syachi@.:,275
:itumoarigatou@.:,275
ğŸ‰,272
:kami@.:,270
:brob-yes@.:,269
:bunhdlurk@.:,268
:itadakimasu@.:,268
:honsore@.:,267
:meow_ghostreach@.:,266
:hai2@.:,265
:matsuri@.:,264
:utsukushii@.:,263
:abongoblob@.:,263
:ningenjitabata@.:,262
:kiwotsuketene@.:,261
:meow_droolreach@.:,261
:meow_nomivore@.:,260
:blobcat_miteiru@.:,259
:comfyblob_blue@.:,258
:critical@.:,257
:mite_ruyo@.:,252
:abunhdowohop@.:,251
ğŸ§Š,247
:kaogaii@.:,246
:ablobcat_cordkamikami@.:,243
:hawa@.:,243
:meow_eyespin@.:,242
:fight@.:,242
:oyaoya@.:,239
:maybe_hira@.:,237
:igyousagi@.:,234
:tsun@.:,234
:ofumble@.:,233
ğŸŒ¸,231
:sugosugiru2@.:,231
:kashikoi@.:,230
:ablobcatpnd_hugme@.:,230
:daizi@.:,230
:maguro_slido@.:,228
:yattane@.:,228
:sutekinahanasi@.:,225
:a_nyageki@.:,224
:shiodamari@.:,223
:attoutekikansha@.:,223
:blobcat_zukkoke@.:,222
:adixyui@.:,221
:udon@.:,220
:ouenmaturi@.:,218
:takusuki_tojinaide@.:,217
:wakannyai@.:,217
:bunhdheart@.:,215
:ablobcat_iyaiya@.:,214
:meow_dundundun@.:,213
:oh_yeah@.:,213
:zenbu1@.:,211
:blob-wave-gif@.:,210
:osuyami@.:,208
:ablobcatpnd_hands_frfr@.:,208
:tanoshitake@.:,207
:yabadesuwa@.:,207
:daijoubudayo@.:,206
:kawaisugiru@.:,206
ğŸ¨,205
ğŸ©,204
:juru@.:,203
:iitoomou@.:,203
:meow_peekneatral@.:,202
:hyoushou@.:,202
:jituha@.:,202
:araara1@.:,202
:nukunukusiyou@.:,201
:bi@.:,201
ğŸ¤,197
:blob_pekori@.:,194
:meow_dj@.:,194
:attakai@.:,193
:natukashiine@.:,193
:ablobcatpnd_gorogoro@.:,192
:oregatuiteru@.:,191
:tokunikimi@.:,191
:meow_mudamudamuda@.:,191
:ehehe@.:,190
:iizomottoyare@.:,189
:blobcat_thinking@.:,189
:asobitai@.:,189
:ablobcat_wakaran@.:,189
:medetai@.:,187
:happy@.:,186
:yasaiseikatsu@.:,186
:ocritical@.:,186
:ablobcat_drinkwater@.:,185
:ablobcat_hurimuki@.:,184
:ablobcatpnd_horihori@.:,183
:blobcat_pacifier@.:,183
:tabemasu@.:,182
:ihousinnyusei@.:,181
:arigate@.:,180
:ooiooi@.:,180
:gotisousamadesita@.:,180
:ablobdundundun@.:,179
ğŸ¦€,179
:kottioide@.:,179
:orekayo@.:,179
:mocho_move@.:,177
:abunai@.:,177
:kuttare@.:,177
:daijoubudamondainai@.:,176
:kyaaa@.:,176
ğŸ«,175
:konnichiwa@.:,173
:ikuzo@.:,173
:moirizio_pet@.:,172
:sorehauragiriwoimisurukotoba@.:,172
:heeee@.:,171
:interest@.:,170
:chu2@.:,170
:igyoumaturi@.:,169
:onakadaizini@.:,169
:there_is_naan@.:,167
:ippaisuki@.:,167
:ga_himei@.:,164
:oishi_mono@.:,164
:parrot_dealwithit@.:,163
:hosii@.:,162
:blobcatpnd_petal@.:,162
:nyaan@.:,161
:souhanaranyaro@.:,160
ğŸ»,160
:ablobwavesob@.:,160
:meow_heart@.:,159
:tanosisou@.:,159
:ningenodori@.:,158
:ningendainoji@.:,158
:blobpeek@.:,158
:nanboattemoii@.:,157
:hayai@.:,157
:gyoi@.:,154
:BIGLOVE@.:,153
:blobcatcomfy_spin@.:,153
:ablobcatreachflip@.:,153
:shibou@.:,152
:kaisyaku@.:,150
:ablobcat_ofton_oishi@.:,150
:tabeteiiyo@.:,149
:ablobcat_fukifuki@.:,149
:motto@.:,147
:kanasii_hanasi@.:,147
:oma_story@.:,146
:spinthinking@.:,146
:daijobu@.:,146
:kagayaiterune@.:,145
:sutekingyo@.:,145
:yasasiisekai@.:,144
:souiukotomoalpaca@.:,144
:ablobwave@.:,144
:gyakudattakamo@.:,142
:tanoshikatta@.:,140
:ofuton_tabeyou@.:,140
:blobcat_frustration@.:,139
ğŸ¥¯,138
:tori_chan@.:,138
:ablobmaracas@.:,138
:blobcatcomfy_ehoumaki_wagiri_spin@.:,137
:tantrumblob@.:,137
:oideyo@.:,137
:uiyatu@.:,132
:osii@.:,132
:ikite@.:,131
:yada2@.:,131
:meow_bongo@.:,131
:ureshitake@.:,130
:ofutonhaitte@.:,130
:mogumogu@.:,130
:onakaattamete@.:,130
:bump_of_chiken@.:,129
:ureshii@.:,129
:sonomama@.:,129
:ablobcatpnd_grgrdance@.:,129
:anatatukareteirunoyo@.:,128
:blobfingerguns@.:,127
:mawasou@.:,126
:omaemomichizure@.:,126
:botiboti_ikoka@.:,125
:yukkurisiteittene@.:,125
:ablobpats@.:,124
:wanchan@.:,124
:doggo_of_tindalos@.:,124
:tokitobaainiyoru@.:,124
ğŸŒ,123
:fusigina_hanasi@.:,123
:takusan@.:,123
:kapu@.:,121
:mi_@.:,121
:blobxd@.:,120
:mam@.:,120
:osyouyukaketeagemasyoune@.:,120
:zabui@.:,119
:tensaimaturi@.:,119
:igyoumaturi2@.:,119
:utsubo@.:,118
:aruarumaturi@.:,118
:blobcatuwu@.:,118
ğŸ–,117
:choudokirashiteta@.:,117
:hontouni_urchin@.:,117
:usu@.:,117
:ablobcat_yummy@.:,117
:wasi_noja@.:,116
:inori@.:,116
:aisiteru@.:,116
:mofu_hiragana@.:,116
â¤ï¸,115
:arigato@.:,115
:cyuru@.:,115
:blobcatcomfy_roundball@.:,115
:trpgnosainouwokanjiru@.:,114
:morizio_slido@.:,114
:morizio@.:,113
:oyasumisskey@misskey.io:,112
:hontouni@.:,112
:yosugiru@.:,112
:nyarlathotep@.:,112
:kamawan_yare@.:,111
:maguro_kan_pet@.:,111
:goshichigo@.:,110
:oshare@.:,109
:hearts@.:,109
:pesshinasai@.:,109
:ablobcatpnd_icecream@.:,109
:gomen@.:,108
:ablobcat_doragowan@.:,108
:erojan@.:,107
:gyoib@.:,107
:eenyade@.:,107
:sanc@.:,105
:hmmmm@.:,105
:daisuki_uchiwa@.:,105
:nero@.:,105
ğŸœ,105
:blobnom@.:,104
:blobcatcomfyonion@.:,104
:takusuki_tojite@.:,104
:daijoubu@.:,104
:mettu@.:,104
:hehe@.:,104
:mesikue@.:,104
:rip@.:,102
:ablobcatpnd_ojigi@.:,101
:imasugu@.:,100
:yaaa@.:,100
:fuwafuwa@.:,100
:aaaa@.:,100
:meow_fat@.:,99
:zansyu@.:,99
:bokuwatashi@.:,98
:ablobcatpnd_wanttoeat@.:,98
ğŸ¤,97
:blobcat_telephone@.:,97
:ablobcatpnd_tambourine@.:,97
:we_are_all_different_and_that_is_just_fine@.:,96
:usodayo@.:,96
:kioku_wo_kumorase@.:,95
:wakuwaku@.:,95
:usoda_usoda@.:,94
:blob-ninja@.:,93
:toku_tsunda@.:,93
:konbanwa@.:,93
:yasunde@.:,92
:rokurokurukuru@.:,92
:ablobcatpnd_shy@.:,91
:misete@.:,91
:ablobcat_kurukuru@.:,91
:sorehasounandesuga@.:,91
:se_hu@.:,91
:blobcatpnd_ryo@.:,91
:nannan@.:,90
:heke@.:,90
:aru@.:,90
:yu1@.:,90
:peropero@.:,90
:meow_gummy_spincolors@.:,90
:blobcat_ouchi_daisuki@.:,90
:blobcat_clothghost@.:,89
:tuyosou@.:,89
:kudasai1@.:,89
:daitaiatteru@.:,89
:ablobcat_odekake_car@.:,89
:575@.:,88
ğŸ,88
:naruhodo_the_world@.:,88
:kamahen@.:,88
:ukeru@.:,87
:arigatokusuri@.:,87
:blobcatnoplease@.:,87
:vs_darkrai@.:,86
:megane@.:,85
:bunhdpeek@.:,85
:meow_bath@.:,85
:blob-wink@.:,84
:ru@.:,84
:doggo_of_tindalos_floof_pat@.:,83
:blobglassesdown@.:,83
:usachan_hankaku@.:,83
:syuku@.:,83
:4am@.:,83
:ippai_tabete@.:,82
ğŸ‘€,81
:nattoruyarogai@.:,80
ğŸ’ª,80
:suki2@.:,80
:meow_comfy@.:,80
ğŸ›,79
:blob_goodnight@.:,79
:blob-melt-sob-love-gif@.:,78
:fuinkide_yatteru@.:,78
:ikemen@.:,78
:nagai@.:,78
:meow_sushi@.:,78
:blobcry@.:,77
:cthugha@.:,77
:happy3@.:,77
:igyo@misskey.io:,76
:suibun_totte@.:,76
:ganbatta@.:,76
:wakatta2@.:,76
:ablobcatpnd_buranko@.:,76
:asondebosii@.:,76
:indojinwomigini@.:,75
:dad@.:,75
:ichiriaru@.:,75
:yakitori@.:,75
:blobcat_daradara@.:,75
:mitai@.:,74
:meow_angry_intensifies@.:,74
:gyaaa_himei@.:,74
:eichi@.:,73
:chigau_soujanai@.:,73
:tanomunetekure@.:,73
:abunhdcry@.:,73
:ablobcatpnd_tsuyatsuya@.:,73
:kokoniiruzo@.:,73
ğŸŸ,72
ğŸŸ¢,72
:blobcat_frustration2@.:,72
â“,71
:nan@.:,71
:sigotera@.:,71
:blobcatangel@.:,70
:e_himei@.:,70
:miraidematteru@.:,70
:blob-surprise-blush-gif@.:,70
:ganbareganbare2@.:,70
:blobcat_o@.:,70
:ikitai@.:,70
:blobcat_nechao@.:,70
:scenariokurukuru@.:,69
:hoyohoyo@.:,69
:kowakunaiyo@.:,69
:go_go@.:,69
:tanosimidesu@.:,68
:huhun@.:,68
:oxtu@.:,68
:soredou@.:,67
:fumu@.:,67
:kyoumi@.:,67
:jellyfish@.:,67
:soredeee@.:,67
:thinkhappy@.:,67
:kirakira@.:,67
:bakuhatsu@.:,67
:mamanaranu_hanasi@.:,67
:suu@.:,67
:tondemo_needesuwa@.:,66
:kinisunna@.:,66
:meowbreadappear@misskey.io:,66
:otoku@.:,66
:iijan@.:,66
:kayowaiinochi@.:,66
:ryoukai@.:,65
:chigauyo@.:,65
:meow_comfy_eeek@.:,65
:yonda@.:,65
:eeyan@.:,65
:uho@.:,65
:blobcatpnd_miage@.:,65
:yeah_more_leaf@.:,64
:owadesuwa@.:,64
:dadakonekone@.:,64
:sancho@.:,64
:dex_18@.:,64
:ooizumiyousan@.:,63
ğŸ™,63
:thonk@.:,63
:meow_bongo_ban@.:,63
:karadadaijini@.:,63
ğŸ¦‹,62
ğŸ¾,62
:itumono@.:,62
:samusamu@.:,62
:nicemekakure@.:,62
:nya@.:,62
:meow_torch@.:,62
:umachan@.:,62
:sio@.:,61
ğŸ°,61
:blob_toketoke@.:,61
:ohohoho@.:,61
:watayari@.:,61
:soremomatajinsei@.:,61
:asondekure@.:,61
ğŸ§™â€â™‚ï¸,60
:ablobcat_zub@.:,60
:senmon@.:,60
:kawaii_jinrui@.:,60
:unknown@.:,59
:waaa@.:,59
ğŸ ,59
:blobcat_muzukashi_thinking@.:,59
:tere@.:,59
:omeme_yasumete@.:,59
:shock@.:,58
:osusume_desuyo@.:,58
:bunhdcry@.:,58
:mayone_zukaketeagemasyoune@.:,58
:omawarisan@.:,58
:hakanai@.:,58
:ablobcatpnd_techo@.:,58
:oyasumimatsuri@.:,58
:maguro_kan@.:,57
:blobcat_cut@.:,57
:issyoninarou@.:,57
:fried_chicken@.:,57
ğŸ‚,57
:saisoku@.:,56
:yaruki_switch_poti@.:,56
:omochi@.:,56
ğŸŸ,56
:blobcatbounce@.:,56
:un_bikkuri@.:,56
:meow_enjoy@.:,56
ğŸµ,56
:yotiyoti@.:,56
:bunhdprelurkdonut@.:,55
:konosawa@.:,55
:matteruyo@.:,55
:muteki@.:,55
:kora@.:,55
:ganbareganbare@.:,55
:ofuton_tabete@.:,55
:death@.:,55
:na@.:,55
:madamadagoziai@.:,55
:blobcatthinking@.:,55
:ablobcat_ufo_abduction@.:,55
:dajyare@.:,54
:5jidesu@.:,54
:kankin@.:,54
:maguro@.:,53
ğŸ’¯,53
:nakayoshi@.:,53
ğŸª,53
:enjou@.:,53
:watashimo2@.:,53
:blobcatpnd_tetsunagi@.:,53
:abunhdhop@.:,52
:gobushidenaniyori@.:,52
:udonmoji@.:,52
ğŸ’,52
:hayasugite_mienai@.:,52
:ha_himei@.:,52
ğŸ‘,52
:bunhdcomfysleep@.:,51
:yasashisa@.:,51
:nekojan@.:,51
:nikoniko@.:,51
:shinobigaminminzemi@.:,51
:yada@.:,50
:baby@.:,50
:sorehazou@.:,50
:ablobcatpnd_kikazaru@.:,50
:tasukaranai@.:,50
:takusann_tabete@.:,50
:blob-hearts@.:,49
:meow_presentred@.:,49
ğŸ˜†,49
:kann@.:,49
:happy2@.:,49
:coffeeireru@.:,49
:kokojuuyou@.:,48
:osoyou@.:,48
:chigaukamo_duck@.:,48
:daijobuda_mondainai@.:,47
:huee@.:,47
:desuyone@.:,47
:iaia@.:,47
:hiin@.:,47
:yuusyou@.:,47
:saiai@.:,46
ğŸ¤,46
:takusukime@.:,46
:juden@.:,46
:dottu@.:,46
:takutabeta@.:,46
:tasukete@.:,46
:damekamo_duck@.:,46
:ameowcoffee@.:,46
:safe@.:,46
:nu_himei@.:,46
:wasabisoeteagemasyoune@.:,46
:dottimo@.:,46
:ablobcatpnd_money_kyomisinsin@.:,46
ğŸ’,45
:hontoda@.:,45
ğŸ,45
ğŸ”,45
:migo@.:,45
:ureshiihanashi@.:,45
:doggoblob@.:,45
:osewani@.:,45
:tittyai@.:,45
:omeletrice@.:,45
:5000tyouenhosii@.:,45
:tokusoubu@.:,44
ğŸº,44
:yurusenu@.:,44
ğŸ†,44
:meow_gude@.:,44
:ka_himei@.:,44
:arigatoumorokoshi@.:,44
:wakarimiaru@.:,44
:gotofuton@.:,44
:haru@.:,44
:kuwashiku@.:,43
:yoroshiku@.:,43
ğŸ™,43
:Shichi@.:,43
:minnadeodocchae@.:,43
:keizaikurukuru@.:,43
:blobcat_wakaba@.:,43
:ablobcat_pekopeko@.:,43
:ablobcat_watertank@.:,43
ğŸ©¹,43
:tanomu@.:,43
:otsu_curry@.:,43
:iihanashikana@.:,42
ğŸ‹,42
:Seyama@.:,42
:yattaze@.:,42
:madadayo@.:,42
:ru1@.:,42
:itaiiii@.:,42
:bunhdprelurkbill@.:,42
:mamadetyuyo@.:,42
:yasashiine@.:,42
:gokigenyou@.:,42
:teikiatsunosei@.:,42
:simaoune@.:,42
:ablobcat_yawn@.:,42
:okusurinometeerai@.:,41
:otukarefes@misskey.io:,41
:ougi@.:,41
:nemunemumaturi@.:,41
:ningenogami@.:,41
:abutakusyon@.:,40
:yoroshikumatsuri@.:,40
:marriage@.:,40
ğŸ,40
:bunhdprelurkcofe@.:,40
:zehizehi@.:,40
:kenkouniii@.:,40
:idousen@.:,40
:ablobcatpnd_idol@.:,40
:bikkuri@.:,40
:maybe_kanji@.:,39
ğŸš“,39
:ablobcatpnd_iwazaru@.:,39
ğŸš,39
:mochi_moji@.:,39
:blank@.:,39
:ohitotudouzo@.:,39
ğŸ‡,39
:natu@.:,39
âœŒ,38
:ablobcatpnd_mizaru@.:,38
:azathoth@.:,38
:hontounisoukana@.:,38
:ane@.:,38
:kakusanjouhou@.:,37
ğŸ¥š,37
:funikideyatteru@.:,37
:tachie_muri_sunnna@.:,37
:blob-stop@.:,37
ğŸ¦,37
:gomenne@.:,37
:shoggoth@.:,37
:nyaru@.:,37
:tanomunetekure2@.:,37
:daijobuta@.:,37
â‰,36
:joubutsu@.:,36
:nicebuddy@.:,36
ğŸ¦,36
:hastur@.:,36
:kusokon@.:,36
:kirisute_gomen@.:,36
:parrot_bored@.:,36
:ari@.:,36
:inochitasukatta@.:,36
:meow_sunglasses@.:,36
:ofuri_asobase@.:,36
:wakatta@.:,36
:kinshicard@.:,36
:meow_sweatflip@.:,36
:subete_sagi_desu@.:,36
ğŸ¥•,36
:okaeri3@.:,36
:koredasuba@.:,35
:blob-love-gif@.:,35
:sadblob@.:,35
:rati@.:,35
:oroka@.:,35
:yorosikuteyo@.:,35
ğŸ‘®,35
:tonkoufu@.:,35
:wara@.:,35
:roujin_kai@.:,35
:REC@.:,34
ğŸ¥©,34
:matte@.:,34
:genkideta@.:,34
:koufuku@.:,34
:deme_geinin@.:,34
:amaai@.:,34
:atataka@.:,34
:ablobcat_achoo@.:,34
:shinobigami@.:,34
:humu@.:,34
:hound_of_tindalos@.:,34
:moukonnajikan@.:,34
:yurusita@.:,33
ğŸ’,33
:mocho_hot@.:,33
:bizin@.:,33
:ygolonac@.:,33
:ablobdrum@.:,33
:meow_coffee@.:,33
:nokori365@.:,33
:friedrice@.:,33
:naniwoitteru@.:,33
:okawaisouni@.:,33
:bunhdgoogly@.:,32
:motituke@.:,32
ğŸ¥º,32
:miraide@.:,32
:kyuukei@.:,32
ğŸ¥,32
:ganbarumaturi@.:,32
:dugong@.:,31
:aziwatte_kitekudasai@.:,31
:no_himei@.:,31
:uchuneko@.:,31
ğŸ—,31
:gan_bata@.:,31
:wasiga_sodateta@.:,31
:abunhdhappy@.:,31
ğŸ¸,31
ğŸ¶,31
:blobcatnomblobdoggo@.:,31
:ningendash@.:,31
:hatsumimi_jouhou@.:,31
:taikin_erai@.:,31
:kitaiti_2@.:,30
ğŸ‘,30
:tekeriri@.:,30
ğŸ«‚,30
ğŸ¥”,30
:aisu@.:,30
:senseno_katamari@.:,30
ğŸ…,30
ğŸ”¥,30
:syouri@.:,30
:sonnamononai@.:,30
:mocho@.:,30
:karaage@.:,30
:naikamo@.:,30
:meow_ikura@.:,30
:popcorn@.:,30
:makaserori@.:,30
ğŸ¦†,29
ğŸ“,29
:ta_himei@.:,29
:sankakibou@.:,29
ğŸŒŸ,29
:wakaru@misskey.io:,29
ğŸ”,29
:gata@.:,29
ğŸ†—,29
ğŸ‰,29
:bunhdaww@.:,29
:muri@.:,29
:kekkon@.:,29
:hahaha@.:,29
:tasty@.:,28
:08301@.:,28
:kawaiiasamisann@.:,28
:str_18@.:,28
ğŸ€„,28
:hyahha@.:,28
:waraikorogeta@.:,28
:gomeneko@.:,28
:tnbt083@.:,28
ğŸ•,28
:zurui@.:,28
:koisita@.:,28
:kashikoi_carp@.:,28
:negusuri_sashite@.:,28
:sankouni_narimasu@.:,28
:omosiroi_hanasi@.:,28
:fan_desu@.:,28
ğŸ,28
:sassi@.:,28
:unn@.:,28
:maji2@.:,28
:takushura@.:,27
:abunhdsadpat@.:,27
:blob_go@.:,27
:mukouikokka@.:,27
ğŸ‘,27
ğŸ£,27
:atarimae_taisou@.:,27
:hitoni_yoru@.:,27
:mojibake@.:,27
ğŸŠ,27
:inSANe@.:,27
:gomen_asobase@.:,27
:uttu@.:,27
:onaka_suita@.:,26
:in@.:,26
:nobishiro@.:,26
:funyafunya@.:,26
ğŸ¥¬,26
ğŸ¥‚,26
:darkrai@.:,26
:benkyouni_natta@.:,26
:runrun@.:,26
:meow_melt@.:,26
:mocho_hot_c@.:,26
:soudesho@.:,26
:ii_kinniku@.:,26
:blobcatpnd_longlong_a@.:,26
:nyuusankin@.:,26
:meow_pizza@.:,26
:axtu@.:,26
:tumi@.:,26
:taihensuki@.:,26
:heki@.:,26
:tasukarimasu@.:,26
:ttekoto@.:,25
:honma_kaina@.:,25
:nitteikudasai@.:,25
:sonnabanana@.:,25
:pokapoka@.:,25
:yamorisan@.:,25
:omauke@.:,25
:twitter@.:,25
:gaman_shiyou@.:,25
:unnunn@.:,25
:blob-wine-gif@.:,25
:tanoshii@.:,25
:coc_6@.:,25
:iiyumemiroyo@.:,25
:gon@.:,24
:wow@.:,24
:maguro_kan_poyo@.:,24
ğŸ£,24
ğŸ’ƒ,24
ğŸ„,24
ğŸƒ,24
:DX@.:,24
:konin@.:,24
:cthulhu@.:,24
:scenario_caution_lost@.:,24
:tanosimi@.:,24
:usatyan@.:,24
:ablobcatreachflip@misskey.io:,24
:kikasete@.:,24
:meow_tongue@.:,24
:sonotega_attaka@.:,24
:itowokashi@.:,23
:doubt@.:,23
:yog_sothoth@.:,23
:bash@.:,23
:amazon_okuchi1@.:,23
ğŸ˜‡,23
:bunhdcomfyidle@.:,23
:tasuketefes@.:,23
:ablobguitar@.:,23
:itoosii@.:,23
:goanzenni@.:,23
ğŸ¢,23
:ablobcat9mp_playgame@.:,23
ğŸ«€,23
:deep_one@.:,23
:mattarisiyou@.:,23
:gorogoro@.:,23
:naruhodone@.:,23
:meow_hungry@.:,23
:yaharina@.:,22
ğŸ»,22
ğŸ,22
:zapzapzap@.:,22
:renge@.:,22
:zawa@.:,22
:amazon_okuchi2@.:,22
:goji_on_goji@.:,22
:ukatu@.:,22
:takusuki@.:,22
:oregaseme@.:,22
:een@.:,22
â™ ,22
:hontouni_oishii@.:,22
ğŸ«µ,22
:ablobcat_flehmen@.:,22
:sonohassouha_nakatta@.:,22
:inochitasukaru@.:,22
:tounku@.:,22
:sanchizero@.:,21
ğŸ¼,21
:re1@.:,21
:hime@.:,21
:sukinanomimononomou@.:,21
:punipuni@.:,21
ğŸ‘Š,21
:nruhodowakaran@.:,21
:kotobuki@.:,21
:akan@.:,21
:hypernemunemutime@.:,21
:osiawaseni@.:,21
:naan@.:,21
:sakanagi@.:,20
ğŸ–,20
:kyundesu@.:,20
â˜•,20
:waritosou@.:,20
:yurusite@.:,20
:meow_hyper_party@.:,20
:bunhdmlem@.:,20
:honobono@.:,20
:koi@.:,20
ğŸ¥³,20
â­,20
ğŸ´,20
:hayaku_yokunari@.:,20
:nigetenpura@.:,20
:ablobcat_mayochuchu@.:,20
:ikitainu@.:,20
ğŸº,20
:oreno@.:,20
:uron@.:,20
:kiroku@.:,19
:yoihakuhatu@.:,19
ğŸ”«,19
:abunhd@.:,19
:sachi@.:,19
:blobcatpnd_longlong_c@.:,19
ğŸ˜­,19
:azimisuru@.:,19
:sinjitu@.:,19
:sorene@.:,19
:kanashii@.:,19
:love2@.:,19
ğŸ¬,19
:gohan_erai@.:,19
:ablobcatnodmeltcry@.:,19
:ablobcatpnd_nemunemu@.:,19
:oyatu_time@.:,18
ğŸ¦‘,18
:getkotonaki@.:,18
:blobsmiletear@.:,18
:ohayou@misskey.io:,18
:juyouha_kokoni@.:,18
:maketayo@.:,18
:ukiuki@.:,18
:ikeoji@.:,18
:mofu@.:,18
:zenbu_suki@.:,18
:houtei@.:,18
ğŸ£,18
ğŸ’£,18
:naiemoji@.:,18
:meowsleeping@.:,18
:sinri@.:,18
ğŸª„,18
ğŸ¥’,18
:nekuronika@.:,18
:dareuma@.:,18
:tanuki@.:,18
:syukkin_erai@.:,18
:blob-splosion-gif@.:,17
ğŸŒ¨,17
ğŸ¦,17
â˜”,17
ğŸ˜®,17
ğŸ•º,17
ğŸ¼,17
:halloween@.:,17
:seppuku@.:,17
:akeome_hinode@.:,17
:wakariyasui@.:,17
:syouganaiyone@.:,17
:scenario_caution_1d100@.:,17
:mou_asa_desuyo@.:,17
:doushite_sounatta@.:,17
:tanuki_nemui@.:,17
:not_passed@.:,16
:netabare@.:,16
:kyoufuhantei@.:,16
:ningenskip@.:,16
ğŸ‘“,16
:mitemite@.:,16
ğŸ¡,16
:passionwo_kanjiru@.:,16
:matigaemasita@.:,16
:blob_angel@.:,16
ğŸŒ²,16
ğŸ¥—,16
:ittann_neyou@.:,16
:densetsu@.:,16
:mirukuagemasyone@.:,16
:tuyokunare@.:,16
:kaibunsho@.:,16
:nice_middle@.:,16
:yoroshikujira@.:,16
:tai@.:,15
ğŸŒ»,15
ğŸ’œ,15
:doutakusengen@.:,15
:subarasiihakui@.:,15
ğŸ˜,15
:nadotokyouzyutusiteori@.:,15
ğŸŒ ,15
ğŸ’¥,15
:inoti_daijini@.:,15
:siranai_hoga_ii@.:,15
:sonnakotonight@.:,15
:kasikokunatta@.:,15
:haireta@.:,15
:pow_18@.:,15
:osusume@.:,15
ğŸ§´,15
:ablobcat_blushed_look@.:,15
:newbe@.:,14
:mitetekudasaiyo@.:,14
:meijoushigataichoco@.:,14
:50ten@.:,14
:himitsugotokire@.:,14
:magirogi@.:,14
:rainbow_ihousinnyusei@.:,14
:osessyon_desuwa@.:,14
:simonoku@.:,14
:bakumoe@.:,14
:omaeseme@.:,14
:tsudukete@.:,14
:nice_megane@.:,14
:ablobkeyboard@.:,14
ğŸ™,14
:hey@.:,14
ğŸ¦,14
:hitokuu@.:,14
ğŸ,14
:tokeru@.:,14
ğŸ¥ª,14
:dagakotowaru@.:,14
:seikan@.:,14
:meowhuggies@misskey.io:,14
:ultra_sou@.:,14
:hamutyan_hankaku@.:,14
:okitako@.:,14
:jyu@.:,14
:yurusemasenwa@.:,14
ğŸŒ,14
:douzo_douzo@.:,14
â˜‚,14
:bokumo@.:,14
:aprilfool@.:,14
:honshitsu_jouhou@misskey.io:,13
:kyoukinodakuryuu@.:,13
:bunhdhappy@.:,13
ğŸŒŠ,13
:ohayo@misskey.io:,13
:omotee@.:,13
:ablobbass@.:,13
:SSR@.:,13
:dice6@.:,13
:seiheki@.:,13
:tokuniore@.:,13
:rabu@.:,13
:nantekottai@.:,13
:kusa3@.:,13
:onnpu@.:,13
:soreha_wanada@.:,13
:danbou@.:,13
:shub_niggurath@.:,13
:norma@.:,13
:bubuntekini_sou@.:,13
:urayamashi@.:,13
:seyanen@.:,13
:yatte_osimai@.:,13
ğŸ§,13
:araburudeme@.:,13
:iidesyo@.:,13
ğŸ¦–,13
:mieteruyo@.:,13
:bussou@.:,13
ğŸ¦·,12
ğŸ¦µ,12
:out@.:,12
:aoitottori@.:,12
:kandonosaikai@.:,12
:benri@.:,12
:nazo2@.:,12
:satou@.:,12
:nemunemunyankodanyan@.:,12
:kp@.:,12
:shockedblob@.:,12
:syumi@.:,12
:oyasumi2@misskey.io:,12
:MerryChristmas@.:,12
:nemuika@.:,12
ğŸ¥›,12
:ohayougozaimasu@misskey.io:,12
ğŸ’™,12
:mitai2@.:,12
:hitochan@.:,12
:baretaka@.:,12
:yudankinmotu@.:,12
âš¾,12
:ojamasimasu@.:,12
:fuyu@.:,12
:nandeyanen@.:,12
:hikazeide@.:,12
:jijitu_tinretuzai@.:,12
:yuusikisya@.:,11
:ato@.:,11
ğŸ¤£,11
:ganbare@misskey.io:,11
ğŸ‡,11
ğŸ¬,11
:hamuchan@.:,11
ğŸ“¸,11
:takupuppu@.:,11
:charakonekone@.:,11
:tututu_himei@.:,11
ğŸ¦ˆ,11
:ayashi_nihongo@.:,11
:yarujan@.:,11
:yurusu@.:,11
ğŸ¥ƒ,11
:ohayosanoo__i@misskey.io:,11
:ikiro@.:,11
:ohayo_usagi@misskey.io:,11
:shinsaku@.:,11
ğŸ§,11
ğŸ’Š,11
:charuyo@.:,11
:ablobcatpnd_runnynose@.:,11
:kuruu@.:,11
:blobcatcozynyap@misskey.io:,11
:yuukoya@.:,11
:ganbaro@.:,11
:yasumitai_kyokai@.:,11
:emoklore@.:,11
:genjitsu@.:,11
:banzoku@.:,11
ğŸ›,10
:big_emotion@.:,10
2âƒ£,10
ğŸ“,10
:sonnnaanatani@.:,10
ğŸ´,10
:yome@.:,10
:blobcatpnd_longlong_b@.:,10
:ablobcat_badtaste@.:,10
:bottle@.:,10
:zonzite@.:,10
âš¡,10
:excellent_shota@.:,10
ğŸ—‘,10
ğŸŠ,10
:ani@.:,10
:okagesama@.:,10
:nekodakara@.:,10
ğŸ¢,10
:1tarinai@.:,10
:mokomoko@.:,10
â˜€,10
:444e_igyo@misskey.gamelore.fun:,10
:douitasimasite@.:,10
:miyabi@.:,10
:sosisoai@.:,10
:hokorasikunaino@.:,10
:blobcat_sleep_with_blahaj@misskey.io:,10
:kpsuruyo@.:,10
:design_suki@.:,10
ğŸ¯,10
:yusho@.:,10
:atashimo_love@.:,10
:ikiteteyokatta@.:,10
ğŸŒ™,10
:hoshi_maso@.:,10
:ablobcat_opensnackpouch@.:,10
:bouryoku@.:,10
:blobcat_toitoitoi@.:,10
:shinpi@.:,9
:shell@.:,9
:blobzippermouth@.:,9
:blobcatheartbongo@misskey.io:,9
ğŸ¥,9
ğŸ·,9
ğŸ¦¾,9
ğŸ¤,9
â™¨,9
:blobyum@.:,9
ğŸŒ¹,9
ğŸŒˆ,9
ğŸ,9
ğŸƒ,9
:happy_birth_day__i@misskey.io:,9
:uronnachoco@.:,9
:long_himei@.:,9
:ohuton_kakete_agemasyoune@misskey.io:,9
ğŸ¯,9
ğŸ”‹,9
:app_18@.:,9
:bunhdidle@.:,9
:shumatsukikou@.:,9
:ittai_naniga@.:,9
:gomennasai@.:,9
:propaganda@.:,9
ğŸ˜¥,9
:ohayou_gozaimasu@misskey.io:,9
ğŸ,9
:special@.:,9
:ablobcatpnd_headache@.:,9
:ningen@.:,9
:sagyousagi@.:,9
:orenokati@.:,9
:meshitero2@.:,9
:5000t_7@.:,9
ğŸŒ,8
ğŸ”Ÿ,8
:super_igyo@misskey.io:,8
ğŸ­,8
:teetee@.:,8
:romanno_katamari@.:,8
ğŸŒ…,8
ğŸµ,8
ğŸ¡,8
:yoruho@.:,8
:funiki_suki@.:,8
:ihou_fumble@.:,8
ğŸ‘¶,8
:shingi@.:,8
:gmanken@.:,8
â„,8
:choudai@.:,8
â™¥,8
:tekise@.:,8
:tanonda@.:,8
ğŸ‰,8
ğŸ¥·,8
ğŸ§£,8
:yoshi@.:,8
:watasi@.:,8
:stellarknights@.:,8
ğŸ™Œ,8
:sokudo6@.:,8
:otuuwa_simasen_koto@.:,8
ğŸ‘¨â€ğŸ«,8
:umasou@misskey.io:,8
:papadetyuyo@.:,8
:ohayoo@misskey.art:,8
ğŸ‘‘,8
ğŸ¨,8
:jumyounobita@.:,8
:yokai@.:,8
ğŸ‘,8
:wasimoja@.:,8
ğŸŒ¿,8
:blobcat_sentou_with_murakamisan_tutinoko@misskey.io:,8
:space_dice@.:,8
:kawaiii@misskey.io:,8
:dice4@.:,8
:chikara_maso@.:,8
ğŸ®,8
:futarisousa@.:,8
:ohayou_wide@maniakey.com:,8
ğŸ¥,7
ğŸ¥¤,7
:blobattension@misskey.yukineko.me:,7
:nova@.:,7
:rurubukaou@.:,7
ğŸ¦’,7
ğŸ›,7
ğŸ¦,7
:aki@.:,7
:metto@.:,7
:kitune_itome@.:,7
ğŸš°,7
:yy@.:,7
ğŸ”­,7
:emoi@.:,7
ğŸ’¨,7
ğŸ‘,7
:kakuho@.:,7
ğŸ¥„,7
:sankasitai@.:,7
ğŸ¥,7
ğŸ§‹,7
ğŸ’š,7
:hide_content@.:,7
:kaisyakuicchi@.:,7
:long_morizio_middle@.:,7
ğŸ•”,7
:sanchi_pinchi@.:,7
:taikin@.:,7
ğŸ³,7
:yowai@.:,7
â¬›,7
:sasuhira@.:,7
:bunhdcomfyhappy@.:,7
:wth@.:,7
ğŸ¥Ÿ,7
:ablobcall@misskey.gamelore.fun:,7
ğŸ²,7
:oyakudachi@.:,7
ğŸŒ½,7
:ikitai2@.:,7
:ameownodfast@misskey.io:,7
:moon_beast@.:,7
:atama_abokyu@.:,7
:asamisannenneshiyo@.:,7
:kotirakoso@.:,7
:ponpon@.:,7
:dagasoregaii@.:,7
:azamasu@.:,7
ğŸª,7
:mugen_loop_kowai@.:,7
:dice1@.:,7
:bunhd@.:,7
:itome@.:,7
:ablobcatpnd_stomachache@.:,7
:sasuga@.:,7
ğŸ§¨,7
:kinosei@.:,7
:wsu@.:,7
:unmei@.:,7
:sonosetuhaarigatou@.:,7
:ohuro_erai@.:,7
:nobunaga@.:,6
:kaihou@.:,6
:meow_noddies@misskey.yukineko.me:,6
:Shiropuyo_jururi@misskey.art:,6
:ohayo_whisky__i@misskey.io:,6
ğŸ‡,6
:bunhdcomfy@.:,6
ğŸ•˜,6
ğŸ,6
:blobreachreverse@.:,6
ğŸ¦Ÿ,6
ğŸ«˜,6
:hokkori@.:,6
ğŸŒ±,6
:yotimu_hai@misskey.io:,6
:scenario_pl_1on1@.:,6
ğŸ¦,6
:rtarun@.:,6
:oyasumi@misskey.io:,6
:sumi@.:,6
âœŠ,6
:ouen_sitemasu@misskey.io:,6
:igyo@misskey.yukineko.me:,6
ğŸ‘¼,6
:nayamu@.:,6
:odaijini@misskey.io:,6
ğŸŒ¾,6
:otukaresama@misskey.io:,6
ğŸˆ,6
:makoto@.:,6
:ablobcall@misskey.io:,6
ğŸ¿,6
ğŸˆ,6
:nihongomuzukashii@.:,6
:dekitayo@.:,6
:igyo2@misskey.io:,6
:wsa@.:,6
:yu@.:,6
ğŸ¤š,6
:zen_maso@.:,6
ğŸ„,6
:okusurinometane@.:,6
:kanjo_shusei@.:,6
:mog@misskey.io:,6
ğŸ¥¦,6
:iinoyo@.:,6
:botokuteki@.:,6
:letter_pack_de@.:,6
:fanbler@.:,6
:shiawase@.:,6
5âƒ£,6
âš«,6
:resonyance@misskey.io:,6
ğŸ¦•,6
:mushichan@.:,6
ğŸ‡¯ğŸ‡µ,6
:hashagisugi@.:,6
:gmsuruyo@.:,6
ğŸª“,6
:5000t_0@.:,6
:5000t_5@.:,6
:5000t_yen@.:,6
ğŸ¹,5
ğŸšª,5
ğŸ¥œ,5
:d4@.:,5
:okaeri@misskey.io:,5
:resonyance@misskey.art:,5
:dodontof@.:,5
ğŸŒº,5
ğŸ’‹,5
:blob_bye@misskey.art:,5
ğŸš—,5
ğŸ’°,5
ğŸ« ,5
:shuyaku@.:,5
:bunhdprelurkcroutons@.:,5
ğŸ“¿,5
:praybyletter@.:,5
â–¶,5
ğŸš”,5
:osiraseyonde@.:,5
:suki_heart@misskey.io:,5
7âƒ£,5
:youseino_akiko@misskey.io:,5
:ablobcatfloofpat@misskey.art:,5
:blobtoofast@misskey.art:,5
ğŸ,5
ğŸ¤«,5
:meow_can@.:,5
ğŸ¦ª,5
ğŸ’¸,5
ğŸ¶,5
:saikou@misskey.io:,5
ğŸ¦Š,5
ğŸ§…,5
ğŸ§€,5
:kyouki@.:,5
:tanukityan@.:,5
ğŸŸ¥,5
:oreuke@.:,5
:tomochoco@.:,5
ğŸ¤–,5
:mazete@.:,5
:wh@.:,5
:ttekoto_@.:,5
ğŸ‘’,5
:Sagyo_shiyou@.:,5
ğŸ§,5
:Catch_Up@.:,5
:meow_trash@.:,5
ğŸ‘µ,5
:ikemenno_okite@.:,5
:takuttekimasu@.:,5
:kyoshiki@.:,5
:osagyou_desuwa@.:,5
:makaseroti@.:,5
:kakunin@.:,5
ğŸ””,5
:s03@.:,5
:kutulu@.:,5
ğŸ•›,5
â›©,5
ğŸ,5
:int_18@.:,5
:rurubuyomou@.:,5
ğŸ–,5
:orenoosi@.:,5
:shikakatan@.:,5
:heitengaragara@.:,5
:meowsleeping@misskey.io:,5
âš½,5
ğŸ¥–,5
:oyoo@misskey.io:,5
:dice2@.:,5
:ablobcat_smapho_wakaran@.:,5
:shirankedo@.:,5
:genkin@.:,5
:kemono_maso@.:,5
:blobcat_ono@.:,5
:souiebasou@.:,5
:zenbusukidesu@.:,5
ğŸ‘ˆ,5
:con_18@.:,5
ğŸ”´,5
:nanmo@.:,5
:criticaler@.:,5
:itterassyai@misskey.io:,5
:tadaima@.:,5
:gmdekimasu@.:,5
:zannen@.:,5
:mamoble@.:,5
:yasume@.:,5
:go_reaction@.:,5
ğŸ±,5
:ouchi_kaeru@.:,5
ğŸ¦,5
ğŸ²,5
:yokuneteerai@.:,5
:donmai@.:,5
:hny@.:,5
:syunnminn@.:,5
ğŸ²,4
ğŸ€,4
:omamori@.:,4
ğŸ˜„,4
:iine@misskey.io:,4
:unmeikainyuu@.:,4
:toiumonoga@.:,4
ğŸ‚,4
ğŸª¦,4
:tikutakuman@.:,4
:ohayougozaimasu@sushi.ski:,4
ãŠ—,4
:supertada@misskey.art:,4
ğŸ¥‘,4
:kowaihanashi@misskey.io:,4
:pikabu@.:,4
:kanasiihanasi@misskey.io:,4
:taikin_ou_taiking@misskey.io:,4
:furorida@.:,4
ğŸ§„,4
:igyo_of_igyo@misskey.io:,4
ğŸ¤´,4
ğŸ§ ,4
ğŸ‘”,4
ğŸ›,4
:okaerinasaimase@misskey.io:,4
ğŸ›¸,4
ğŸš¿,4
ğŸ§‚,4
:hihou@.:,4
:iizo@misskey.yukineko.me:,4
:megami@.:,4
:mimasita@.:,4
ğŸŒ´,4
ğŸ™‚,4
:kuun@.:,4
ğŸ¥˜,4
:bunhdangry@.:,4
ğŸ,4
ğŸ§‡,4
ğŸŒƒ,4
ğŸ«¡,4
:sonnakihasiteta@.:,4
ğŸ§¡,4
:SW2_5@.:,4
ğŸŸ ,4
:huri_huri@.:,4
:r18g@.:,4
0âƒ£,4
:ittare@misskey.io:,4
:ablobcatheadbangfastultra@misskey.io:,4
:hodohodo@.:,4
:you_are_the_MVP@.:,4
:kanpeki@.:,4
ğŸ˜·,4
:haji@.:,4
:s04@.:,4
ğŸ‘´,4
:kawaiifes@misskey.io:,4
ğŸ§Ÿâ€â™‚ï¸,4
:flagkaishu@.:,4
ğŸ©·,4
:ablobcall@nijimiss.moe:,4
:zariwaiwai@misskey.gamelore.fun:,4
ğŸ¸,4
ğŸ´â€â˜ ï¸,4
:gm_soudan@.:,4
:ablobcat_no_dakko@misskey.yukineko.me:,4
:DD@.:,4
:ohayoh@nijimiss.moe:,4
ğŸ¤¡,4
ğŸ,4
:scenariokonekone@.:,4
ğŸº,4
:odice@.:,4
:ponponpain@.:,4
ğŸš‘,4
:parrot_sorena@misskey.io:,4
ğŸ‡·ğŸ‡º,4
ğŸ…,4
ğŸ¤,4
:bed_oide@misskey.io:,4
:neru@.:,4
âœ‹,4
:naisyodayo@.:,4
:zenbu_moratta@misskey.io:,4
:new@.:,4
:mayonnaise@.:,4
ğŸ€,4
:killdeath@.:,4
:shime@.:,4
:ai_yay@misskey.io:,4
:ho2@.:,4
:ablobcat_pc_wakaran@.:,4
ğŸ˜Š,4
:blobcat_frustration@misskey.io:,4
:storyteller@.:,4
ğŸ­,4
:kusa@misskey.io:,4
:akeome@.:,4
:bunhdsad@.:,4
:meow_hungry@misskey.io:,4
:blob_super_nod@misskey.io:,4
:darkdaysdrive@.:,4
ğŸ«–,4
:ohiru_gohan@.:,4
:wdsy@.:,4
ğŸ’³,4
ğŸ¾,4
âœ¨,4
ğŸŒ,4
ğŸª¨,4
:1f00_zariko_hatena@misskey.gamelore.fun:,4
:do_not_mix@.:,4
ğŸ§ˆ,4
:blobcatnoplease@misskey.io:,4
:naninani@.:,4
:kafunnnosei@.:,4
ğŸ“š,4
:moshiyokereba@.:,4
:yarakashita_asami@.:,4
ğŸ’®,4
âœ,4
ğŸ¦”,4
:sexy@.:,4
:5000t_cho@.:,4
:ablobaww@misskey.resonite.love:,4
âœˆ,4
:kurorekisi@.:,3
:wakkaruu__i@misskey.io:,3
:Shiropuyo_goukyuu@misskey.art:,3
ğŸŒ¼,3
:Battingu@.:,3
:kooni@.:,3
:long_morizio_bottom@.:,3
:ccfolia@.:,3
:cardranker@.:,3
ğŸ‚,3
â›³,3
:odaizini@misskey.io:,3
:skynauts@.:,3
ğŸ ,3
ğŸ,3
:meijitsutomonitaikin@misskey.io:,3
3âƒ£,3
:ohayou@misskey.yukineko.me:,3
:unmeihenten@.:,3
:yattare@misskey.io:,3
:na_nanndattee@misskey.art:,3
:eraiwayo@misskey.io:,3
:saikou@misskey.yukineko.me:,3
:kawaii@misskey.io:,3
:tsuyoi@misskey.io:,3
:douwaku@.:,3
:murishinaide@misskey.io:,3
:Shiropuyo_otukare@misskey.art:,3
:taku@.:,3
ğŸ•´,3
:hayasugite_mienai@misskey.io:,3
ğŸ·,3
1âƒ£,3
:blob_hyper_nod@misskey.art:,3
ğŸ«‘,3
ğŸ,3
ğŸ§¯,3
ğŸª¥,3
ğŸ¤‘,3
ğŸ•,3
ğŸ§§,3
:sugoi@misskey.io:,3
ğŸ‘‰,3
:bunhdowo@.:,3
:big_respect@.:,3
:sinnya@.:,3
ğŸŒ‚,3
:is_all_scam@misskey.io:,3
:hitonokoyo@.:,3
:saikou_sugiru@misskey.io:,3
ğŸš…,3
:suteki2@misskey.io:,3
:itumo_arigatou@misskey.io:,3
:daijinajoho@nijimiss.moe:,3
ğŸ¢,3
:yosano_party@misskey.io:,3
ğŸ•¦,3
:ara_suteki@sushi.ski:,3
ğŸ¦¦,3
:wink_shite@.:,3
:petthex_blobcatmeltcry@misskey.io:,3
:aka_to_kuro@.:,3
:earworm@.:,3
ğŸ’›,3
ğŸ’§,3
:renote@.:,3
:night_gaunt@.:,3
ğŸŒ­,3
ğŸ©¶,3
:tanzaku@.:,3
:wakaru@misskey.yukineko.me:,3
ğŸŒ,3
:sok@.:,3
:tamamushi@.:,3
:s09@.:,3
:jijin@.:,3
:tensaigunshi@.:,3
ğŸ¦›,3
ğŸš€,3
:sounanda@misskey.io:,3
:nc@.:,3
:Sagyo_suru@.:,3
ğŸ§†,3
:_brtazlf9_@.:,3
:oshi@.:,3
âšª,3
â™¦,3
:iinaa2@misskey.io:,3
:imanandemosurutte@.:,3
:tumirurubu@.:,3
:otukare@misskey.io:,3
8âƒ£,3
:yorokobi@.:,3
9âƒ£,3
:passed@.:,3
ğŸ›³,3
:blob_hyper_nod@misskey.io:,3
:excellent_loli@.:,3
:nittei@.:,3
:nyuuyoku_ha_igyou@misskey.io:,3
:iizo_korosiae@.:,3
:kitai@.:,3
:hay_hosikusa@.:,3
:okure_ha@.:,3
ğŸ˜”,3
ğŸ“¦,3
ğŸ¥¢,3
:wakaru@dicekey.jp:,3
:autokamo@.:,3
:okaeriiii__iiii@misskey.io:,3
:meowbath@misskey.io:,3
:taisan@.:,3
:neru1@.:,3
ğŸª˜,3
:ttewake@.:,3
:hixextu__ooo@misskey.io:,3
ğŸŸ¦,3
:megawara@.:,3
:ohayo@sushi.ski:,3
ğŸ«“,3
:wakaru@sushi.ski:,3
:ikitai@misskey.io:,3
:568a_zarimo@misskey.gamelore.fun:,3
ğŸˆ,3
:yosano_akiko_is_always_watching_you@misskey.io:,3
:pinkheart@.:,3
:modore@.:,3
â™£,3
:toutoi@.:,3
:orehayowai@.:,3
:bosyuteishi@.:,3
:meow_zippermouth@.:,3
:taisetu@misskey.io:,3
â¤ï¸â€ğŸ”¥,3
:dice3@.:,3
:unsungduet@.:,3
:insanekun@.:,3
:ohayoo@fedibird.com:,3
:henten7@.:,3
:tokeruai@.:,3
:emo@.:,3
ğŸ•³,3
ğŸ“¡,3
:coc_7@.:,3
:nuekagami@.:,3
ğŸšŒ,3
:satasupe@.:,3
â›“,3
:suzunde@.:,3
:25b1_ohayougozaimasu_gif@misskey.gamelore.fun:,3
ğŸ’…,3
:seyaroka@.:,3
:wmo@.:,3
:reshio@.:,3
:ablobzari_pat@misskey.gamelore.fun:,3
:uke@.:,3
:enbuntotte@.:,3
:tyuei_@.:,3
:konton@.:,3
:tugidatugi@.:,3
:wakaru@fedibird.com:,3
:yami_maso@.:,3
:yokerebane@.:,3
:blobcataww@misskey.io:,3
:yume_maso@.:,3
:session_voice@.:,3
:aisu3@.:,3
:baked_mochocho_cream@misskey.yukineko.me:,3
ğŸŒ°,3
ğŸ”ª,3
ğŸš‚,2
:blob_super_nod@sushi.ski:,2
:soukamo@misskey.io:,2
4âƒ£,2
:iizo@misskey.io:,2
:starrydolls@.:,2
ğŸ©¸,2
â¿,2
ğŸ®,2
:naniyori@.:,2
ğŸ“½,2
â˜¸,2
ğŸ˜¡,2
ğŸ¤¢,2
ğŸ™ˆ,2
:spinningparrot@nijimiss.moe:,2
:watasi_nimo_wakaran@misskey.io:,2
ğŸ¦´,2
:petthex_inu@misskey.io:,2
:iinexe@misskey.io:,2
:seyana@misskey.io:,2
:eenyade@misskey.io:,2
:ai_nomming@misskey.io:,2
:long_morizio_top@.:,2
:kanashii@misskey.io:,2
:iiyone@misskey.io:,2
:erait@sushi.ski:,2
:iihanashi@misskey.io:,2
:ablobgoodnightreverse@misskey.art:,2
:muzukashiihanashi@misskey.io:,2
ğŸ‡ºğŸ‡¸,2
:stat_sake@misskey.io:,2
:BL@.:,2
:naruhodo@misskey.io:,2
:hidoihanashi@misskey.io:,2
:bouryoku@misskey.io:,2
:kusa_wwwwww@misskey.io:,2
:aruarutankentai@misskey.io:,2
:atsumori@misskey.io:,2
:honmasore@social.onlinesession.app:,2
:tiken@misskey.io:,2
ğŸ”Œ,2
ğŸ¦‰,2
ğŸ”¢,2
ğŸšº,2
ğŸ¦¿,2
ğŸ’€,2
:kawaii2@misskey.io:,2
ğŸ¾,2
ğŸ±,2
:kyou_kohun_tonderu__q@misskey.io:,2
â—,2
:syuryonooshirase@.:,2
:4444_iizo@misskey.gamelore.fun:,2
:iiyo@misskey.io:,2
:watakushidattesoudesuwa@misskey.io:,2
:blobcatheartbongo@sushi.ski:,2
:nice_pants@misskey.io:,2
:guwaa_meshi_terro_ja@misskey.io:,2
:haraheri@.:,2
:ablob_spinfast@misskey.art:,2
:ablobgoodnightreverse@misskey.io:,2
ğŸ‘ƒ,2
ğŸˆ,2
ğŸ¤,2
:vr@.:,2
â¹,2
:petthex_biological_server@misskey.io:,2
ğŸ¥,2
ğŸ¦,2
ğŸ¥¸,2
â›ª,2
ğŸ‡®ğŸ‡³,2
:meowhuggies_murakamisan_tutinoko2@misskey.io:,2
ğŸ˜‹,2
ğŸ§»,2
ğŸ‘ ,2
âš°,2
:blobooohai@misskey.io:,2
ğŸ¥,2
ğŸª,2
ğŸ«²,2
:sore@sushi.ski:,2
âœ,2
â­•,2
ğŸ˜‰,2
:otouto@.:,2
:meikyuiri@.:,2
:meijyosigatai@.:,2
:yosano_akiko_de_gozaimasu@misskey.io:,2
:beef_or_chiken@.:,2
:good_night__ooo@misskey.io:,2
:kitunetyan@.:,2
ğŸ¦‡,2
ğŸ‘š,2
:moutasukaranaizo@misskey.io:,2
:vjtakagi_surprised@misskey.io:,2
:satumaimo@misskey.io:,2
:murakamisan_dragon_letter@misskey.io:,2
:erait@misskey.io:,2
ğŸ––,2
:tensai_ng@.:,2
ğŸ“¥,2
:sanzi_han__ii@misskey.io:,2
:ohayoo@misskey.yukineko.me:,2
:murakamisan_hai@misskey.io:,2
:soreijouwa_ikenai@misskey.io:,2
:blobcatdroolreach@calc.rettuce.page:,2
:hyakuriaru@dicekey.jp:,2
ğŸ§œâ€â™€ï¸,2
:ablobcat_want@misskey.gamelore.fun:,2
:hai@fedibird.com:,2
:petthex@misskey.io:,2
:kuttare@misskey.io:,2
:bloodpath@.:,2
ğŸ¥¥,2
:blobcatthinking@misskey.io:,2
:iinexe@misskey.yukineko.me:,2
:mutinoti@.:,2
:densetu@.:,2
:shantak@.:,2
:sagyoutuuwa@.:,2
:ii_hige@.:,2
:byakgee@.:,2
:toku_ni_anata@misskey.io:,2
:smeeeeeeeeeshi_ooabaretantoudaijin@misskey.gamelore.fun:,2
:okaerii__i@misskey.io:,2
ğŸ ,2
ğŸ–,2
:meow_heart_bongo@misskey.yukineko.me:,2
:kedaope@.:,2
:wasurete@.:,2
:s05@.:,2
:blobcatrainbow@misskey.io:,2
:igyo_no_kesin@misskey.io:,2
:attouteki_kansha@misskey.io:,2
:4d6b_kininaru2@misskey.gamelore.fun:,2
:6a64_natsukashii@misskey.gamelore.fun:,2
ğŸ¤,2
:murakamisan_tutinoko_otu@misskey.io:,2
:oki_wo_tukete@misskey.io:,2
:trick@.:,2
:4f8b_kuruu@misskey.gamelore.fun:,2
ğŸ§²,2
ğŸ’©,2
ğŸ³,2
ğŸ«’,2
ğŸ°,2
:yattane@misskey.io:,2
:8f4b_zari_sugoku_wakaru@misskey.gamelore.fun:,2
:myou_dana@misskey.io:,2
:ohuton_haide_agemasyou_ne@misskey.io:,2
:ougonritsu@.:,2
ğŸ–¤,2
ğŸªˆ,2
:yorunoasiato@.:,2
:arigatofes@misskey.io:,2
:orenobunha@sushi.ski:,2
ğŸ¹,2
:kyusai@.:,2
:blobcatheartbongo@nijimiss.moe:,2
â•,2
:ara_heart@sushi.ski:,2
:kawaiine@misskey.io:,2
:iineiine@dicekey.jp:,2
ğŸ³ï¸â€ğŸŒˆ,2
:okitaku@.:,2
:kawaiine@misskey.yukineko.me:,2
:souhanaranyaro@misskey.io:,2
ğŸŒ•,2
:8f4b_wakaru@misskey.gamelore.fun:,2
:ii_zyan@misskey.io:,2
ğŸŒ¯,2
:ittekimasu@.:,2
:piee@.:,2
:ii@sushi.ski:,2
:menkoi@misskey.io:,2
:hakuryoku_suki@.:,2
:suki@misskey.yukineko.me:,2
:hyperhand_from_down_under@sushi.ski:,2
ğŸ…,2
:1tarita@.:,2
:hokuro@.:,2
:atarasii_siten@.:,2
:rikaisita@.:,2
ğŸ¥²,2
:toguchi_sainou@.:,2
:natsukashii@misskey.io:,2
:fastparrot@misskey.yukineko.me:,2
:ii_yume_miroyoxo__i@misskey.io:,2
:nemui@.:,2
ğŸ§›â€â™‚ï¸,2
ğŸ‘›,2
:ablobcat9mp_hai@misskey.yukineko.me:,2
:ohayougozaimasu_wide@maniakey.com:,2
ğŸŒ¬,2
ğŸª¼,2
ğŸ§Œ,2
:omotyaageyoune@.:,2
ğŸš¬,2
:chohatsudanshi@.:,2
:goziai_kudasaimasi@misskey.io:,2
ğŸ’´,2
ğŸ°,2
:wakarimi@fedibird.com:,2
:dice5@.:,2
:shinkisankaku@.:,2
:sien@.:,2
ğŸ”°,2
:iinee__i@misskey.io:,2
:atode_yomu@.:,2
ğŸ§’,2
ğŸŒ§,2
:ablobcat_hai@misskey.gamelore.fun:,2
:ablobsmilehappy@misskey.io:,2
ğŸ‘®â€â™€ï¸,2
:blobhai@misskey.io:,2
:uwa_xtu@misskey.io:,2
:kitaku@.:,2
:otukareisama@misskey.io:,2
ğŸ’µ,2
:4289_ara_simple@misskey.gamelore.fun:,2
â›½,2
ğŸ‘º,2
:demonspike@.:,2
ğŸ€,2
:omedetou@misskey.io:,2
ğŸ’‰,2
:kawaii_xtu__i@misskey.io:,2
ğŸ«¶,2
:edu_21@.:,2
:ablobcatheadbang@dicekey.jp:,2
:ara_suteki@misskey.io:,2
ğŸš,2
:dracurouge@.:,2
:soudasouda@misskey.io:,2
ğŸ§¸,2
ğŸ¥£,2
:wwe@.:,2
:wasshoi@misskey.yukineko.me:,2
ğŸŒ›,2
ğŸ—¾,2
:wakarimi@misskey.io:,2
:blobcat_pacifier@misskey.io:,2
:udekajiru@.:,2
ğŸ˜˜,2
:ablobcatpnd_shijutsu@misskey.gamelore.fun:,2
:5000t_wakaru@misskey.io:,2
:deep_arigatou_hukakukansya@misskey.io:,2
:sheep_love@misskey.io:,2
:shiropuyo_otukare@misskey.gamelore.fun:,2
:mawashitai2@.:,2
:nazo@.:,2
:petthex_meowsurprised@misskey.io:,2
:blobdrool@misskey.design:,2
:wakatta@misskey.io:,2
:arisou@.:,2
:blob_ofuton@misskey.design:,2
:5966_sutekida@misskey.gamelore.fun:,2
:hamuhaa__i@misskey.io:,2
:5544_saikou@misskey.gamelore.fun:,2
:ohhaa@misskey.io:,2
:kusa2@misskey.io:,2
:goziai@misskey.io:,2
:ho1@.:,2
:uta_maso@.:,2
:babu@.:,2
ğŸ¥®,2
:sukisou@.:,2
:5954_sugoi@misskey.gamelore.fun:,2
ğŸ˜,2
â“‚,2
:neverlatenighters@.:,2
:ablobcatpnd_yummy_znsn@misskey.gamelore.fun:,2
:meow_sushi@misskey.io:,2
:smeeeeeeeeeshi_yukkuriyo@misskey.gamelore.fun:,2
:blobcatcomfy@misskey.io:,2
:koibanadesuka@.:,2
ğŸ§‘â€ğŸŒ¾,2
:odayaka@.:,2
ğŸ¥°,2
:kitakushitai_kyokai@.:,2
:iyada@.:,2
:meow_ghostreach@misskey.io:,2
:yokereba_yokereba@.:,2
:atati@.:,2
:luck@.:,2
:kattayo@.:,2
:shinso_phase@.:,2
:takushitai_kyokai@.:,2
ğŸ±,2
:meowbongopat@misskey.io:,2
âœ,2
ğŸ¤,2
:kurushi@.:,2
:daisukifes@misskey.io:,2
:has@.:,2
:blobcatuwu@misskey.io:,2
:hukenkou@.:,2
ğŸ¿,2
:doeraijin@sushi.ski:,2
:okawari_kudasai@.:,2
:meijitsu_tomoni_taikin@.:,2
ğŸ‘‚,2
:5000t_shi@.:,2
ğŸŸ,2
:5000t_1@.:,2
:reibou@.:,2
:levelup@.:,2
:owakari_sengen@.:,2
:usapoyo_dance_gaming@misskey.io:,2
:daikanshasai@.:,2
ğŸªŸ,2
âš—,2
:sugee@misskey.cf:,1
:gokigenyou@nijimiss.moe:,1
:gyu@nijimiss.moe:,1
:yattare@nijimiss.moe:,1
:donmai@misskey.io:,1
:kankorerpg@.:,1
:saikyou@misskey.io:,1
ğŸ™„,1
ğŸ¤,1
:a@misskey.io:,1
:iine@misskey.art:,1
:kawaii@misskey.design:,1
:blobcattea@misskey.io:,1
:sokudo1@.:,1
:suteki@misskey.yukineko.me:,1
:keikai@misskey.io:,1
:inu@misskey.design:,1
:watakushidattesoudesuwa@misskey.design:,1
âš™,1
:yattaze2@misskey.io:,1
:chou@.:,1
:mareniyokuaru@misskey.io:,1
:blobcatrainbow@nijimiss.moe:,1
ğŸŒ‹,1
:gojiaishite@misskey.art:,1
:ablobcatnod@nijimiss.moe:,1
:arigatofes@misskey.yukineko.me:,1
:subarac@misskey.io:,1
:soudasouda@misskey.art:,1
:omae_wo_miteiru@misskey.io:,1
:soudesu@misskey.io:,1
ğŸ•‘,1
:shou_@misskey.art:,1
ğŸŒ€,1
:suimin_ha_igyo@misskey.io:,1
:5d46_soukamo@misskey.gamelore.fun:,1
ğŸ¥½,1
:kakkoii@sushi.ski:,1
:kaisen@misskey.io:,1
ğŸ—“,1
:meowpensivepray@misskey.io:,1
ğŸœ,1
ğŸ›’,1
ğŸ›,1
:iine@misskey.neos.love:,1
ğŸ•™,1
:monomyu@.:,1
:usoda@misskey.art:,1
:happy_uochan@misskey.art:,1
â˜˜,1
ğŸ¦©,1
:watakushidattesoudesuwa@misskey.art:,1
:oishii@misskey.design:,1
:hurueru@.:,1
:kiraijanaiwa@nijimiss.moe:,1
:5000t_death@misskey.io:,1
:kawaii_xtu__i@misskey.yukineko.me:,1
ğŸ§šâ€â™€ï¸,1
:horoboshimashou@misskey.art:,1
:galtu@misskey.io:,1
ğŸ…¿,1
:Shiropuyo_shrimp@misskey.art:,1
:pakupakudesuwa@nijimiss.moe:,1
ğŸ¦“,1
:suki_mega@misskey.art:,1
:saikou@misskey.art:,1
ğŸ‡®ğŸ‡¹,1
ğŸ‘†,1
:simattyaou_nee@misskey.io:,1
:seiheki@misskey.io:,1
:oremoonajikimochi@misskey.io:,1
:Shiropuyo_mattari@calc.bal.ovh:,1
:hai@misskey.yukineko.me:,1
:aisuice@misskey.art:,1
ğŸ¦ ,1
:igyo_no_tatuzin@misskey.io:,1
:youkoso_donmai@misskey.io:,1
:sanzyuurokkei_nigeru_ni_sikazu@misskey.io:,1
:blobcozynap@misskey.io:,1
:soudayo@misskey.io:,1
:tensai@misskey.io:,1
:ogoride_yakiniku@misskey.io:,1
:ablobcatcryingcute@misskey.io:,1
:Shiropuyo_galaxy@misskey.art:,1
:do_sukebe@misskey.art:,1
:yadamo@misskey.art:,1
:misskeytime@misskey.art:,1
:iizo_@az.calmo.blue:,1
:kue@misskey.io:,1
ğŸ•,1
ğŸ¦¥,1
:blobkotatsu@misskey.yukineko.me:,1
:kidoku_mitsuuka@.:,1
:blobcat_mudamudamuda@misskey.io:,1
:t_tsuratan@misskey.io:,1
:4444_iizo_o@misskey.gamelore.fun:,1
:mazuiwayo@misskey.io:,1
:tiken@misskey.art:,1
:hinna_hinna@misskey.io:,1
ğŸ”½,1
ğŸ§,1
ğŸ‰‘,1
ğŸ”¨,1
:Shiropuyo_kawaii@misskey.art:,1
ğŸ•‰,1
:calorie_zero@misskey.art:,1
:sexy@misskey.design:,1
:10man_doru_pon_to_kureta_ze@misskey.io:,1
:urayama@misskey.io:,1
:ningen_ha_oroka@social.onlinesession.app:,1
:Shiropuyo_naruhodo@misskey.art:,1
ğŸ«°,1
:tetsu@misskey.art:,1
:souwayo@misskey.io:,1
:biglove@misskey.art:,1
:otaku_cry@misskey.io:,1
ğŸ‘‹,1
:yoroshikuonegaishimasu@misskey.io:,1
:igyoa@az.calmo.blue:,1
:8167_medetai_news@misskey.gamelore.fun:,1
:arianrhodrpg2erev@.:,1
:he_@misskey.io:,1
:makotoniossharutooridesuwa@misskey.io:,1
:otsukaresamadesu@nijimiss.moe:,1
:petthex_menme@misskey.io:,1
ğŸ‡¹ğŸ‡©,1
:kawaiifes@misskey.yukineko.me:,1
ğŸ,1
:menme_thinking@misskey.io:,1
:nullfloofpat@nijimiss.moe:,1
ğŸš©,1
:meow_wobble@misskey.yukineko.me:,1
:murakamisan_yoshi@misskey.io:,1
:syuukakurega@misskey.yukineko.me:,1
:ultimate_igyo@misskey.io:,1
:ittare@misskey.art:,1
:okaeringi@misskey.art:,1
:kdgrmngrm_wakaru@fedibird.com:,1
:ai@misskey.yukineko.me:,1
:blobcataww@dicekey.jp:,1
:dareda_imano@misskey.io:,1
:murakamisan_sleeping@misskey.io:,1
:ota@misskey.yukineko.me:,1
:ohayou@dicekey.jp:,1
:bump_of_tiken@misskey.io:,1
:atsu@nijimiss.moe:,1
:tanoshisou@misskey.io:,1
:goanzenni@misskey.io:,1
:yuushou@misskey.io:,1
:aruaru@misskey.io:,1
ğŸŒ³,1
:crazy_pudding@misskey.art:,1
:blobcat3c@dicekey.jp:,1
:kusodekabigyo@nijimiss.moe:,1
:pudding_cat@misskey.io:,1
:hoshii@misskey.art:,1
:kiken@nijimiss.moe:,1
:iiwane@nijimiss.moe:,1
ğŸ¶,1
:gotsume_fure@misskey.yukineko.me:,1
:stratoshout@.:,1
:ablobaww@misskey.io:,1
:kaeritai_imasuguhashittekaeritai@nijimiss.moe:,1
:meow_meltheart@misskey.yukineko.me:,1
:internet_roujinkai@misskey.io:,1
:sitteokou@misskey.yukineko.me:,1
:428a_arigatofes@misskey.gamelore.fun:,1
:hontou_ni_sou@misskey.io:,1
:taihenimaokimashita@.:,1
ğŸ“¯,1
:kaogaii@misskey.art:,1
:bottle2@.:,1
:bottle3@.:,1
ğŸ¥¨,1
ğŸ¥,1
ğŸš²,1
:fake@misskey.io:,1
:sabakan@misskey.yukineko.me:,1
â›±,1
:explosion@misskey.io:,1
:wakaruwakaru@nijimiss.moe:,1
:blobfoxfloofpat@nijimiss.moe:,1
:pl@.:,1
:iaia@dicekey.jp:,1
:strategic_retreat@.:,1
:blobooohai@misskey.yukineko.me:,1
ğŸ¤®,1
:pudding_pat@misskey.art:,1
:seme@.:,1
:konokashiwatashinokotoda@nijimiss.moe:,1
ğŸ§œâ€â™‚ï¸,1
:sou_youkoso@misskey.yukineko.me:,1
:kanini_shichaoune@misskey.art:,1
:tiken2@misskey.io:,1
:extu@misskey.io:,1
ğŸ’–,1
:oodaisan@misskey.io:,1
:fes@misskey.io:,1
:nes_fire@fedibird.com:,1
:inochinokiken@misskey.yukineko.me:,1
:honnshituzyouhou@misskey.yukineko.me:,1
ğŸ¥€,1
:naruhodo@fedibird.com:,1
:ablobcatfloofpat@misskey.io:,1
:blobcatdroolreach@misskey.io:,1
:subarashii@misskey.yukineko.me:,1
ğŸƒâ€â™€ï¸,1
:gomamayo@misskey.yukineko.me:,1
ğŸ½,1
:petthex_desyo@misskey.io:,1
:hokkaidou@misskey.io:,1
:tabetai@misskey.io:,1
:gomenne@misskey.io:,1
:_question_mark@misskey.io:,1
:naruhodofes@misskey.io:,1
:yasai_seikatsu@misskey.io:,1
ğŸ’,1
:kowaiwa@misskey.io:,1
:supertada@misskey.io:,1
:foxjump@misskey.io:,1
:hunikideyatteru@misskey.io:,1
:honsore@misskey.io:,1
:bochibochi_ikoune@misskey.io:,1
:blobhai@misskey.art:,1
:hokahoka@misskey.io:,1
ğŸ¤Ÿ,1
:oyasuminasai1@misskey.design:,1
:nyanpuppu@misskey.io:,1
ğŸš’,1
:gm@.:,1
:desuwayo@misskey.io:,1
:omizu_nonde@misskey.io:,1
:hai@misskey.io:,1
ğŸ˜,1
:ho3@.:,1
ğŸ™‡,1
:7b42_hoayo@misskey.gamelore.fun:,1
ğŸŒ®,1
ğŸ—¿,1
ğŸƒ,1
:good_night@nijimiss.moe:,1
:ablobcatnodveryfast@nijimiss.moe:,1
:daijyoubuda_mondainai@misskey.io:,1
:sonnakotonai@misskey.io:,1
:oyasumi@sushi.ski:,1
:gojiai@nijimiss.moe:,1
:tanoshii@misskey.io:,1
:ablobblewobble@misskey.io:,1
6âƒ£,1
:meow_attention@dicekey.jp:,1
ğŸ»,1
:ultrafastparrot@misskey.yukineko.me:,1
:onajiku@misskey.design:,1
:tenkaryoran@.:,1
ğŸ¡,1
:soukamo@sushi.ski:,1
:warota@misskey.io:,1
:vs@misskey.io:,1
:ofuton_kakete_agemasyoune@nijimiss.moe:,1
:goanzenni@misskey.yukineko.me:,1
:otukarefes@misskey.yukineko.me:,1
:blobpudding_kissheart@misskey.io:,1
ğŸ¦¤,1
:Shiropuyo_ohayou@misskey.art:,1
:aruaru@misskey.yukineko.me:,1
:comeon_@misskey.io:,1
:zokusei_morimori@nijimiss.moe:,1
:meow_dj@misskey.yukineko.me:,1
:ikrurabu@misskey.yukineko.me:,1
:super_igyo@nijimiss.moe:,1
:blobcat_frustration@misskey.art:,1
:blob_cat_think@sushi.ski:,1
:soudasouda@sushi.ski:,1
:naruhodo@sushi.ski:,1
:yuetsu@.:,1
:dekai@misskey.io:,1
ğŸ™,1
ğŸŒ,1
:sugoi@misskey.yukineko.me:,1
:meow_party@misskey.yukineko.me:,1
:setsumei@.:,1
:445@misskey.io:,1
:yattare@misskey.yukineko.me:,1
:namu_amida_butu@misskey.io:,1
:sonohassouha_nakatta@misskey.io:,1
ğŸ¦,1
:oobannyaki@misskey.io:,1
ğŸ–Š,1
:shirokuma_wakaru@sushi.ski:,1
ğŸŠâ€â™€ï¸,1
:kore_susi@misskey.io:,1
:shpongle2@misskey.io:,1
:atari@misskey.io:,1
:ehehe@misskey.io:,1
:yotimu_nomming@misskey.io:,1
:doushite@misskey.design:,1
:docchimo@misskey.art:,1
:tiken@sushi.ski:,1
ğŸ§¥,1
ğŸª©,1
:iine@misskey.yukineko.me:,1
â˜,1
:fumble@dicekey.jp:,1
ğŸ,1
:ablobsmilehappy@fedibird.com:,1
ğŸ¥§,1
ğŸ«,1
:kininaru@misskey.io:,1
:germ_totyu_sumanai3@.:,1
:4gatu1niti_aprilfool@misskey.io:,1
:osuyami@misskey.art:,1
:mutya_siyagatte__ooo@misskey.io:,1
:blobzaurusudancer@misskey.yukineko.me:,1
:iiyumemiroyo@sushi.ski:,1
:uwaaltu@misskey.art:,1
ğŸ“±,1
:ablobgoodnight@calc.rettuce.page:,1
ğŸš›,1
:kiwotsukete@misskey.design:,1
:4463_ittare@misskey.gamelore.fun:,1
:ablobcatyawn@novelskey.tarbin.net:,1
ğŸ©±,1
:25b1_ohayougozaimasu@misskey.gamelore.fun:,1
:supertada@misskey.yukineko.me:,1
:kawaii@fedibird.com:,1
:shikamatsu_hate_nya@misskey.yukineko.me:,1
:ohayou_dragonquest@sushi.ski:,1
:yattare@fedibird.com:,1
:kitakuhome@.:,1
:chottomatei@sushi.ski:,1
:ohiruyasumisskey__i@misskey.io:,1
:blobcat_nukumori@misskey.gamelore.fun:,1
:oishisou@sushi.ski:,1
ğŸ«¦,1
ğŸœ,1
:blobcat_sing@misskey.io:,1
:tasikani2@misskey.io:,1
:imouto@.:,1
:blobyosanoakiko_rainbow2@misskey.io:,1
:kawaii3@misskey.io:,1
:menme_tanosi@misskey.io:,1
:forme_suki@.:,1
:ablobcatheartsqueeze@fedibird.com:,1
:ohuton_ni_osikonde_agemasyou_ne@misskey.io:,1
:5000t_ore_mo__i@misskey.io:,1
:saikou_of_saikou@misskey.io:,1
:soo_nansu__i@misskey.io:,1
:ameowhungry@calc.rettuce.page:,1
:gap_suki@.:,1
ğŸ‘£,1
:kyun_heart@misskey.io:,1
:ohakonbantiha@misskey.io:,1
:uchiyoso@.:,1
:meowcoffeespitting@misskey.yukineko.me:,1
:blobcat_ame@misskey.yukineko.me:,1
:utukusii@misskey.io:,1
:4466_itera@misskey.gamelore.fun:,1
:5f6e_tanosindene@misskey.gamelore.fun:,1
:konni_tiha@misskey.io:,1
:genkou@.:,1
:4a46_zariouen@misskey.gamelore.fun:,1
:dot_parrot@misskey.io:,1
:hyper_otsukaresama@nijimiss.moe:,1
:kitune_marume@.:,1
:iinaa3@misskey.io:,1
:cuteblob_hug@misskey.yukineko.me:,1
:goku_goku@misskey.io:,1
:8ffc_zari_waai@misskey.gamelore.fun:,1
:s06@.:,1
:ablobcatpnd_yorisoi_mocho@calc.rettuce.page:,1
:smeeeeeeeeeshi_totemorippada@misskey.gamelore.fun:,1
ğŸ¤¼â€â™€ï¸,1
:aliexpress_mistranslation@misskey.io:,1
:0100_blobcat_rikai@misskey.gamelore.fun:,1
:blobcat_daiou@misskey.gamelore.fun:,1
:tameshitai@.:,1
:ameowblink@calc.rettuce.page:,1
:428b_aruaru@misskey.gamelore.fun:,1
:bc_aww@az.calmo.blue:,1
:tetsugaku@misskey.io:,1
:murakamisan_tutinoko_rolling_reverse@misskey.io:,1
:zari_oyasumi@misskey.gamelore.fun:,1
:sore_flag@misskey.io:,1
:kaisyaku_simosu@misskey.io:,1
:dokozumi_tekamisskey_yatteru@misskey.io:,1
:sikasi_watakusi@misskey.io:,1
:goblin_oimo@misskey.io:,1
:nigerunaxtu_heart@misskey.io:,1
:konton_wo_kiwameru_tl_ni_yosano_akiko_ga__ii@misskey.io:,1
:gouhou_tikubi@misskey.io:,1
:tashikani@misskey.io:,1
:send_money@misskey.io:,1
:dorapuppu@misskey.io:,1
:sokoni_attemo_naidesune@misskey.io:,1
:renzi_de_tinxtu__i@misskey.io:,1
:kyohi@misskey.io:,1
:mousugutasukaruzo@misskey.io:,1
:vjtakagi_lookup@misskey.io:,1
:chotto_chigau@misskey.io:,1
:vjtakagi_sleeping@misskey.io:,1
:sorehauso@misskey.io:,1
:watakushiha_soudeha_arimasenwa@misskey.io:,1
ğŸ’,1
:syuugiin_kaisan@misskey.io:,1
:maka_celery@misskey.io:,1
:ore_omae_suki@misskey.io:,1
:tabetyao@misskey.io:,1
:sorosoro_tasukaranai_zo_heart@misskey.io:,1
:dare__q_dare_nano__q_kowaiyooxtu__ii@misskey.io:,1
:pachinko_pachislot_ha_tekido_ni_tanosimu_asobi_desu@misskey.io:,1
:gabu__ooo@misskey.io:,1
:vjtakagi_angry@misskey.io:,1
:blobyosanoakiko_ota@misskey.io:,1
:petthex_yosano_akiko@misskey.io:,1
:8455_yasashii_sekai@misskey.gamelore.fun:,1
:meow_floof_pat@misskey.yukineko.me:,1
:ablobcat_kurukuru@misskey.yukineko.me:,1
:blobcatawwpat@misskey.io:,1
:scroll_down_to_pause_the_timeline@misskey.io:,1
:genkin_kakitome_de_genkin_okure@misskey.io:,1
:letterpack_de@misskey.io:,1
:blobcatblack@misskey.io:,1
:topclass_shooter_he_okuru_saikou_no_sanzi@misskey.io:,1
:timeline_hayasugi_yabai@misskey.io:,1
:saigou_takamori_is_always_watching_you@misskey.io:,1
:diggy_a@misskey.io:,1
:dostoevsky_is_always_watching_you@misskey.io:,1
:ablobcat_drinkwater@misskey.yukineko.me:,1
ğŸ—,1
:kawayoi@misskey.io:,1
:kowai@misskey.io:,1
:mog@fedibird.com:,1
:t_oishii@fedibird.com:,1
:neru_wayo__i@misskey.io:,1
ğŸ‡¨ğŸ‡«,1
:tte2@.:,1
ğŸŠ,1
:full_combo@misskey.io:,1
:shiropuyo_okaeri@misskey.gamelore.fun:,1
:oremo@misskey.yukineko.me:,1
:tottemo_cute@misskey.io:,1
:yukkuri_yasunde@misskey.io:,1
:808a_murisezunine@misskey.gamelore.fun:,1
:536e_konokasi_zariganino_kotoda_ooo@misskey.gamelore.fun:,1
:abc_nod_fast@az.calmo.blue:,1
:otsukaresamadesu@mk.shrimpia.network:,1
:daga_sore_ga_ii@misskey.io:,1
:re@.:,1
:kure@misskey.io:,1
:kawaiixtu@nijimiss.moe:,1
:nadenade_01@fedibird.com:,1
:8f5f_watashimo_doukou_shiyou@misskey.gamelore.fun:,1
:syokuzi_ha_igyo@misskey.io:,1
ğŸ•’,1
ğŸ•š,1
:sinnya_34zi@misskey.io:,1
:hatena_bikkuri@fedibird.com:,1
:makotonokansha@misskey.io:,1
:yig@.:,1
:yakisobapan@misskey.io:,1
:ohayoo@mfmf.club:,1
:koresuki@mfmf.club:,1
:tabetyae@misskey.io:,1
:otsukaresamadesu_wide@mfmf.club:,1
:meow_rice@misskey.io:,1
ğŸ¥“,1
:zissai_erai@misskey.io:,1
:nanteeraikonano@misskey.backspace.fm:,1
:ikiterudakedeerai@sushi.ski:,1
:ikan_creampuff_bun_ga_busoku_sitekita@misskey.io:,1
ğŸ¦¶,1
:haru@misskey.io:,1
:nasasou@.:,1
:blobcatghostreach@calc.rettuce.page:,1
:meini_dancing@misskey.art:,1
ğŸ—»,1
:blobcatmeataww@misskey.io:,1
:otsukaresamadesu@mfmf.club:,1
:thinking_rotate@misskey.gamelore.fun:,1
:otoku@misskey.io:,1
:petthex_blobcat_frustration@misskey.art:,1
:kusa2@fedibird.com:,1
:neko_sama@misskey.io:,1
:toku_ni_watasi@misskey.io:,1
:hayai_sushi@misskey.design:,1
:mahou_kakete_agemashou_ne@sushi.ski:,1
:7f5f_mitai@misskey.gamelore.fun:,1
:808a_murishinaide@misskey.gamelore.fun:,1
:yattaa@misskey.yukineko.me:,1
:okitatoiukotohamatanemurerutoiukoto@sushi.ski:,1
:hokaima@.:,1
:nantekotta_panna_cotta@misskey.io:,1
:waito_mo_sou_omoimasu1@misskey.io:,1
ğŸ©µ,1
:setunai@.:,1
ğŸ…ğŸ»,1
:5d93_sonna_anataga_sushi@misskey.gamelore.fun:,1
î”Š,1
:moruchan@.:,1
ğŸ®,1
:meow_glowsticks@mi.tsujigoya.net:,1
:5d46_soukanasoukamo@misskey.gamelore.fun:,1
:kawaii4@misskey.io:,1
:444e_igyouzari@misskey.gamelore.fun:,1
:4263_attouteki_kansha@misskey.gamelore.fun:,1
:blobcatpnd_oooo@misskey.gamelore.fun:,1
:nekobounce@misskey.io:,1
:ab1nzybloob2@misskey.io:,1
:ablobbonelightstick@fedibird.com:,1
:otoko@.:,1
:wakarunaa@misskey.yukineko.me:,1
:ablob_carp_kangfubat@misskey.io:,1
:seitai_server@misskey.io:,1
:kawaiine@misskey.design:,1
:doeraijin@misskey.design:,1
:4444_iine_2@misskey.gamelore.fun:,1
:meowhuggies@misskey.yukineko.me:,1
:kingashinnen@.:,1
:sho_10neko@misskey.gamelore.fun:,1
:nfu@nijimiss.moe:,1
:ai_nara_sikatanai@misskey.io:,1
:blobcat_nanikore@misskey.gamelore.fun:,1
:nullcatchan_biglove@misskey.io:,1
:scenario_pl_1@.:,1
:yosiyosi2@misskey.io:,1
:ablobcat_bongopat@misskey.gamelore.fun:,1
:ameownodfast@mfmf.club:,1
:popcorn_tabete@.:,1
:oyasunmi@misskey.design:,1
:warai_tomannnexeyo@misskey.io:,1
ğŸ,1
:ablobcat_nyanpuppu_to_be_continued@misskey.io:,1
:kuruosii_hodo_suki@misskey.io:,1
:chouzetsu_kyuukyoku_saikoukenryoku@sushi.ski:,1
:4a6f_ohazari@misskey.gamelore.fun:,1
:zari_dance3@misskey.gamelore.fun:,1
:sore_of_sore@misskey.io:,1
:5785_syuki@misskey.gamelore.fun:,1
:iizo@nijimiss.moe:,1
:4463_ippaicyuki@misskey.gamelore.fun:,1
:7248_hie@misskey.gamelore.fun:,1
:3pakugan@.:,1
:nade@misskey.io:,1
:gijuturyokuno_katamari@.:,1
:a@nijimiss.moe:,1
ğŸª™,1
:oremo@fedibird.com:,1
:blob_uni@misskey.design:,1
:aru@misskey.design:,1
ğŸ•¶,1
:ofuton_kakete_agemasyone@misskey.design:,1
:naruhodo2@misskey.io:,1
:igyo_maturi@misskey.design:,1
ğŸ¥«,1
:ablobaww@misskey.gamelore.fun:,1
:honmaya@sushi.ski:,1
:yatta_kotoaru@.:,1
:ablobthinkingzerogravity@misskey.gamelore.fun:,1
:5785_syukkin@misskey.gamelore.fun:,1
:blobkingyo_meltcry@misskey.gamelore.fun:,1
ğŸª¡,1
:blobcat_rat@misskey.gamelore.fun:,1
:taisen_yorosiku_onegaisimasu@misskey.io:,1
:battery_death_soon@misskey.gamelore.fun:,1
:otsukarefes@fedibird.com:,1
:4a68_otoku@misskey.gamelore.fun:,1
:hitokuti_moratta@misskey.io:,1
ğŸ¦»,1
ğŸ‡·ğŸ‡¸,1
ğŸª®,1
:mitoreta@.:,1
:taikinmaturi2@.:,1
:aisu2@.:,1
:shirokuma_arigatou@sushi.ski:,1
:ablobcathyper@sushi.ski:,1
ğŸ¸,1
ğŸ•â€ğŸ¦º,1
ğŸ•“,1
:kakitai@.:,1
:ohayougozaimasu@mfmf.club:,1
:zarigani_petpet@misskey.gamelore.fun:,1
:ablobcatoonakinade@novelskey.tarbin.net:,1
:dogoon@.:,1
:kusa@misskey.art:,1
:arigatougozaimasu@misskey.io:,1
:blob_super_nod@misskey.gamelore.fun:,1
:kakkoii2@misskey.io:,1
:numa@.:,1
:igyo_gaming@nijimiss.moe:,1
:blobcat_ok_sign@misskey.io:,1
:good_morning__i@misskey.io:,1
:wfr@.:,1
:blobcat_fu_dodge@misskey.yukineko.me:,1
:ablobcat_wakaran@misskey.yukineko.me:,1
:ultra_igyo@misskey.io:,1
:oisisou@misskey.io:,1
:shitai@.:,1
:uwa_xtu@misskey.yukineko.me:,1
:ho4@.:,1
ğŸ’„,1
:blobcatdrool@fedibird.com:,1
:ablobhungry@misskey.io:,1
:ablobcat_bongo@misskey.gamelore.fun:,1
:suteki@misskey.io:,1
:turete_iki_nasai@misskey.io:,1
:blobcat_mogu@misskey.gamelore.fun:,1
:sacabambaspis_fullbody@nijimiss.moe:,1
:twinsparrot@misskey.yukineko.me:,1
ğŸ¥‰,1
:blobcateat@dicekey.jp:,1
:suteki@nijimiss.moe:,1
:aa@nijimiss.moe:,1
:blobzarigani_resonance@misskey.gamelore.fun:,1
â›´,1
:oreigai@sushi.ski:,1
:wakarase@misskey.io:,1
:karyoku_takame@misskey.io:,1
:ara_kawaii@misskey.io:,1
ğŸªƒ,1
:shuriken@.:,1
:Madamisu@.:,1
:kokumin_eiyosho@mk.shrimpia.network:,1
ğŸ‡¨ğŸ‡³,1
:ou_@sushi.ski:,1
ğŸ›¡,1
:kore_aikatsu_ka@misskey.io:,1
ğŸ³,1
:oha_@9ineverse.com:,1
:yotabana@.:,1
:Shiropuyo_wakaru@misskey.yukineko.me:,1
:kaze_ga_katarikakemasu@misskey.io:,1
ğŸ§šâ€â™‚ï¸,1
ğŸ´,1
ğŸª¬,1
ğŸ¤º,1
:nekochan@misskey.io:,1
ğŸŒ¶,1
:hatomoji_oyasumi@nijimiss.moe:,1
ğŸ†,1
:cthulufu_good@dicekey.jp:,1
ğŸ,1
:kiai_de_nantoka_naru@misskey.io:,1
:netabare_2@.:,1
:wakaru_button@fedibird.com:,1
:5458_goziai@misskey.gamelore.fun:,1
ğŸ™‰,1
:omedetou_02@fedibird.com:,1
ğŸ‘–,1
ğŸ˜º,1
:hassou_suki@.:,1
:4a75_ofuton_kakete_agemashoune@misskey.gamelore.fun:,1
:utakata@.:,1
:ageblobcat@sushi.ski:,1
:meltu@misskey.io:,1
:panthalassa@.:,1
:blobcat_droolreach@misskey.gamelore.fun:,1
:blobcat_sliding@misskey.yukineko.me:,1
:ameownod@misskey.io:,1
ğŸ’†â€â™‚ï¸,1
ğŸš•,1
ğŸš‹,1
ğŸ…±,1
:blobcataww@sushi.ski:,1
:meian_ni_gotu@misskey.io:,1
:honshitsu_jyoho@nijimiss.moe:,1
:sinchaku_jouhou@.:,1
:kani_call@misskey.io:,1
:tunagu@.:,1
:siz_18@.:,1
:4444_zariko_iine@misskey.gamelore.fun:,1
:osidesu@.:,1
:ai_petrified_misskeyio@misskey.io:,1
:blob_tobusushi_bunnashi@misskey.design:,1
:ore_mo_ore_mo@misskey.io:,1
:kyoumibukai@misskey.io:,1
:suteki@misskey.design:,1
:erajan@misskey.io:,1
ğŸšš,1
:sugoihanashi@sushi.ski:,1
:s10@.:,1
:5d46_souomou@misskey.gamelore.fun:,1
â›„,1
:petthex@misskey.yukineko.me:,1
âŒ,1
âš”,1
:tanoshinde@fedibird.com:,1
:blobwani_running2@misskey.yukineko.me:,1
:yusyu@.:,1
:ohayougozaimasu@misskey.design:,1
:otukaresama@fedibird.com:,1
:ai_umai@misskey.io:,1
:kur@.:,1
:henjinotihodo@.:,1
:kumapu_cold@misskey.io:,1
:osimainoseiheki@.:,1
:ii_yume_mite_ne@misskey.io:,1
:mettya_wakaru@misskey.io:,1
:zaikogire_amazon@sushi.ski:,1
:meowcry@misskey.io:,1
:blobhyperbounce@misskey.io:,1
:ablobcat_sleepingtonton@misskey.gamelore.fun:,1
:ablobcatpnd_ofton_kake@misskey.gamelore.fun:,1
:okaeri@nijimiss.moe:,1
:elon_musk@sushi.ski:,1
:mou3jidashi_daisanjittekanji@misskey.io:,1
:daikansya@misskey.io:,1
:oyasumi_@novelskey.tarbin.net:,1
:ablobcat_zubunure@sushi.ski:,1
:iineiine@fedibird.com:,1
:blob_9ineverse_kirakira@9ineverse.com:,1
:blobangery@misskey.yukineko.me:,1
:meow_nurse@misskey.yukineko.me:,1
:naruhodo@dicekey.jp:,1
:blobmelt@sushi.ski:,1
:nuwaltu@misskey.art:,1
:kawaiii@dicekey.jp:,1
:ablobcat_dancing@prismisskey.space:,1
:seikangaroo@.:,1
:paranoia@.:,1
:eyes_fidgeting@misskey.io:,1
:tanosisou@fedibird.com:,1
:42fc_aaaa@misskey.gamelore.fun:,1
:obake_okaerinasai@misskey.gamelore.fun:,1
:shiropuyo_ittera@misskey.gamelore.fun:,1
:horoboshimashou@misskey.io:,1
:4a4b_okaeri@misskey.gamelore.fun:,1
â™Ÿ,1
:barenyasi@.:,1
ğŸ§ª,1
:misskey_loading@mk.shrimpia.network:,1
:ablobcatheadbangfastultra@sushi.ski:,1
:iiyonebomber@misskey.yukineko.me:,1
:yosugiru@misskey.yukineko.me:,1
:ouzisama@.:,1
:waimo@misskey.io:,1
:ponpon_shite_agemasyoune@nijimiss.moe:,1
:odaijini@nijimiss.moe:,1
ğŸŒª,1
:bakenokawa@.:,1
:gokigenyou@misskey.design:,1
:konna_hazudeha@.:,1
:smeeeeeeeeeshi_oyasumiyasai@misskey.gamelore.fun:,1
:soukamo@nijimiss.moe:,1
:saikyou@sushi.ski:,1
:ookisugite_marumie@sushi.ski:,1
ğŸ‘¨â€ğŸŒ¾,1
:kyukon@.:,1
ğŸŒ©,1
:nullcatchan_erai@misskey.io:,1
:resonyance@sushi.ski:,1
:zyoshitu@.:,1
:honsore_button@maniakey.com:,1
:blobhappybounce2@misskey.design:,1
:eiyou_totte@.:,1
:neyoune@mk.f72u.net:,1
:ne@misskey.io:,1
:kusya@misskey.io:,1
:suyarinko@misskey.io:,1
:meowpats@misskey.io:,1
:destroying_hisubway@submarin.online:,1
:role_bishoujo@sushi.ski:,1
:yaruyan@.:,1
:bunhdlurkaww@misskey.io:,1
ğŸµ,1
:blobzaurusudj@misskey.yukineko.me:,1
âš–,1
:sho_14neko@misskey.gamelore.fun:,1
:bigshibaspin@misskey.yukineko.me:,1
:usago_igyo@maniakey.com:,1
:kasoku@misskey.io:,1
:ablobcat9mp_call@misskey.yukineko.me:,1
ğŸ©³,1
:itiban_ii_kyoku@misskey.io:,1
ğŸ¤²,1
:zetuyuru@misskey.io:,1
:matane@.:,1
ğŸª”,1
:kawaiii@sushi.ski:,1
:kuchini_irechao@misskey.gamelore.fun:,1
ğŸƒ,1
:otsucurry@misskey.art:,1
ğŸŒ†,1
:blobcat_guide@misskey.yukineko.me:,1
:sonna_kotoaru@.:,1
ğŸ“›,1
ğŸš½,1
:dnd5e@.:,1
:utakaze@.:,1
:blobzaurusuyummy@misskey.yukineko.me:,1
:s07@.:,1
:maturi@misskey.io:,1
â™»,1
:kaidan_hakumonogatari@.:,1
:kao_ga_yosugi@misskey.io:,1
:kumapu_love@nijimiss.moe:,1
:ablobgoodnight@nijimiss.moe:,1
:zenbu_onazi_zya_naidesuka__iq@misskey.io:,1
:iihanashi@fedibird.com:,1
:okaeri@az.calmo.blue:,1
:noukan@.:,1
:hutongahuttonda@.:,1
:yapakura@.:,1
:ban@.:,1
:blobcat_nyaohatena@misskey.art:,1
:ablobcatnodveryslow@misskey.art:,1
:ablobcatpnd_dancing2@fedibird.com:,1
:tamaran@fedibird.com:,1
:blobcat_koshimoto@misskey.gamelore.fun:,1
:murakamisan_tutinoko_utiwa_fast@misskey.io:,1
:blobcat_basket@misskey.yukineko.me:,1
:ablobsmile@misskey.io:,1
:honzitu_no_igyo@misskey.io:,1
:kekkonwounagasu@nijimiss.moe:,1
:blobcat_black_dance@misskey.gamelore.fun:,1
:sangatsu_tsuitachi_de_gozaimasu@misskey.io:,1
ğŸ”µ,1
:nete@misskey.io:,1
:tenshi@.:,1
:ablobbonetremble@fedibird.com:,1
:blobcat_alien_spa_min@misskey.yukineko.me:,1
:kisyou_kanryou@misskey.io:,1
:scene7@.:,1
:otsukarematsuri@misskey.design:,1
:sonnaa@misskey.io:,1
:mazika@misskey.io:,1
ğŸ,1
:souiu_kotomo_aru@misskey.io:,1
ğŸ‡ªğŸ‡¬,1
:totemo_erai@fedibird.com:,1
:sasuga@misskey.io:,1
:igyo2@misskey.resonite.love:,1
:murakamisan_tutinoko_utiwa@misskey.io:,1
:tank@.:,1
:5000t_3@.:,1
:syunkasyuutou@.:,1
:kaimasu@.:,1
:sugokusugoi@misskey.design:,1
â”,1
:sigoowa@.:,1
:gojiai@fedibird.com:,1
:kaiketsu@.:,1
ğŸŒµ,1
:iizo@misskey.design:,1
:mazu_huku_wo_nugi_masu@misskey.io:,1
â›°,1
ğŸ©²,1
:ohachige@tigeskey.tarbin.net:,1
:meow_sushiikura@misskey.io:,1
:iroiro_aru@misskey.io:,1
ğŸª£,1
:juin@.:,1
:comes@.:,1
:ore_mo@sushi.ski:,1
:joubutsushite_clemence@misskey.io:,1
ğŸ†,1
:yabaidesuwa@misskey.io:,1
ğŸ«•,1
:5000t_4@.:,1
:haiirojo_kitan@.:,1
:blomon@.:,1
:mayokin@.:,1
:5000t_8@.:,1
:akugyo@sushi.ski:,1
:meow_trash@misskey.io:,1
ğŸ¦­,1
:blob_cat_hi@misskey.design:,1
:team_parrot@nijimiss.moe:,1
:sugoi2@misskey.io:,1
:meow_comfypuffy@dicekey.jp:,1
:s12@.:,1
:system_osiete@.:,1
:puha@.:,1
:yasai_kakete_agemasyoune@misskey.io:,1
:niyaniya_sakananoonigiri@submarin.online:,1
:ablobcatnodhyper@fedibird.com:,1
ğŸ«›,1
:8163_meltu@misskey.gamelore.fun:,1
ğŸ§¦,1
:panda_ofuton@fedibird.com:,1
:7568_futon_kakekake@misskey.gamelore.fun:,1
:5000chouen_hoshii@misskey.io:,1
:iine_iine@misskey.io:,1
:cool_doggo@misskey.io:,1
:siawase@.:,1
:mataasobo@.:,1
:kakkoii@misskey.io:,1
:5000t_excl@.:,1
:blobcatpolicepeek@misskey.io:,1
:iikotoitta@.:,1
:konsyuu_mo_otukaresama_desu@misskey.io:,1
